company_id,ticker,year,document_type,query,google_url,official_site_query
vnm,VNM,2021,annual,"""VNM"" ""báo cáo thường niên"" 2021 filetype:pdf",https://www.google.com/search?q=%22VNM%22+%22b%C3%A1o+c%C3%A1o+th%C6%B0%E1%BB%9Dng+ni%C3%AAn%22+2021+filetype%3Apdf,https://www.google.com/search?q=site%3Avinamilk.com.vn+%22VNM%22+%22b%C3%A1o+c%C3%A1o+th%C6%B0%E1%BB%9Dng+ni%C3%AAn%22+2021+filetype%3Apdf
vnm,VNM,2021,sustainability,"""VNM"" ""báo cáo phát triển bền vững ESG"" 2021 filetype:pdf",https://www.google.com/search?q=%22VNM%22+%22b%C3%A1o+c%C3%A1o+ph%C3%A1t+tri%E1%BB%83n+b%E1%BB%81n+v%E1%BB%AFng+ESG%22+2021+filetype%3Apdf,https://www.google.com/search?q=site%3Avinamilk.com.vn+%22VNM%22+%22b%C3%A1o+c%C3%A1o+ph%C3%A1t+tri%E1%BB%83n+b%E1%BB%81n+v%E1%BB%AFng+ESG%22+2021+filetype%3Apdf
vnm,VNM,2021,financial,"""VNM"" ""báo cáo tài chính năm kiểm toán hợp nhất"" 2021 filetype:pdf",https://www.google.com/search?q=%22VNM%22+%22b%C3%A1o+c%C3%A1o+t%C3%A0i+ch%C3%ADnh+n%C4%83m+ki%E1%BB%83m+to%C3%A1n+h%E1%BB%A3p+nh%E1%BA%A5t%22+2021+filetype%3Apdf,https://www.google.com/search?q=site%3Avinamilk.com.vn+%22VNM%22+%22b%C3%A1o+c%C3%A1o+t%C3%A0i+ch%C3%ADnh+n%C4%83m+ki%E1%BB%83m+to%C3%A1n+h%E1%BB%A3p+nh%E1%BA%A5t%22+2021+filetype%3Apdf
vnm,VNM,2021,governance,"""VNM"" ""báo cáo tình hình quản trị công ty cả năm"" 2021 filetype:pdf",https://www.google.com/search?q=%22VNM%22+%22b%C3%A1o+c%C3%A1o+t%C3%ACnh+h%C3%ACnh+qu%E1%BA%A3n+tr%E1%BB%8B+c%C3%B4ng+ty+c%E1%BA%A3+n%C4%83m%22+2021+filetype%3Apdf,https://www.google.com/search?q=site%3Avinamilk.com.vn+%22VNM%22+%22b%C3%A1o+c%C3%A1o+t%C3%ACnh+h%C3%ACnh+qu%E1%BA%A3n+tr%E1%BB%8B+c%C3%B4ng+ty+c%E1%BA%A3+n%C4%83m%22+2021+filetype%3Apdf
vnm,VNM,2021,environmental,"""VNM"" ""giấy phép môi trường quan trắc xử phạt môi trường"" 2021 filetype:pdf",https://www.google.com/search?q=%22VNM%22+%22gi%E1%BA%A5y+ph%C3%A9p+m%C3%B4i+tr%C6%B0%E1%BB%9Dng+quan+tr%E1%BA%AFc+x%E1%BB%AD+ph%E1%BA%A1t+m%C3%B4i+tr%C6%B0%E1%BB%9Dng%22+2021+filetype%3Apdf,https://www.google.com/search?q=site%3Avinamilk.com.vn+%22VNM%22+%22gi%E1%BA%A5y+ph%C3%A9p+m%C3%B4i+tr%C6%B0%E1%BB%9Dng+quan+tr%E1%BA%AFc+x%E1%BB%AD+ph%E1%BA%A1t+m%C3%B4i+tr%C6%B0%E1%BB%9Dng%22+2021+filetype%3Apdf
vnm,VNM,2022,annual,"""VNM"" ""báo cáo thường niên"" 2022 filetype:pdf",https://www.google.com/search?q=%22VNM%22+%22b%C3%A1o+c%C3%A1o+th%C6%B0%E1%BB%9Dng+ni%C3%AAn%22+2022+filetype%3Apdf,https://www.google.com/search?q=site%3Avinamilk.com.vn+%22VNM%22+%22b%C3%A1o+c%C3%A1o+th%C6%B0%E1%BB%9Dng+ni%C3%AAn%22+2022+filetype%3Apdf
vnm,VNM,2022,sustainability,"""VNM"" ""báo cáo phát triển bền vững ESG"" 2022 filetype:pdf",https://www.google.com/search?q=%22VNM%22+%22b%C3%A1o+c%C3%A1o+ph%C3%A1t+tri%E1%BB%83n+b%E1%BB%81n+v%E1%BB%AFng+ESG%22+2022+filetype%3Apdf,https://www.google.com/search?q=site%3Avinamilk.com.vn+%22VNM%22+%22b%C3%A1o+c%C3%A1o+ph%C3%A1t+tri%E1%BB%83n+b%E1%BB%81n+v%E1%BB%AFng+ESG%22+2022+filetype%3Apdf
vnm,VNM,2022,financial,"""VNM"" ""báo cáo tài chính năm kiểm toán hợp nhất"" 2022 filetype:pdf",https://www.google.com/search?q=%22VNM%22+%22b%C3%A1o+c%C3%A1o+t%C3%A0i+ch%C3%ADnh+n%C4%83m+ki%E1%BB%83m+to%C3%A1n+h%E1%BB%A3p+nh%E1%BA%A5t%22+2022+filetype%3Apdf,https://www.google.com/search?q=site%3Avinamilk.com.vn+%22VNM%22+%22b%C3%A1o+c%C3%A1o+t%C3%A0i+ch%C3%ADnh+n%C4%83m+ki%E1%BB%83m+to%C3%A1n+h%E1%BB%A3p+nh%E1%BA%A5t%22+2022+filetype%3Apdf
vnm,VNM,2022,governance,"""VNM"" ""báo cáo tình hình quản trị công ty cả năm"" 2022 filetype:pdf",https://www.google.com/search?q=%22VNM%22+%22b%C3%A1o+c%C3%A1o+t%C3%ACnh+h%C3%ACnh+qu%E1%BA%A3n+tr%E1%BB%8B+c%C3%B4ng+ty+c%E1%BA%A3+n%C4%83m%22+2022+filetype%3Apdf,https://www.google.com/search?q=site%3Avinamilk.com.vn+%22VNM%22+%22b%C3%A1o+c%C3%A1o+t%C3%ACnh+h%C3%ACnh+qu%E1%BA%A3n+tr%E1%BB%8B+c%C3%B4ng+ty+c%E1%BA%A3+n%C4%83m%22+2022+filetype%3Apdf
vnm,VNM,2022,environmental,"""VNM"" ""giấy phép môi trường quan trắc xử phạt môi trường"" 2022 filetype:pdf",https://www.google.com/search?q=%22VNM%22+%22gi%E1%BA%A5y+ph%C3%A9p+m%C3%B4i+tr%C6%B0%E1%BB%9Dng+quan+tr%E1%BA%AFc+x%E1%BB%AD+ph%E1%BA%A1t+m%C3%B4i+tr%C6%B0%E1%BB%9Dng%22+2022+filetype%3Apdf,https://www.google.com/search?q=site%3Avinamilk.com.vn+%22VNM%22+%22gi%E1%BA%A5y+ph%C3%A9p+m%C3%B4i+tr%C6%B0%E1%BB%9Dng+quan+tr%E1%BA%AFc+x%E1%BB%AD+ph%E1%BA%A1t+m%C3%B4i+tr%C6%B0%E1%BB%9Dng%22+2022+filetype%3Apdf
vnm,VNM,2023,annual,"""VNM"" ""báo cáo thường niên"" 2023 filetype:pdf",https://www.google.com/search?q=%22VNM%22+%22b%C3%A1o+c%C3%A1o+th%C6%B0%E1%BB%9Dng+ni%C3%AAn%22+2023+filetype%3Apdf,https://www.google.com/search?q=site%3Avinamilk.com.vn+%22VNM%22+%22b%C3%A1o+c%C3%A1o+th%C6%B0%E1%BB%9Dng+ni%C3%AAn%22+2023+filetype%3Apdf
vnm,VNM,2023,sustainability,"""VNM"" ""báo cáo phát triển bền vững ESG"" 2023 filetype:pdf",https://www.google.com/search?q=%22VNM%22+%22b%C3%A1o+c%C3%A1o+ph%C3%A1t+tri%E1%BB%83n+b%E1%BB%81n+v%E1%BB%AFng+ESG%22+2023+filetype%3Apdf,https://www.google.com/search?q=site%3Avinamilk.com.vn+%22VNM%22+%22b%C3%A1o+c%C3%A1o+ph%C3%A1t+tri%E1%BB%83n+b%E1%BB%81n+v%E1%BB%AFng+ESG%22+2023+filetype%3Apdf
vnm,VNM,2023,financial,"""VNM"" ""báo cáo tài chính năm kiểm toán hợp nhất"" 2023 filetype:pdf",https://www.google.com/search?q=%22VNM%22+%22b%C3%A1o+c%C3%A1o+t%C3%A0i+ch%C3%ADnh+n%C4%83m+ki%E1%BB%83m+to%C3%A1n+h%E1%BB%A3p+nh%E1%BA%A5t%22+2023+filetype%3Apdf,https://www.google.com/search?q=site%3Avinamilk.com.vn+%22VNM%22+%22b%C3%A1o+c%C3%A1o+t%C3%A0i+ch%C3%ADnh+n%C4%83m+ki%E1%BB%83m+to%C3%A1n+h%E1%BB%A3p+nh%E1%BA%A5t%22+2023+filetype%3Apdf
vnm,VNM,2023,governance,"""VNM"" ""báo cáo tình hình quản trị công ty cả năm"" 2023 filetype:pdf",https://www.google.com/search?q=%22VNM%22+%22b%C3%A1o+c%C3%A1o+t%C3%ACnh+h%C3%ACnh+qu%E1%BA%A3n+tr%E1%BB%8B+c%C3%B4ng+ty+c%E1%BA%A3+n%C4%83m%22+2023+filetype%3Apdf,https://www.google.com/search?q=site%3Avinamilk.com.vn+%22VNM%22+%22b%C3%A1o+c%C3%A1o+t%C3%ACnh+h%C3%ACnh+qu%E1%BA%A3n+tr%E1%BB%8B+c%C3%B4ng+ty+c%E1%BA%A3+n%C4%83m%22+2023+filetype%3Apdf
vnm,VNM,2023,environmental,"""VNM"" ""giấy phép môi trường quan trắc xử phạt môi trường"" 2023 filetype:pdf",https://www.google.com/search?q=%22VNM%22+%22gi%E1%BA%A5y+ph%C3%A9p+m%C3%B4i+tr%C6%B0%E1%BB%9Dng+quan+tr%E1%BA%AFc+x%E1%BB%AD+ph%E1%BA%A1t+m%C3%B4i+tr%C6%B0%E1%BB%9Dng%22+2023+filetype%3Apdf,https://www.google.com/search?q=site%3Avinamilk.com.vn+%22VNM%22+%22gi%E1%BA%A5y+ph%C3%A9p+m%C3%B4i+tr%C6%B0%E1%BB%9Dng+quan+tr%E1%BA%AFc+x%E1%BB%AD+ph%E1%BA%A1t+m%C3%B4i+tr%C6%B0%E1%BB%9Dng%22+2023+filetype%3Apdf
vnm,VNM,2024,annual,"""VNM"" ""báo cáo thường niên"" 2024 filetype:pdf",https://www.google.com/search?q=%22VNM%22+%22b%C3%A1o+c%C3%A1o+th%C6%B0%E1%BB%9Dng+ni%C3%AAn%22+2024+filetype%3Apdf,https://www.google.com/search?q=site%3Avinamilk.com.vn+%22VNM%22+%22b%C3%A1o+c%C3%A1o+th%C6%B0%E1%BB%9Dng+ni%C3%AAn%22+2024+filetype%3Apdf
vnm,VNM,2024,sustainability,"""VNM"" ""báo cáo phát triển bền vững ESG"" 2024 filetype:pdf",https://www.google.com/search?q=%22VNM%22+%22b%C3%A1o+c%C3%A1o+ph%C3%A1t+tri%E1%BB%83n+b%E1%BB%81n+v%E1%BB%AFng+ESG%22+2024+filetype%3Apdf,https://www.google.com/search?q=site%3Avinamilk.com.vn+%22VNM%22+%22b%C3%A1o+c%C3%A1o+ph%C3%A1t+tri%E1%BB%83n+b%E1%BB%81n+v%E1%BB%AFng+ESG%22+2024+filetype%3Apdf
vnm,VNM,2024,financial,"""VNM"" ""báo cáo tài chính năm kiểm toán hợp nhất"" 2024 filetype:pdf",https://www.google.com/search?q=%22VNM%22+%22b%C3%A1o+c%C3%A1o+t%C3%A0i+ch%C3%ADnh+n%C4%83m+ki%E1%BB%83m+to%C3%A1n+h%E1%BB%A3p+nh%E1%BA%A5t%22+2024+filetype%3Apdf,https://www.google.com/search?q=site%3Avinamilk.com.vn+%22VNM%22+%22b%C3%A1o+c%C3%A1o+t%C3%A0i+ch%C3%ADnh+n%C4%83m+ki%E1%BB%83m+to%C3%A1n+h%E1%BB%A3p+nh%E1%BA%A5t%22+2024+filetype%3Apdf
vnm,VNM,2024,governance,"""VNM"" ""báo cáo tình hình quản trị công ty cả năm"" 2024 filetype:pdf",https://www.google.com/search?q=%22VNM%22+%22b%C3%A1o+c%C3%A1o+t%C3%ACnh+h%C3%ACnh+qu%E1%BA%A3n+tr%E1%BB%8B+c%C3%B4ng+ty+c%E1%BA%A3+n%C4%83m%22+2024+filetype%3Apdf,https://www.google.com/search?q=site%3Avinamilk.com.vn+%22VNM%22+%22b%C3%A1o+c%C3%A1o+t%C3%ACnh+h%C3%ACnh+qu%E1%BA%A3n+tr%E1%BB%8B+c%C3%B4ng+ty+c%E1%BA%A3+n%C4%83m%22+2024+filetype%3Apdf
vnm,VNM,2024,environmental,"""VNM"" ""giấy phép môi trường quan trắc xử phạt môi trường"" 2024 filetype:pdf",https://www.google.com/search?q=%22VNM%22+%22gi%E1%BA%A5y+ph%C3%A9p+m%C3%B4i+tr%C6%B0%E1%BB%9Dng+quan+tr%E1%BA%AFc+x%E1%BB%AD+ph%E1%BA%A1t+m%C3%B4i+tr%C6%B0%E1%BB%9Dng%22+2024+filetype%3Apdf,https://www.google.com/search?q=site%3Avinamilk.com.vn+%22VNM%22+%22gi%E1%BA%A5y+ph%C3%A9p+m%C3%B4i+tr%C6%B0%E1%BB%9Dng+quan+tr%E1%BA%AFc+x%E1%BB%AD+ph%E1%BA%A1t+m%C3%B4i+tr%C6%B0%E1%BB%9Dng%22+2024+filetype%3Apdf
vnm,VNM,2025,annual,"""VNM"" ""báo cáo thường niên"" 2025 filetype:pdf",https://www.google.com/search?q=%22VNM%22+%22b%C3%A1o+c%C3%A1o+th%C6%B0%E1%BB%9Dng+ni%C3%AAn%22+2025+filetype%3Apdf,https://www.google.com/search?q=site%3Avinamilk.com.vn+%22VNM%22+%22b%C3%A1o+c%C3%A1o+th%C6%B0%E1%BB%9Dng+ni%C3%AAn%22+2025+filetype%3Apdf
vnm,VNM,2025,sustainability,"""VNM"" ""báo cáo phát triển bền vững ESG"" 2025 filetype:pdf",https://www.google.com/search?q=%22VNM%22+%22b%C3%A1o+c%C3%A1o+ph%C3%A1t+tri%E1%BB%83n+b%E1%BB%81n+v%E1%BB%AFng+ESG%22+2025+filetype%3Apdf,https://www.google.com/search?q=site%3Avinamilk.com.vn+%22VNM%22+%22b%C3%A1o+c%C3%A1o+ph%C3%A1t+tri%E1%BB%83n+b%E1%BB%81n+v%E1%BB%AFng+ESG%22+2025+filetype%3Apdf
vnm,VNM,2025,financial,"""VNM"" ""báo cáo tài chính năm kiểm toán hợp nhất"" 2025 filetype:pdf",https://www.google.com/search?q=%22VNM%22+%22b%C3%A1o+c%C3%A1o+t%C3%A0i+ch%C3%ADnh+n%C4%83m+ki%E1%BB%83m+to%C3%A1n+h%E1%BB%A3p+nh%E1%BA%A5t%22+2025+filetype%3Apdf,https://www.google.com/search?q=site%3Avinamilk.com.vn+%22VNM%22+%22b%C3%A1o+c%C3%A1o+t%C3%A0i+ch%C3%ADnh+n%C4%83m+ki%E1%BB%83m+to%C3%A1n+h%E1%BB%A3p+nh%E1%BA%A5t%22+2025+filetype%3Apdf
vnm,VNM,2025,governance,"""VNM"" ""báo cáo tình hình quản trị công ty cả năm"" 2025 filetype:pdf",https://www.google.com/search?q=%22VNM%22+%22b%C3%A1o+c%C3%A1o+t%C3%ACnh+h%C3%ACnh+qu%E1%BA%A3n+tr%E1%BB%8B+c%C3%B4ng+ty+c%E1%BA%A3+n%C4%83m%22+2025+filetype%3Apdf,https://www.google.com/search?q=site%3Avinamilk.com.vn+%22VNM%22+%22b%C3%A1o+c%C3%A1o+t%C3%ACnh+h%C3%ACnh+qu%E1%BA%A3n+tr%E1%BB%8B+c%C3%B4ng+ty+c%E1%BA%A3+n%C4%83m%22+2025+filetype%3Apdf
vnm,VNM,2025,environmental,"""VNM"" ""giấy phép môi trường quan trắc xử phạt môi trường"" 2025 filetype:pdf",https://www.google.com/search?q=%22VNM%22+%22gi%E1%BA%A5y+ph%C3%A9p+m%C3%B4i+tr%C6%B0%E1%BB%9Dng+quan+tr%E1%BA%AFc+x%E1%BB%AD+ph%E1%BA%A1t+m%C3%B4i+tr%C6%B0%E1%BB%9Dng%22+2025+filetype%3Apdf,https://www.google.com/search?q=site%3Avinamilk.com.vn+%22VNM%22+%22gi%E1%BA%A5y+ph%C3%A9p+m%C3%B4i+tr%C6%B0%E1%BB%9Dng+quan+tr%E1%BA%AFc+x%E1%BB%AD+ph%E1%BA%A1t+m%C3%B4i+tr%C6%B0%E1%BB%9Dng%22+2025+filetype%3Apdf
pnj,PNJ,2021,annual,"""PNJ"" ""báo cáo thường niên"" 2021 filetype:pdf",https://www.google.com/search?q=%22PNJ%22+%22b%C3%A1o+c%C3%A1o+th%C6%B0%E1%BB%9Dng+ni%C3%AAn%22+2021+filetype%3Apdf,https://www.google.com/search?q=site%3Apnj.com.vn+%22PNJ%22+%22b%C3%A1o+c%C3%A1o+th%C6%B0%E1%BB%9Dng+ni%C3%AAn%22+2021+filetype%3Apdf
pnj,PNJ,2021,sustainability,"""PNJ"" ""báo cáo phát triển bền vững ESG"" 2021 filetype:pdf",https://www.google.com/search?q=%22PNJ%22+%22b%C3%A1o+c%C3%A1o+ph%C3%A1t+tri%E1%BB%83n+b%E1%BB%81n+v%E1%BB%AFng+ESG%22+2021+filetype%3Apdf,https://www.google.com/search?q=site%3Apnj.com.vn+%22PNJ%22+%22b%C3%A1o+c%C3%A1o+ph%C3%A1t+tri%E1%BB%83n+b%E1%BB%81n+v%E1%BB%AFng+ESG%22+2021+filetype%3Apdf
pnj,PNJ,2021,financial,"""PNJ"" ""báo cáo tài chính năm kiểm toán hợp nhất"" 2021 filetype:pdf",https://www.google.com/search?q=%22PNJ%22+%22b%C3%A1o+c%C3%A1o+t%C3%A0i+ch%C3%ADnh+n%C4%83m+ki%E1%BB%83m+to%C3%A1n+h%E1%BB%A3p+nh%E1%BA%A5t%22+2021+filetype%3Apdf,https://www.google.com/search?q=site%3Apnj.com.vn+%22PNJ%22+%22b%C3%A1o+c%C3%A1o+t%C3%A0i+ch%C3%ADnh+n%C4%83m+ki%E1%BB%83m+to%C3%A1n+h%E1%BB%A3p+nh%E1%BA%A5t%22+2021+filetype%3Apdf
pnj,PNJ,2021,governance,"""PNJ"" ""báo cáo tình hình quản trị công ty cả năm"" 2021 filetype:pdf",https://www.google.com/search?q=%22PNJ%22+%22b%C3%A1o+c%C3%A1o+t%C3%ACnh+h%C3%ACnh+qu%E1%BA%A3n+tr%E1%BB%8B+c%C3%B4ng+ty+c%E1%BA%A3+n%C4%83m%22+2021+filetype%3Apdf,https://www.google.com/search?q=site%3Apnj.com.vn+%22PNJ%22+%22b%C3%A1o+c%C3%A1o+t%C3%ACnh+h%C3%ACnh+qu%E1%BA%A3n+tr%E1%BB%8B+c%C3%B4ng+ty+c%E1%BA%A3+n%C4%83m%22+2021+filetype%3Apdf
pnj,PNJ,2021,environmental,"""PNJ"" ""giấy phép môi trường quan trắc xử phạt môi trường"" 2021 filetype:pdf",https://www.google.com/search?q=%22PNJ%22+%22gi%E1%BA%A5y+ph%C3%A9p+m%C3%B4i+tr%C6%B0%E1%BB%9Dng+quan+tr%E1%BA%AFc+x%E1%BB%AD+ph%E1%BA%A1t+m%C3%B4i+tr%C6%B0%E1%BB%9Dng%22+2021+filetype%3Apdf,https://www.google.com/search?q=site%3Apnj.com.vn+%22PNJ%22+%22gi%E1%BA%A5y+ph%C3%A9p+m%C3%B4i+tr%C6%B0%E1%BB%9Dng+quan+tr%E1%BA%AFc+x%E1%BB%AD+ph%E1%BA%A1t+m%C3%B4i+tr%C6%B0%E1%BB%9Dng%22+2021+filetype%3Apdf
pnj,PNJ,2022,annual,"""PNJ"" ""báo cáo thường niên"" 2022 filetype:pdf",https://www.google.com/search?q=%22PNJ%22+%22b%C3%A1o+c%C3%A1o+th%C6%B0%E1%BB%9Dng+ni%C3%AAn%22+2022+filetype%3Apdf,https://www.google.com/search?q=site%3Apnj.com.vn+%22PNJ%22+%22b%C3%A1o+c%C3%A1o+th%C6%B0%E1%BB%9Dng+ni%C3%AAn%22+2022+filetype%3Apdf
pnj,PNJ,2022,sustainability,"""PNJ"" ""báo cáo phát triển bền vững ESG"" 2022 filetype:pdf",https://www.google.com/search?q=%22PNJ%22+%22b%C3%A1o+c%C3%A1o+ph%C3%A1t+tri%E1%BB%83n+b%E1%BB%81n+v%E1%BB%AFng+ESG%22+2022+filetype%3Apdf,https://www.google.com/search?q=site%3Apnj.com.vn+%22PNJ%22+%22b%C3%A1o+c%C3%A1o+ph%C3%A1t+tri%E1%BB%83n+b%E1%BB%81n+v%E1%BB%AFng+ESG%22+2022+filetype%3Apdf
pnj,PNJ,2022,financial,"""PNJ"" ""báo cáo tài chính năm kiểm toán hợp nhất"" 2022 filetype:pdf",https://www.google.com/search?q=%22PNJ%22+%22b%C3%A1o+c%C3%A1o+t%C3%A0i+ch%C3%ADnh+n%C4%83m+ki%E1%BB%83m+to%C3%A1n+h%E1%BB%A3p+nh%E1%BA%A5t%22+2022+filetype%3Apdf,https://www.google.com/search?q=site%3Apnj.com.vn+%22PNJ%22+%22b%C3%A1o+c%C3%A1o+t%C3%A0i+ch%C3%ADnh+n%C4%83m+ki%E1%BB%83m+to%C3%A1n+h%E1%BB%A3p+nh%E1%BA%A5t%22+2022+filetype%3Apdf
pnj,PNJ,2022,governance,"""PNJ"" ""báo cáo tình hình quản trị công ty cả năm"" 2022 filetype:pdf",https://www.google.com/search?q=%22PNJ%22+%22b%C3%A1o+c%C3%A1o+t%C3%ACnh+h%C3%ACnh+qu%E1%BA%A3n+tr%E1%BB%8B+c%C3%B4ng+ty+c%E1%BA%A3+n%C4%83m%22+2022+filetype%3Apdf,https://www.google.com/search?q=site%3Apnj.com.vn+%22PNJ%22+%22b%C3%A1o+c%C3%A1o+t%C3%ACnh+h%C3%ACnh+qu%E1%BA%A3n+tr%E1%BB%8B+c%C3%B4ng+ty+c%E1%BA%A3+n%C4%83m%22+2022+filetype%3Apdf
pnj,PNJ,2022,environmental,"""PNJ"" ""giấy phép môi trường quan trắc xử phạt môi trường"" 2022 filetype:pdf",https://www.google.com/search?q=%22PNJ%22+%22gi%E1%BA%A5y+ph%C3%A9p+m%C3%B4i+tr%C6%B0%E1%BB%9Dng+quan+tr%E1%BA%AFc+x%E1%BB%AD+ph%E1%BA%A1t+m%C3%B4i+tr%C6%B0%E1%BB%9Dng%22+2022+filetype%3Apdf,https://www.google.com/search?q=site%3Apnj.com.vn+%22PNJ%22+%22gi%E1%BA%A5y+ph%C3%A9p+m%C3%B4i+tr%C6%B0%E1%BB%9Dng+quan+tr%E1%BA%AFc+x%E1%BB%AD+ph%E1%BA%A1t+m%C3%B4i+tr%C6%B0%E1%BB%9Dng%22+2022+filetype%3Apdf
pnj,PNJ,2023,annual,"""PNJ"" ""báo cáo thường niên"" 2023 filetype:pdf",https://www.google.com/search?q=%22PNJ%22+%22b%C3%A1o+c%C3%A1o+th%C6%B0%E1%BB%9Dng+ni%C3%AAn%22+2023+filetype%3Apdf,https://www.google.com/search?q=site%3Apnj.com.vn+%22PNJ%22+%22b%C3%A1o+c%C3%A1o+th%C6%B0%E1%BB%9Dng+ni%C3%AAn%22+2023+filetype%3Apdf
pnj,PNJ,2023,sustainability,"""PNJ"" ""báo cáo phát triển bền vững ESG"" 2023 filetype:pdf",https://www.google.com/search?q=%22PNJ%22+%22b%C3%A1o+c%C3%A1o+ph%C3%A1t+tri%E1%BB%83n+b%E1%BB%81n+v%E1%BB%AFng+ESG%22+2023+filetype%3Apdf,https://www.google.com/search?q=site%3Apnj.com.vn+%22PNJ%22+%22b%C3%A1o+c%C3%A1o+ph%C3%A1t+tri%E1%BB%83n+b%E1%BB%81n+v%E1%BB%AFng+ESG%22+2023+filetype%3Apdf
pnj,PNJ,2023,financial,"""PNJ"" ""báo cáo tài chính năm kiểm toán hợp nhất"" 2023 filetype:pdf",https://www.google.com/search?q=%22PNJ%22+%22b%C3%A1o+c%C3%A1o+t%C3%A0i+ch%C3%ADnh+n%C4%83m+ki%E1%BB%83m+to%C3%A1n+h%E1%BB%A3p+nh%E1%BA%A5t%22+2023+filetype%3Apdf,https://www.google.com/search?q=site%3Apnj.com.vn+%22PNJ%22+%22b%C3%A1o+c%C3%A1o+t%C3%A0i+ch%C3%ADnh+n%C4%83m+ki%E1%BB%83m+to%C3%A1n+h%E1%BB%A3p+nh%E1%BA%A5t%22+2023+filetype%3Apdf
pnj,PNJ,2023,governance,"""PNJ"" ""báo cáo tình hình quản trị công ty cả năm"" 2023 filetype:pdf",https://www.google.com/search?q=%22PNJ%22+%22b%C3%A1o+c%C3%A1o+t%C3%ACnh+h%C3%ACnh+qu%E1%BA%A3n+tr%E1%BB%8B+c%C3%B4ng+ty+c%E1%BA%A3+n%C4%83m%22+2023+filetype%3Apdf,https://www.google.com/search?q=site%3Apnj.com.vn+%22PNJ%22+%22b%C3%A1o+c%C3%A1o+t%C3%ACnh+h%C3%ACnh+qu%E1%BA%A3n+tr%E1%BB%8B+c%C3%B4ng+ty+c%E1%BA%A3+n%C4%83m%22+2023+filetype%3Apdf
pnj,PNJ,2023,environmental,"""PNJ"" ""giấy phép môi trường quan trắc xử phạt môi trường"" 2023 filetype:pdf",https://www.google.com/search?q=%22PNJ%22+%22gi%E1%BA%A5y+ph%C3%A9p+m%C3%B4i+tr%C6%B0%E1%BB%9Dng+quan+tr%E1%BA%AFc+x%E1%BB%AD+ph%E1%BA%A1t+m%C3%B4i+tr%C6%B0%E1%BB%9Dng%22+2023+filetype%3Apdf,https://www.google.com/search?q=site%3Apnj.com.vn+%22PNJ%22+%22gi%E1%BA%A5y+ph%C3%A9p+m%C3%B4i+tr%C6%B0%E1%BB%9Dng+quan+tr%E1%BA%AFc+x%E1%BB%AD+ph%E1%BA%A1t+m%C3%B4i+tr%C6%B0%E1%BB%9Dng%22+2023+filetype%3Apdf
pnj,PNJ,2024,annual,"""PNJ"" ""báo cáo thường niên"" 2024 filetype:pdf",https://www.google.com/search?q=%22PNJ%22+%22b%C3%A1o+c%C3%A1o+th%C6%B0%E1%BB%9Dng+ni%C3%AAn%22+2024+filetype%3Apdf,https://www.google.com/search?q=site%3Apnj.com.vn+%22PNJ%22+%22b%C3%A1o+c%C3%A1o+th%C6%B0%E1%BB%9Dng+ni%C3%AAn%22+2024+filetype%3Apdf
pnj,PNJ,2024,sustainability,"""PNJ"" ""báo cáo phát triển bền vững ESG"" 2024 filetype:pdf",https://www.google.com/search?q=%22PNJ%22+%22b%C3%A1o+c%C3%A1o+ph%C3%A1t+tri%E1%BB%83n+b%E1%BB%81n+v%E1%BB%AFng+ESG%22+2024+filetype%3Apdf,https://www.google.com/search?q=site%3Apnj.com.vn+%22PNJ%22+%22b%C3%A1o+c%C3%A1o+ph%C3%A1t+tri%E1%BB%83n+b%E1%BB%81n+v%E1%BB%AFng+ESG%22+2024+filetype%3Apdf
pnj,PNJ,2024,financial,"""PNJ"" ""báo cáo tài chính năm kiểm toán hợp nhất"" 2024 filetype:pdf",https://www.google.com/search?q=%22PNJ%22+%22b%C3%A1o+c%C3%A1o+t%C3%A0i+ch%C3%ADnh+n%C4%83m+ki%E1%BB%83m+to%C3%A1n+h%E1%BB%A3p+nh%E1%BA%A5t%22+2024+filetype%3Apdf,https://www.google.com/search?q=site%3Apnj.com.vn+%22PNJ%22+%22b%C3%A1o+c%C3%A1o+t%C3%A0i+ch%C3%ADnh+n%C4%83m+ki%E1%BB%83m+to%C3%A1n+h%E1%BB%A3p+nh%E1%BA%A5t%22+2024+filetype%3Apdf
pnj,PNJ,2024,governance,"""PNJ"" ""báo cáo tình hình quản trị công ty cả năm"" 2024 filetype:pdf",https://www.google.com/search?q=%22PNJ%22+%22b%C3%A1o+c%C3%A1o+t%C3%ACnh+h%C3%ACnh+qu%E1%BA%A3n+tr%E1%BB%8B+c%C3%B4ng+ty+c%E1%BA%A3+n%C4%83m%22+2024+filetype%3Apdf,https://www.google.com/search?q=site%3Apnj.com.vn+%22PNJ%22+%22b%C3%A1o+c%C3%A1o+t%C3%ACnh+h%C3%ACnh+qu%E1%BA%A3n+tr%E1%BB%8B+c%C3%B4ng+ty+c%E1%BA%A3+n%C4%83m%22+2024+filetype%3Apdf
pnj,PNJ,2024,environmental,"""PNJ"" ""giấy phép môi trường quan trắc xử phạt môi trường"" 2024 filetype:pdf",https://www.google.com/search?q=%22PNJ%22+%22gi%E1%BA%A5y+ph%C3%A9p+m%C3%B4i+tr%C6%B0%E1%BB%9Dng+quan+tr%E1%BA%AFc+x%E1%BB%AD+ph%E1%BA%A1t+m%C3%B4i+tr%C6%B0%E1%BB%9Dng%22+2024+filetype%3Apdf,https://www.google.com/search?q=site%3Apnj.com.vn+%22PNJ%22+%22gi%E1%BA%A5y+ph%C3%A9p+m%C3%B4i+tr%C6%B0%E1%BB%9Dng+quan+tr%E1%BA%AFc+x%E1%BB%AD+ph%E1%BA%A1t+m%C3%B4i+tr%C6%B0%E1%BB%9Dng%22+2024+filetype%3Apdf
pnj,PNJ,2025,annual,"""PNJ"" ""báo cáo thường niên"" 2025 filetype:pdf",https://www.google.com/search?q=%22PNJ%22+%22b%C3%A1o+c%C3%A1o+th%C6%B0%E1%BB%9Dng+ni%C3%AAn%22+2025+filetype%3Apdf,https://www.google.com/search?q=site%3Apnj.com.vn+%22PNJ%22+%22b%C3%A1o+c%C3%A1o+th%C6%B0%E1%BB%9Dng+ni%C3%AAn%22+2025+filetype%3Apdf
pnj,PNJ,2025,sustainability,"""PNJ"" ""báo cáo phát triển bền vững ESG"" 2025 filetype:pdf",https://www.google.com/search?q=%22PNJ%22+%22b%C3%A1o+c%C3%A1o+ph%C3%A1t+tri%E1%BB%83n+b%E1%BB%81n+v%E1%BB%AFng+ESG%22+2025+filetype%3Apdf,https://www.google.com/search?q=site%3Apnj.com.vn+%22PNJ%22+%22b%C3%A1o+c%C3%A1o+ph%C3%A1t+tri%E1%BB%83n+b%E1%BB%81n+v%E1%BB%AFng+ESG%22+2025+filetype%3Apdf
pnj,PNJ,2025,financial,"""PNJ"" ""báo cáo tài chính năm kiểm toán hợp nhất"" 2025 filetype:pdf",https://www.google.com/search?q=%22PNJ%22+%22b%C3%A1o+c%C3%A1o+t%C3%A0i+ch%C3%ADnh+n%C4%83m+ki%E1%BB%83m+to%C3%A1n+h%E1%BB%A3p+nh%E1%BA%A5t%22+2025+filetype%3Apdf,https://www.google.com/search?q=site%3Apnj.com.vn+%22PNJ%22+%22b%C3%A1o+c%C3%A1o+t%C3%A0i+ch%C3%ADnh+n%C4%83m+ki%E1%BB%83m+to%C3%A1n+h%E1%BB%A3p+nh%E1%BA%A5t%22+2025+filetype%3Apdf
pnj,PNJ,2025,governance,"""PNJ"" ""báo cáo tình hình quản trị công ty cả năm"" 2025 filetype:pdf",https://www.google.com/search?q=%22PNJ%22+%22b%C3%A1o+c%C3%A1o+t%C3%ACnh+h%C3%ACnh+qu%E1%BA%A3n+tr%E1%BB%8B+c%C3%B4ng+ty+c%E1%BA%A3+n%C4%83m%22+2025+filetype%3Apdf,https://www.google.com/search?q=site%3Apnj.com.vn+%22PNJ%22+%22b%C3%A1o+c%C3%A1o+t%C3%ACnh+h%C3%ACnh+qu%E1%BA%A3n+tr%E1%BB%8B+c%C3%B4ng+ty+c%E1%BA%A3+n%C4%83m%22+2025+filetype%3Apdf
pnj,PNJ,2025,environmental,"""PNJ"" ""giấy phép môi trường quan trắc xử phạt môi trường"" 2025 filetype:pdf",https://www.google.com/search?q=%22PNJ%22+%22gi%E1%BA%A5y+ph%C3%A9p+m%C3%B4i+tr%C6%B0%E1%BB%9Dng+quan+tr%E1%BA%AFc+x%E1%BB%AD+ph%E1%BA%A1t+m%C3%B4i+tr%C6%B0%E1%BB%9Dng%22+2025+filetype%3Apdf,https://www.google.com/search?q=site%3Apnj.com.vn+%22PNJ%22+%22gi%E1%BA%A5y+ph%C3%A9p+m%C3%B4i+tr%C6%B0%E1%BB%9Dng+quan+tr%E1%BA%AFc+x%E1%BB%AD+ph%E1%BA%A1t+m%C3%B4i+tr%C6%B0%E1%BB%9Dng%22+2025+filetype%3Apdf
bid,BID,2021,annual,"""BID"" ""báo cáo thường niên"" 2021 filetype:pdf",https://www.google.com/search?q=%22BID%22+%22b%C3%A1o+c%C3%A1o+th%C6%B0%E1%BB%9Dng+ni%C3%AAn%22+2021+filetype%3Apdf,https://www.google.com/search?q=site%3Abidv.com.vn+%22BID%22+%22b%C3%A1o+c%C3%A1o+th%C6%B0%E1%BB%9Dng+ni%C3%AAn%22+2021+filetype%3Apdf
bid,BID,2021,sustainability,"""BID"" ""báo cáo phát triển bền vững ESG"" 2021 filetype:pdf",https://www.google.com/search?q=%22BID%22+%22b%C3%A1o+c%C3%A1o+ph%C3%A1t+tri%E1%BB%83n+b%E1%BB%81n+v%E1%BB%AFng+ESG%22+2021+filetype%3Apdf,https://www.google.com/search?q=site%3Abidv.com.vn+%22BID%22+%22b%C3%A1o+c%C3%A1o+ph%C3%A1t+tri%E1%BB%83n+b%E1%BB%81n+v%E1%BB%AFng+ESG%22+2021+filetype%3Apdf
bid,BID,2021,financial,"""BID"" ""báo cáo tài chính năm kiểm toán hợp nhất"" 2021 filetype:pdf",https://www.google.com/search?q=%22BID%22+%22b%C3%A1o+c%C3%A1o+t%C3%A0i+ch%C3%ADnh+n%C4%83m+ki%E1%BB%83m+to%C3%A1n+h%E1%BB%A3p+nh%E1%BA%A5t%22+2021+filetype%3Apdf,https://www.google.com/search?q=site%3Abidv.com.vn+%22BID%22+%22b%C3%A1o+c%C3%A1o+t%C3%A0i+ch%C3%ADnh+n%C4%83m+ki%E1%BB%83m+to%C3%A1n+h%E1%BB%A3p+nh%E1%BA%A5t%22+2021+filetype%3Apdf
bid,BID,2021,governance,"""BID"" ""báo cáo tình hình quản trị công ty cả năm"" 2021 filetype:pdf",https://www.google.com/search?q=%22BID%22+%22b%C3%A1o+c%C3%A1o+t%C3%ACnh+h%C3%ACnh+qu%E1%BA%A3n+tr%E1%BB%8B+c%C3%B4ng+ty+c%E1%BA%A3+n%C4%83m%22+2021+filetype%3Apdf,https://www.google.com/search?q=site%3Abidv.com.vn+%22BID%22+%22b%C3%A1o+c%C3%A1o+t%C3%ACnh+h%C3%ACnh+qu%E1%BA%A3n+tr%E1%BB%8B+c%C3%B4ng+ty+c%E1%BA%A3+n%C4%83m%22+2021+filetype%3Apdf
bid,BID,2021,environmental,"""BID"" ""giấy phép môi trường quan trắc xử phạt môi trường"" 2021 filetype:pdf",https://www.google.com/search?q=%22BID%22+%22gi%E1%BA%A5y+ph%C3%A9p+m%C3%B4i+tr%C6%B0%E1%BB%9Dng+quan+tr%E1%BA%AFc+x%E1%BB%AD+ph%E1%BA%A1t+m%C3%B4i+tr%C6%B0%E1%BB%9Dng%22+2021+filetype%3Apdf,https://www.google.com/search?q=site%3Abidv.com.vn+%22BID%22+%22gi%E1%BA%A5y+ph%C3%A9p+m%C3%B4i+tr%C6%B0%E1%BB%9Dng+quan+tr%E1%BA%AFc+x%E1%BB%AD+ph%E1%BA%A1t+m%C3%B4i+tr%C6%B0%E1%BB%9Dng%22+2021+filetype%3Apdf
bid,BID,2022,annual,"""BID"" ""báo cáo thường niên"" 2022 filetype:pdf",https://www.google.com/search?q=%22BID%22+%22b%C3%A1o+c%C3%A1o+th%C6%B0%E1%BB%9Dng+ni%C3%AAn%22+2022+filetype%3Apdf,https://www.google.com/search?q=site%3Abidv.com.vn+%22BID%22+%22b%C3%A1o+c%C3%A1o+th%C6%B0%E1%BB%9Dng+ni%C3%AAn%22+2022+filetype%3Apdf
bid,BID,2022,sustainability,"""BID"" ""báo cáo phát triển bền vững ESG"" 2022 filetype:pdf",https://www.google.com/search?q=%22BID%22+%22b%C3%A1o+c%C3%A1o+ph%C3%A1t+tri%E1%BB%83n+b%E1%BB%81n+v%E1%BB%AFng+ESG%22+2022+filetype%3Apdf,https://www.google.com/search?q=site%3Abidv.com.vn+%22BID%22+%22b%C3%A1o+c%C3%A1o+ph%C3%A1t+tri%E1%BB%83n+b%E1%BB%81n+v%E1%BB%AFng+ESG%22+2022+filetype%3Apdf
bid,BID,2022,financial,"""BID"" ""báo cáo tài chính năm kiểm toán hợp nhất"" 2022 filetype:pdf",https://www.google.com/search?q=%22BID%22+%22b%C3%A1o+c%C3%A1o+t%C3%A0i+ch%C3%ADnh+n%C4%83m+ki%E1%BB%83m+to%C3%A1n+h%E1%BB%A3p+nh%E1%BA%A5t%22+2022+filetype%3Apdf,https://www.google.com/search?q=site%3Abidv.com.vn+%22BID%22+%22b%C3%A1o+c%C3%A1o+t%C3%A0i+ch%C3%ADnh+n%C4%83m+ki%E1%BB%83m+to%C3%A1n+h%E1%BB%A3p+nh%E1%BA%A5t%22+2022+filetype%3Apdf
bid,BID,2022,governance,"""BID"" ""báo cáo tình hình quản trị công ty cả năm"" 2022 filetype:pdf",https://www.google.com/search?q=%22BID%22+%22b%C3%A1o+c%C3%A1o+t%C3%ACnh+h%C3%ACnh+qu%E1%BA%A3n+tr%E1%BB%8B+c%C3%B4ng+ty+c%E1%BA%A3+n%C4%83m%22+2022+filetype%3Apdf,https://www.google.com/search?q=site%3Abidv.com.vn+%22BID%22+%22b%C3%A1o+c%C3%A1o+t%C3%ACnh+h%C3%ACnh+qu%E1%BA%A3n+tr%E1%BB%8B+c%C3%B4ng+ty+c%E1%BA%A3+n%C4%83m%22+2022+filetype%3Apdf
bid,BID,2022,environmental,"""BID"" ""giấy phép môi trường quan trắc xử phạt môi trường"" 2022 filetype:pdf",https://www.google.com/search?q=%22BID%22+%22gi%E1%BA%A5y+ph%C3%A9p+m%C3%B4i+tr%C6%B0%E1%BB%9Dng+quan+tr%E1%BA%AFc+x%E1%BB%AD+ph%E1%BA%A1t+m%C3%B4i+tr%C6%B0%E1%BB%9Dng%22+2022+filetype%3Apdf,https://www.google.com/search?q=site%3Abidv.com.vn+%22BID%22+%22gi%E1%BA%A5y+ph%C3%A9p+m%C3%B4i+tr%C6%B0%E1%BB%9Dng+quan+tr%E1%BA%AFc+x%E1%BB%AD+ph%E1%BA%A1t+m%C3%B4i+tr%C6%B0%E1%BB%9Dng%22+2022+filetype%3Apdf
bid,BID,2023,annual,"""BID"" ""báo cáo thường niên"" 2023 filetype:pdf",https://www.google.com/search?q=%22BID%22+%22b%C3%A1o+c%C3%A1o+th%C6%B0%E1%BB%9Dng+ni%C3%AAn%22+2023+filetype%3Apdf,https://www.google.com/search?q=site%3Abidv.com.vn+%22BID%22+%22b%C3%A1o+c%C3%A1o+th%C6%B0%E1%BB%9Dng+ni%C3%AAn%22+2023+filetype%3Apdf
bid,BID,2023,sustainability,"""BID"" ""báo cáo phát triển bền vững ESG"" 2023 filetype:pdf",https://www.google.com/search?q=%22BID%22+%22b%C3%A1o+c%C3%A1o+ph%C3%A1t+tri%E1%BB%83n+b%E1%BB%81n+v%E1%BB%AFng+ESG%22+2023+filetype%3Apdf,https://www.google.com/search?q=site%3Abidv.com.vn+%22BID%22+%22b%C3%A1o+c%C3%A1o+ph%C3%A1t+tri%E1%BB%83n+b%E1%BB%81n+v%E1%BB%AFng+ESG%22+2023+filetype%3Apdf
bid,BID,2023,financial,"""BID"" ""báo cáo tài chính năm kiểm toán hợp nhất"" 2023 filetype:pdf",https://www.google.com/search?q=%22BID%22+%22b%C3%A1o+c%C3%A1o+t%C3%A0i+ch%C3%ADnh+n%C4%83m+ki%E1%BB%83m+to%C3%A1n+h%E1%BB%A3p+nh%E1%BA%A5t%22+2023+filetype%3Apdf,https://www.google.com/search?q=site%3Abidv.com.vn+%22BID%22+%22b%C3%A1o+c%C3%A1o+t%C3%A0i+ch%C3%ADnh+n%C4%83m+ki%E1%BB%83m+to%C3%A1n+h%E1%BB%A3p+nh%E1%BA%A5t%22+2023+filetype%3Apdf
bid,BID,2023,governance,"""BID"" ""báo cáo tình hình quản trị công ty cả năm"" 2023 filetype:pdf",https://www.google.com/search?q=%22BID%22+%22b%C3%A1o+c%C3%A1o+t%C3%ACnh+h%C3%ACnh+qu%E1%BA%A3n+tr%E1%BB%8B+c%C3%B4ng+ty+c%E1%BA%A3+n%C4%83m%22+2023+filetype%3Apdf,https://www.google.com/search?q=site%3Abidv.com.vn+%22BID%22+%22b%C3%A1o+c%C3%A1o+t%C3%ACnh+h%C3%ACnh+qu%E1%BA%A3n+tr%E1%BB%8B+c%C3%B4ng+ty+c%E1%BA%A3+n%C4%83m%22+2023+filetype%3Apdf
bid,BID,2023,environmental,"""BID"" ""giấy phép môi trường quan trắc xử phạt môi trường"" 2023 filetype:pdf",https://www.google.com/search?q=%22BID%22+%22gi%E1%BA%A5y+ph%C3%A9p+m%C3%B4i+tr%C6%B0%E1%BB%9Dng+quan+tr%E1%BA%AFc+x%E1%BB%AD+ph%E1%BA%A1t+m%C3%B4i+tr%C6%B0%E1%BB%9Dng%22+2023+filetype%3Apdf,https://www.google.com/search?q=site%3Abidv.com.vn+%22BID%22+%22gi%E1%BA%A5y+ph%C3%A9p+m%C3%B4i+tr%C6%B0%E1%BB%9Dng+quan+tr%E1%BA%AFc+x%E1%BB%AD+ph%E1%BA%A1t+m%C3%B4i+tr%C6%B0%E1%BB%9Dng%22+2023+filetype%3Apdf
bid,BID,2024,annual,"""BID"" ""báo cáo thường niên"" 2024 filetype:pdf",https://www.google.com/search?q=%22BID%22+%22b%C3%A1o+c%C3%A1o+th%C6%B0%E1%BB%9Dng+ni%C3%AAn%22+2024+filetype%3Apdf,https://www.google.com/search?q=site%3Abidv.com.vn+%22BID%22+%22b%C3%A1o+c%C3%A1o+th%C6%B0%E1%BB%9Dng+ni%C3%AAn%22+2024+filetype%3Apdf
bid,BID,2024,sustainability,"""BID"" ""báo cáo phát triển bền vững ESG"" 2024 filetype:pdf",https://www.google.com/search?q=%22BID%22+%22b%C3%A1o+c%C3%A1o+ph%C3%A1t+tri%E1%BB%83n+b%E1%BB%81n+v%E1%BB%AFng+ESG%22+2024+filetype%3Apdf,https://www.google.com/search?q=site%3Abidv.com.vn+%22BID%22+%22b%C3%A1o+c%C3%A1o+ph%C3%A1t+tri%E1%BB%83n+b%E1%BB%81n+v%E1%BB%AFng+ESG%22+2024+filetype%3Apdf
bid,BID,2024,financial,"""BID"" ""báo cáo tài chính năm kiểm toán hợp nhất"" 2024 filetype:pdf",https://www.google.com/search?q=%22BID%22+%22b%C3%A1o+c%C3%A1o+t%C3%A0i+ch%C3%ADnh+n%C4%83m+ki%E1%BB%83m+to%C3%A1n+h%E1%BB%A3p+nh%E1%BA%A5t%22+2024+filetype%3Apdf,https://www.google.com/search?q=site%3Abidv.com.vn+%22BID%22+%22b%C3%A1o+c%C3%A1o+t%C3%A0i+ch%C3%ADnh+n%C4%83m+ki%E1%BB%83m+to%C3%A1n+h%E1%BB%A3p+nh%E1%BA%A5t%22+2024+filetype%3Apdf
bid,BID,2024,governance,"""BID"" ""báo cáo tình hình quản trị công ty cả năm"" 2024 filetype:pdf",https://www.google.com/search?q=%22BID%22+%22b%C3%A1o+c%C3%A1o+t%C3%ACnh+h%C3%ACnh+qu%E1%BA%A3n+tr%E1%BB%8B+c%C3%B4ng+ty+c%E1%BA%A3+n%C4%83m%22+2024+filetype%3Apdf,https://www.google.com/search?q=site%3Abidv.com.vn+%22BID%22+%22b%C3%A1o+c%C3%A1o+t%C3%ACnh+h%C3%ACnh+qu%E1%BA%A3n+tr%E1%BB%8B+c%C3%B4ng+ty+c%E1%BA%A3+n%C4%83m%22+2024+filetype%3Apdf
bid,BID,2024,environmental,"""BID"" ""giấy phép môi trường quan trắc xử phạt môi trường"" 2024 filetype:pdf",https://www.google.com/search?q=%22BID%22+%22gi%E1%BA%A5y+ph%C3%A9p+m%C3%B4i+tr%C6%B0%E1%BB%9Dng+quan+tr%E1%BA%AFc+x%E1%BB%AD+ph%E1%BA%A1t+m%C3%B4i+tr%C6%B0%E1%BB%9Dng%22+2024+filetype%3Apdf,https://www.google.com/search?q=site%3Abidv.com.vn+%22BID%22+%22gi%E1%BA%A5y+ph%C3%A9p+m%C3%B4i+tr%C6%B0%E1%BB%9Dng+quan+tr%E1%BA%AFc+x%E1%BB%AD+ph%E1%BA%A1t+m%C3%B4i+tr%C6%B0%E1%BB%9Dng%22+2024+filetype%3Apdf
bid,BID,2025,annual,"""BID"" ""báo cáo thường niên"" 2025 filetype:pdf",https://www.google.com/search?q=%22BID%22+%22b%C3%A1o+c%C3%A1o+th%C6%B0%E1%BB%9Dng+ni%C3%AAn%22+2025+filetype%3Apdf,https://www.google.com/search?q=site%3Abidv.com.vn+%22BID%22+%22b%C3%A1o+c%C3%A1o+th%C6%B0%E1%BB%9Dng+ni%C3%AAn%22+2025+filetype%3Apdf
bid,BID,2025,sustainability,"""BID"" ""báo cáo phát triển bền vững ESG"" 2025 filetype:pdf",https://www.google.com/search?q=%22BID%22+%22b%C3%A1o+c%C3%A1o+ph%C3%A1t+tri%E1%BB%83n+b%E1%BB%81n+v%E1%BB%AFng+ESG%22+2025+filetype%3Apdf,https://www.google.com/search?q=site%3Abidv.com.vn+%22BID%22+%22b%C3%A1o+c%C3%A1o+ph%C3%A1t+tri%E1%BB%83n+b%E1%BB%81n+v%E1%BB%AFng+ESG%22+2025+filetype%3Apdf
bid,BID,2025,financial,"""BID"" ""báo cáo tài chính năm kiểm toán hợp nhất"" 2025 filetype:pdf",https://www.google.com/search?q=%22BID%22+%22b%C3%A1o+c%C3%A1o+t%C3%A0i+ch%C3%ADnh+n%C4%83m+ki%E1%BB%83m+to%C3%A1n+h%E1%BB%A3p+nh%E1%BA%A5t%22+2025+filetype%3Apdf,https://www.google.com/search?q=site%3Abidv.com.vn+%22BID%22+%22b%C3%A1o+c%C3%A1o+t%C3%A0i+ch%C3%ADnh+n%C4%83m+ki%E1%BB%83m+to%C3%A1n+h%E1%BB%A3p+nh%E1%BA%A5t%22+2025+filetype%3Apdf
bid,BID,2025,governance,"""BID"" ""báo cáo tình hình quản trị công ty cả năm"" 2025 filetype:pdf",https://www.google.com/search?q=%22BID%22+%22b%C3%A1o+c%C3%A1o+t%C3%ACnh+h%C3%ACnh+qu%E1%BA%A3n+tr%E1%BB%8B+c%C3%B4ng+ty+c%E1%BA%A3+n%C4%83m%22+2025+filetype%3Apdf,https://www.google.com/search?q=site%3Abidv.com.vn+%22BID%22+%22b%C3%A1o+c%C3%A1o+t%C3%ACnh+h%C3%ACnh+qu%E1%BA%A3n+tr%E1%BB%8B+c%C3%B4ng+ty+c%E1%BA%A3+n%C4%83m%22+2025+filetype%3Apdf
bid,BID,2025,environmental,"""BID"" ""giấy phép môi trường quan trắc xử phạt môi trường"" 2025 filetype:pdf",https://www.google.com/search?q=%22BID%22+%22gi%E1%BA%A5y+ph%C3%A9p+m%C3%B4i+tr%C6%B0%E1%BB%9Dng+quan+tr%E1%BA%AFc+x%E1%BB%AD+ph%E1%BA%A1t+m%C3%B4i+tr%C6%B0%E1%BB%9Dng%22+2025+filetype%3Apdf,https://www.google.com/search?q=site%3Abidv.com.vn+%22BID%22+%22gi%E1%BA%A5y+ph%C3%A9p+m%C3%B4i+tr%C6%B0%E1%BB%9Dng+quan+tr%E1%BA%AFc+x%E1%BB%AD+ph%E1%BA%A1t+m%C3%B4i+tr%C6%B0%E1%BB%9Dng%22+2025+filetype%3Apdf
ctg,CTG,2021,annual,"""CTG"" ""báo cáo thường niên"" 2021 filetype:pdf",https://www.google.com/search?q=%22CTG%22+%22b%C3%A1o+c%C3%A1o+th%C6%B0%E1%BB%9Dng+ni%C3%AAn%22+2021+filetype%3Apdf,https://www.google.com/search?q=site%3Avietinbank.vn+%22CTG%22+%22b%C3%A1o+c%C3%A1o+th%C6%B0%E1%BB%9Dng+ni%C3%AAn%22+2021+filetype%3Apdf
ctg,CTG,2021,sustainability,"""CTG"" ""báo cáo phát triển bền vững ESG"" 2021 filetype:pdf",https://www.google.com/search?q=%22CTG%22+%22b%C3%A1o+c%C3%A1o+ph%C3%A1t+tri%E1%BB%83n+b%E1%BB%81n+v%E1%BB%AFng+ESG%22+2021+filetype%3Apdf,https://www.google.com/search?q=site%3Avietinbank.vn+%22CTG%22+%22b%C3%A1o+c%C3%A1o+ph%C3%A1t+tri%E1%BB%83n+b%E1%BB%81n+v%E1%BB%AFng+ESG%22+2021+filetype%3Apdf
ctg,CTG,2021,financial,"""CTG"" ""báo cáo tài chính năm kiểm toán hợp nhất"" 2021 filetype:pdf",https://www.google.com/search?q=%22CTG%22+%22b%C3%A1o+c%C3%A1o+t%C3%A0i+ch%C3%ADnh+n%C4%83m+ki%E1%BB%83m+to%C3%A1n+h%E1%BB%A3p+nh%E1%BA%A5t%22+2021+filetype%3Apdf,https://www.google.com/search?q=site%3Avietinbank.vn+%22CTG%22+%22b%C3%A1o+c%C3%A1o+t%C3%A0i+ch%C3%ADnh+n%C4%83m+ki%E1%BB%83m+to%C3%A1n+h%E1%BB%A3p+nh%E1%BA%A5t%22+2021+filetype%3Apdf
ctg,CTG,2021,governance,"""CTG"" ""báo cáo tình hình quản trị công ty cả năm"" 2021 filetype:pdf",https://www.google.com/search?q=%22CTG%22+%22b%C3%A1o+c%C3%A1o+t%C3%ACnh+h%C3%ACnh+qu%E1%BA%A3n+tr%E1%BB%8B+c%C3%B4ng+ty+c%E1%BA%A3+n%C4%83m%22+2021+filetype%3Apdf,https://www.google.com/search?q=site%3Avietinbank.vn+%22CTG%22+%22b%C3%A1o+c%C3%A1o+t%C3%ACnh+h%C3%ACnh+qu%E1%BA%A3n+tr%E1%BB%8B+c%C3%B4ng+ty+c%E1%BA%A3+n%C4%83m%22+2021+filetype%3Apdf
ctg,CTG,2021,environmental,"""CTG"" ""giấy phép môi trường quan trắc xử phạt môi trường"" 2021 filetype:pdf",https://www.google.com/search?q=%22CTG%22+%22gi%E1%BA%A5y+ph%C3%A9p+m%C3%B4i+tr%C6%B0%E1%BB%9Dng+quan+tr%E1%BA%AFc+x%E1%BB%AD+ph%E1%BA%A1t+m%C3%B4i+tr%C6%B0%E1%BB%9Dng%22+2021+filetype%3Apdf,https://www.google.com/search?q=site%3Avietinbank.vn+%22CTG%22+%22gi%E1%BA%A5y+ph%C3%A9p+m%C3%B4i+tr%C6%B0%E1%BB%9Dng+quan+tr%E1%BA%AFc+x%E1%BB%AD+ph%E1%BA%A1t+m%C3%B4i+tr%C6%B0%E1%BB%9Dng%22+2021+filetype%3Apdf
ctg,CTG,2022,annual,"""CTG"" ""báo cáo thường niên"" 2022 filetype:pdf",https://www.google.com/search?q=%22CTG%22+%22b%C3%A1o+c%C3%A1o+th%C6%B0%E1%BB%9Dng+ni%C3%AAn%22+2022+filetype%3Apdf,https://www.google.com/search?q=site%3Avietinbank.vn+%22CTG%22+%22b%C3%A1o+c%C3%A1o+th%C6%B0%E1%BB%9Dng+ni%C3%AAn%22+2022+filetype%3Apdf
ctg,CTG,2022,sustainability,"""CTG"" ""báo cáo phát triển bền vững ESG"" 2022 filetype:pdf",https://www.google.com/search?q=%22CTG%22+%22b%C3%A1o+c%C3%A1o+ph%C3%A1t+tri%E1%BB%83n+b%E1%BB%81n+v%E1%BB%AFng+ESG%22+2022+filetype%3Apdf,https://www.google.com/search?q=site%3Avietinbank.vn+%22CTG%22+%22b%C3%A1o+c%C3%A1o+ph%C3%A1t+tri%E1%BB%83n+b%E1%BB%81n+v%E1%BB%AFng+ESG%22+2022+filetype%3Apdf
ctg,CTG,2022,financial,"""CTG"" ""báo cáo tài chính năm kiểm toán hợp nhất"" 2022 filetype:pdf",https://www.google.com/search?q=%22CTG%22+%22b%C3%A1o+c%C3%A1o+t%C3%A0i+ch%C3%ADnh+n%C4%83m+ki%E1%BB%83m+to%C3%A1n+h%E1%BB%A3p+nh%E1%BA%A5t%22+2022+filetype%3Apdf,https://www.google.com/search?q=site%3Avietinbank.vn+%22CTG%22+%22b%C3%A1o+c%C3%A1o+t%C3%A0i+ch%C3%ADnh+n%C4%83m+ki%E1%BB%83m+to%C3%A1n+h%E1%BB%A3p+nh%E1%BA%A5t%22+2022+filetype%3Apdf
ctg,CTG,2022,governance,"""CTG"" ""báo cáo tình hình quản trị công ty cả năm"" 2022 filetype:pdf",https://www.google.com/search?q=%22CTG%22+%22b%C3%A1o+c%C3%A1o+t%C3%ACnh+h%C3%ACnh+qu%E1%BA%A3n+tr%E1%BB%8B+c%C3%B4ng+ty+c%E1%BA%A3+n%C4%83m%22+2022+filetype%3Apdf,https://www.google.com/search?q=site%3Avietinbank.vn+%22CTG%22+%22b%C3%A1o+c%C3%A1o+t%C3%ACnh+h%C3%ACnh+qu%E1%BA%A3n+tr%E1%BB%8B+c%C3%B4ng+ty+c%E1%BA%A3+n%C4%83m%22+2022+filetype%3Apdf
ctg,CTG,2022,environmental,"""CTG"" ""giấy phép môi trường quan trắc xử phạt môi trường"" 2022 filetype:pdf",https://www.google.com/search?q=%22CTG%22+%22gi%E1%BA%A5y+ph%C3%A9p+m%C3%B4i+tr%C6%B0%E1%BB%9Dng+quan+tr%E1%BA%AFc+x%E1%BB%AD+ph%E1%BA%A1t+m%C3%B4i+tr%C6%B0%E1%BB%9Dng%22+2022+filetype%3Apdf,https://www.google.com/search?q=site%3Avietinbank.vn+%22CTG%22+%22gi%E1%BA%A5y+ph%C3%A9p+m%C3%B4i+tr%C6%B0%E1%BB%9Dng+quan+tr%E1%BA%AFc+x%E1%BB%AD+ph%E1%BA%A1t+m%C3%B4i+tr%C6%B0%E1%BB%9Dng%22+2022+filetype%3Apdf
ctg,CTG,2023,annual,"""CTG"" ""báo cáo thường niên"" 2023 filetype:pdf",https://www.google.com/search?q=%22CTG%22+%22b%C3%A1o+c%C3%A1o+th%C6%B0%E1%BB%9Dng+ni%C3%AAn%22+2023+filetype%3Apdf,https://www.google.com/search?q=site%3Avietinbank.vn+%22CTG%22+%22b%C3%A1o+c%C3%A1o+th%C6%B0%E1%BB%9Dng+ni%C3%AAn%22+2023+filetype%3Apdf
ctg,CTG,2023,sustainability,"""CTG"" ""báo cáo phát triển bền vững ESG"" 2023 filetype:pdf",https://www.google.com/search?q=%22CTG%22+%22b%C3%A1o+c%C3%A1o+ph%C3%A1t+tri%E1%BB%83n+b%E1%BB%81n+v%E1%BB%AFng+ESG%22+2023+filetype%3Apdf,https://www.google.com/search?q=site%3Avietinbank.vn+%22CTG%22+%22b%C3%A1o+c%C3%A1o+ph%C3%A1t+tri%E1%BB%83n+b%E1%BB%81n+v%E1%BB%AFng+ESG%22+2023+filetype%3Apdf
ctg,CTG,2023,financial,"""CTG"" ""báo cáo tài chính năm kiểm toán hợp nhất"" 2023 filetype:pdf",https://www.google.com/search?q=%22CTG%22+%22b%C3%A1o+c%C3%A1o+t%C3%A0i+ch%C3%ADnh+n%C4%83m+ki%E1%BB%83m+to%C3%A1n+h%E1%BB%A3p+nh%E1%BA%A5t%22+2023+filetype%3Apdf,https://www.google.com/search?q=site%3Avietinbank.vn+%22CTG%22+%22b%C3%A1o+c%C3%A1o+t%C3%A0i+ch%C3%ADnh+n%C4%83m+ki%E1%BB%83m+to%C3%A1n+h%E1%BB%A3p+nh%E1%BA%A5t%22+2023+filetype%3Apdf
ctg,CTG,2023,governance,"""CTG"" ""báo cáo tình hình quản trị công ty cả năm"" 2023 filetype:pdf",https://www.google.com/search?q=%22CTG%22+%22b%C3%A1o+c%C3%A1o+t%C3%ACnh+h%C3%ACnh+qu%E1%BA%A3n+tr%E1%BB%8B+c%C3%B4ng+ty+c%E1%BA%A3+n%C4%83m%22+2023+filetype%3Apdf,https://www.google.com/search?q=site%3Avietinbank.vn+%22CTG%22+%22b%C3%A1o+c%C3%A1o+t%C3%ACnh+h%C3%ACnh+qu%E1%BA%A3n+tr%E1%BB%8B+c%C3%B4ng+ty+c%E1%BA%A3+n%C4%83m%22+2023+filetype%3Apdf
ctg,CTG,2023,environmental,"""CTG"" ""giấy phép môi trường quan trắc xử phạt môi trường"" 2023 filetype:pdf",https://www.google.com/search?q=%22CTG%22+%22gi%E1%BA%A5y+ph%C3%A9p+m%C3%B4i+tr%C6%B0%E1%BB%9Dng+quan+tr%E1%BA%AFc+x%E1%BB%AD+ph%E1%BA%A1t+m%C3%B4i+tr%C6%B0%E1%BB%9Dng%22+2023+filetype%3Apdf,https://www.google.com/search?q=site%3Avietinbank.vn+%22CTG%22+%22gi%E1%BA%A5y+ph%C3%A9p+m%C3%B4i+tr%C6%B0%E1%BB%9Dng+quan+tr%E1%BA%AFc+x%E1%BB%AD+ph%E1%BA%A1t+m%C3%B4i+tr%C6%B0%E1%BB%9Dng%22+2023+filetype%3Apdf
ctg,CTG,2024,annual,"""CTG"" ""báo cáo thường niên"" 2024 filetype:pdf",https://www.google.com/search?q=%22CTG%22+%22b%C3%A1o+c%C3%A1o+th%C6%B0%E1%BB%9Dng+ni%C3%AAn%22+2024+filetype%3Apdf,https://www.google.com/search?q=site%3Avietinbank.vn+%22CTG%22+%22b%C3%A1o+c%C3%A1o+th%C6%B0%E1%BB%9Dng+ni%C3%AAn%22+2024+filetype%3Apdf
ctg,CTG,2024,sustainability,"""CTG"" ""báo cáo phát triển bền vững ESG"" 2024 filetype:pdf",https://www.google.com/search?q=%22CTG%22+%22b%C3%A1o+c%C3%A1o+ph%C3%A1t+tri%E1%BB%83n+b%E1%BB%81n+v%E1%BB%AFng+ESG%22+2024+filetype%3Apdf,https://www.google.com/search?q=site%3Avietinbank.vn+%22CTG%22+%22b%C3%A1o+c%C3%A1o+ph%C3%A1t+tri%E1%BB%83n+b%E1%BB%81n+v%E1%BB%AFng+ESG%22+2024+filetype%3Apdf
ctg,CTG,2024,financial,"""CTG"" ""báo cáo tài chính năm kiểm toán hợp nhất"" 2024 filetype:pdf",https://www.google.com/search?q=%22CTG%22+%22b%C3%A1o+c%C3%A1o+t%C3%A0i+ch%C3%ADnh+n%C4%83m+ki%E1%BB%83m+to%C3%A1n+h%E1%BB%A3p+nh%E1%BA%A5t%22+2024+filetype%3Apdf,https://www.google.com/search?q=site%3Avietinbank.vn+%22CTG%22+%22b%C3%A1o+c%C3%A1o+t%C3%A0i+ch%C3%ADnh+n%C4%83m+ki%E1%BB%83m+to%C3%A1n+h%E1%BB%A3p+nh%E1%BA%A5t%22+2024+filetype%3Apdf
ctg,CTG,2024,governance,"""CTG"" ""báo cáo tình hình quản trị công ty cả năm"" 2024 filetype:pdf",https://www.google.com/search?q=%22CTG%22+%22b%C3%A1o+c%C3%A1o+t%C3%ACnh+h%C3%ACnh+qu%E1%BA%A3n+tr%E1%BB%8B+c%C3%B4ng+ty+c%E1%BA%A3+n%C4%83m%22+2024+filetype%3Apdf,https://www.google.com/search?q=site%3Avietinbank.vn+%22CTG%22+%22b%C3%A1o+c%C3%A1o+t%C3%ACnh+h%C3%ACnh+qu%E1%BA%A3n+tr%E1%BB%8B+c%C3%B4ng+ty+c%E1%BA%A3+n%C4%83m%22+2024+filetype%3Apdf
ctg,CTG,2024,environmental,"""CTG"" ""giấy phép môi trường quan trắc xử phạt môi trường"" 2024 filetype:pdf",https://www.google.com/search?q=%22CTG%22+%22gi%E1%BA%A5y+ph%C3%A9p+m%C3%B4i+tr%C6%B0%E1%BB%9Dng+quan+tr%E1%BA%AFc+x%E1%BB%AD+ph%E1%BA%A1t+m%C3%B4i+tr%C6%B0%E1%BB%9Dng%22+2024+filetype%3Apdf,https://www.google.com/search?q=site%3Avietinbank.vn+%22CTG%22+%22gi%E1%BA%A5y+ph%C3%A9p+m%C3%B4i+tr%C6%B0%E1%BB%9Dng+quan+tr%E1%BA%AFc+x%E1%BB%AD+ph%E1%BA%A1t+m%C3%B4i+tr%C6%B0%E1%BB%9Dng%22+2024+filetype%3Apdf
ctg,CTG,2025,annual,"""CTG"" ""báo cáo thường niên"" 2025 filetype:pdf",https://www.google.com/search?q=%22CTG%22+%22b%C3%A1o+c%C3%A1o+th%C6%B0%E1%BB%9Dng+ni%C3%AAn%22+2025+filetype%3Apdf,https://www.google.com/search?q=site%3Avietinbank.vn+%22CTG%22+%22b%C3%A1o+c%C3%A1o+th%C6%B0%E1%BB%9Dng+ni%C3%AAn%22+2025+filetype%3Apdf
ctg,CTG,2025,sustainability,"""CTG"" ""báo cáo phát triển bền vững ESG"" 2025 filetype:pdf",https://www.google.com/search?q=%22CTG%22+%22b%C3%A1o+c%C3%A1o+ph%C3%A1t+tri%E1%BB%83n+b%E1%BB%81n+v%E1%BB%AFng+ESG%22+2025+filetype%3Apdf,https://www.google.com/search?q=site%3Avietinbank.vn+%22CTG%22+%22b%C3%A1o+c%C3%A1o+ph%C3%A1t+tri%E1%BB%83n+b%E1%BB%81n+v%E1%BB%AFng+ESG%22+2025+filetype%3Apdf
ctg,CTG,2025,financial,"""CTG"" ""báo cáo tài chính năm kiểm toán hợp nhất"" 2025 filetype:pdf",https://www.google.com/search?q=%22CTG%22+%22b%C3%A1o+c%C3%A1o+t%C3%A0i+ch%C3%ADnh+n%C4%83m+ki%E1%BB%83m+to%C3%A1n+h%E1%BB%A3p+nh%E1%BA%A5t%22+2025+filetype%3Apdf,https://www.google.com/search?q=site%3Avietinbank.vn+%22CTG%22+%22b%C3%A1o+c%C3%A1o+t%C3%A0i+ch%C3%ADnh+n%C4%83m+ki%E1%BB%83m+to%C3%A1n+h%E1%BB%A3p+nh%E1%BA%A5t%22+2025+filetype%3Apdf
ctg,CTG,2025,governance,"""CTG"" ""báo cáo tình hình quản trị công ty cả năm"" 2025 filetype:pdf",https://www.google.com/search?q=%22CTG%22+%22b%C3%A1o+c%C3%A1o+t%C3%ACnh+h%C3%ACnh+qu%E1%BA%A3n+tr%E1%BB%8B+c%C3%B4ng+ty+c%E1%BA%A3+n%C4%83m%22+2025+filetype%3Apdf,https://www.google.com/search?q=site%3Avietinbank.vn+%22CTG%22+%22b%C3%A1o+c%C3%A1o+t%C3%ACnh+h%C3%ACnh+qu%E1%BA%A3n+tr%E1%BB%8B+c%C3%B4ng+ty+c%E1%BA%A3+n%C4%83m%22+2025+filetype%3Apdf
ctg,CTG,2025,environmental,"""CTG"" ""giấy phép môi trường quan trắc xử phạt môi trường"" 2025 filetype:pdf",https://www.google.com/search?q=%22CTG%22+%22gi%E1%BA%A5y+ph%C3%A9p+m%C3%B4i+tr%C6%B0%E1%BB%9Dng+quan+tr%E1%BA%AFc+x%E1%BB%AD+ph%E1%BA%A1t+m%C3%B4i+tr%C6%B0%E1%BB%9Dng%22+2025+filetype%3Apdf,https://www.google.com/search?q=site%3Avietinbank.vn+%22CTG%22+%22gi%E1%BA%A5y+ph%C3%A9p+m%C3%B4i+tr%C6%B0%E1%BB%9Dng+quan+tr%E1%BA%AFc+x%E1%BB%AD+ph%E1%BA%A1t+m%C3%B4i+tr%C6%B0%E1%BB%9Dng%22+2025+filetype%3Apdf
bvh,BVH,2021,annual,"""BVH"" ""báo cáo thường niên"" 2021 filetype:pdf",https://www.google.com/search?q=%22BVH%22+%22b%C3%A1o+c%C3%A1o+th%C6%B0%E1%BB%9Dng+ni%C3%AAn%22+2021+filetype%3Apdf,https://www.google.com/search?q=site%3Abaoviet.com.vn+%22BVH%22+%22b%C3%A1o+c%C3%A1o+th%C6%B0%E1%BB%9Dng+ni%C3%AAn%22+2021+filetype%3Apdf
bvh,BVH,2021,sustainability,"""BVH"" ""báo cáo phát triển bền vững ESG"" 2021 filetype:pdf",https://www.google.com/search?q=%22BVH%22+%22b%C3%A1o+c%C3%A1o+ph%C3%A1t+tri%E1%BB%83n+b%E1%BB%81n+v%E1%BB%AFng+ESG%22+2021+filetype%3Apdf,https://www.google.com/search?q=site%3Abaoviet.com.vn+%22BVH%22+%22b%C3%A1o+c%C3%A1o+ph%C3%A1t+tri%E1%BB%83n+b%E1%BB%81n+v%E1%BB%AFng+ESG%22+2021+filetype%3Apdf
bvh,BVH,2021,financial,"""BVH"" ""báo cáo tài chính năm kiểm toán hợp nhất"" 2021 filetype:pdf",https://www.google.com/search?q=%22BVH%22+%22b%C3%A1o+c%C3%A1o+t%C3%A0i+ch%C3%ADnh+n%C4%83m+ki%E1%BB%83m+to%C3%A1n+h%E1%BB%A3p+nh%E1%BA%A5t%22+2021+filetype%3Apdf,https://www.google.com/search?q=site%3Abaoviet.com.vn+%22BVH%22+%22b%C3%A1o+c%C3%A1o+t%C3%A0i+ch%C3%ADnh+n%C4%83m+ki%E1%BB%83m+to%C3%A1n+h%E1%BB%A3p+nh%E1%BA%A5t%22+2021+filetype%3Apdf
bvh,BVH,2021,governance,"""BVH"" ""báo cáo tình hình quản trị công ty cả năm"" 2021 filetype:pdf",https://www.google.com/search?q=%22BVH%22+%22b%C3%A1o+c%C3%A1o+t%C3%ACnh+h%C3%ACnh+qu%E1%BA%A3n+tr%E1%BB%8B+c%C3%B4ng+ty+c%E1%BA%A3+n%C4%83m%22+2021+filetype%3Apdf,https://www.google.com/search?q=site%3Abaoviet.com.vn+%22BVH%22+%22b%C3%A1o+c%C3%A1o+t%C3%ACnh+h%C3%ACnh+qu%E1%BA%A3n+tr%E1%BB%8B+c%C3%B4ng+ty+c%E1%BA%A3+n%C4%83m%22+2021+filetype%3Apdf
bvh,BVH,2021,environmental,"""BVH"" ""giấy phép môi trường quan trắc xử phạt môi trường"" 2021 filetype:pdf",https://www.google.com/search?q=%22BVH%22+%22gi%E1%BA%A5y+ph%C3%A9p+m%C3%B4i+tr%C6%B0%E1%BB%9Dng+quan+tr%E1%BA%AFc+x%E1%BB%AD+ph%E1%BA%A1t+m%C3%B4i+tr%C6%B0%E1%BB%9Dng%22+2021+filetype%3Apdf,https://www.google.com/search?q=site%3Abaoviet.com.vn+%22BVH%22+%22gi%E1%BA%A5y+ph%C3%A9p+m%C3%B4i+tr%C6%B0%E1%BB%9Dng+quan+tr%E1%BA%AFc+x%E1%BB%AD+ph%E1%BA%A1t+m%C3%B4i+tr%C6%B0%E1%BB%9Dng%22+2021+filetype%3Apdf
bvh,BVH,2022,annual,"""BVH"" ""báo cáo thường niên"" 2022 filetype:pdf",https://www.google.com/search?q=%22BVH%22+%22b%C3%A1o+c%C3%A1o+th%C6%B0%E1%BB%9Dng+ni%C3%AAn%22+2022+filetype%3Apdf,https://www.google.com/search?q=site%3Abaoviet.com.vn+%22BVH%22+%22b%C3%A1o+c%C3%A1o+th%C6%B0%E1%BB%9Dng+ni%C3%AAn%22+2022+filetype%3Apdf
bvh,BVH,2022,sustainability,"""BVH"" ""báo cáo phát triển bền vững ESG"" 2022 filetype:pdf",https://www.google.com/search?q=%22BVH%22+%22b%C3%A1o+c%C3%A1o+ph%C3%A1t+tri%E1%BB%83n+b%E1%BB%81n+v%E1%BB%AFng+ESG%22+2022+filetype%3Apdf,https://www.google.com/search?q=site%3Abaoviet.com.vn+%22BVH%22+%22b%C3%A1o+c%C3%A1o+ph%C3%A1t+tri%E1%BB%83n+b%E1%BB%81n+v%E1%BB%AFng+ESG%22+2022+filetype%3Apdf
bvh,BVH,2022,financial,"""BVH"" ""báo cáo tài chính năm kiểm toán hợp nhất"" 2022 filetype:pdf",https://www.google.com/search?q=%22BVH%22+%22b%C3%A1o+c%C3%A1o+t%C3%A0i+ch%C3%ADnh+n%C4%83m+ki%E1%BB%83m+to%C3%A1n+h%E1%BB%A3p+nh%E1%BA%A5t%22+2022+filetype%3Apdf,https://www.google.com/search?q=site%3Abaoviet.com.vn+%22BVH%22+%22b%C3%A1o+c%C3%A1o+t%C3%A0i+ch%C3%ADnh+n%C4%83m+ki%E1%BB%83m+to%C3%A1n+h%E1%BB%A3p+nh%E1%BA%A5t%22+2022+filetype%3Apdf
bvh,BVH,2022,governance,"""BVH"" ""báo cáo tình hình quản trị công ty cả năm"" 2022 filetype:pdf",https://www.google.com/search?q=%22BVH%22+%22b%C3%A1o+c%C3%A1o+t%C3%ACnh+h%C3%ACnh+qu%E1%BA%A3n+tr%E1%BB%8B+c%C3%B4ng+ty+c%E1%BA%A3+n%C4%83m%22+2022+filetype%3Apdf,https://www.google.com/search?q=site%3Abaoviet.com.vn+%22BVH%22+%22b%C3%A1o+c%C3%A1o+t%C3%ACnh+h%C3%ACnh+qu%E1%BA%A3n+tr%E1%BB%8B+c%C3%B4ng+ty+c%E1%BA%A3+n%C4%83m%22+2022+filetype%3Apdf
bvh,BVH,2022,environmental,"""BVH"" ""giấy phép môi trường quan trắc xử phạt môi trường"" 2022 filetype:pdf",https://www.google.com/search?q=%22BVH%22+%22gi%E1%BA%A5y+ph%C3%A9p+m%C3%B4i+tr%C6%B0%E1%BB%9Dng+quan+tr%E1%BA%AFc+x%E1%BB%AD+ph%E1%BA%A1t+m%C3%B4i+tr%C6%B0%E1%BB%9Dng%22+2022+filetype%3Apdf,https://www.google.com/search?q=site%3Abaoviet.com.vn+%22BVH%22+%22gi%E1%BA%A5y+ph%C3%A9p+m%C3%B4i+tr%C6%B0%E1%BB%9Dng+quan+tr%E1%BA%AFc+x%E1%BB%AD+ph%E1%BA%A1t+m%C3%B4i+tr%C6%B0%E1%BB%9Dng%22+2022+filetype%3Apdf
bvh,BVH,2023,annual,"""BVH"" ""báo cáo thường niên"" 2023 filetype:pdf",https://www.google.com/search?q=%22BVH%22+%22b%C3%A1o+c%C3%A1o+th%C6%B0%E1%BB%9Dng+ni%C3%AAn%22+2023+filetype%3Apdf,https://www.google.com/search?q=site%3Abaoviet.com.vn+%22BVH%22+%22b%C3%A1o+c%C3%A1o+th%C6%B0%E1%BB%9Dng+ni%C3%AAn%22+2023+filetype%3Apdf
bvh,BVH,2023,sustainability,"""BVH"" ""báo cáo phát triển bền vững ESG"" 2023 filetype:pdf",https://www.google.com/search?q=%22BVH%22+%22b%C3%A1o+c%C3%A1o+ph%C3%A1t+tri%E1%BB%83n+b%E1%BB%81n+v%E1%BB%AFng+ESG%22+2023+filetype%3Apdf,https://www.google.com/search?q=site%3Abaoviet.com.vn+%22BVH%22+%22b%C3%A1o+c%C3%A1o+ph%C3%A1t+tri%E1%BB%83n+b%E1%BB%81n+v%E1%BB%AFng+ESG%22+2023+filetype%3Apdf
bvh,BVH,2023,financial,"""BVH"" ""báo cáo tài chính năm kiểm toán hợp nhất"" 2023 filetype:pdf",https://www.google.com/search?q=%22BVH%22+%22b%C3%A1o+c%C3%A1o+t%C3%A0i+ch%C3%ADnh+n%C4%83m+ki%E1%BB%83m+to%C3%A1n+h%E1%BB%A3p+nh%E1%BA%A5t%22+2023+filetype%3Apdf,https://www.google.com/search?q=site%3Abaoviet.com.vn+%22BVH%22+%22b%C3%A1o+c%C3%A1o+t%C3%A0i+ch%C3%ADnh+n%C4%83m+ki%E1%BB%83m+to%C3%A1n+h%E1%BB%A3p+nh%E1%BA%A5t%22+2023+filetype%3Apdf
bvh,BVH,2023,governance,"""BVH"" ""báo cáo tình hình quản trị công ty cả năm"" 2023 filetype:pdf",https://www.google.com/search?q=%22BVH%22+%22b%C3%A1o+c%C3%A1o+t%C3%ACnh+h%C3%ACnh+qu%E1%BA%A3n+tr%E1%BB%8B+c%C3%B4ng+ty+c%E1%BA%A3+n%C4%83m%22+2023+filetype%3Apdf,https://www.google.com/search?q=site%3Abaoviet.com.vn+%22BVH%22+%22b%C3%A1o+c%C3%A1o+t%C3%ACnh+h%C3%ACnh+qu%E1%BA%A3n+tr%E1%BB%8B+c%C3%B4ng+ty+c%E1%BA%A3+n%C4%83m%22+2023+filetype%3Apdf
bvh,BVH,2023,environmental,"""BVH"" ""giấy phép môi trường quan trắc xử phạt môi trường"" 2023 filetype:pdf",https://www.google.com/search?q=%22BVH%22+%22gi%E1%BA%A5y+ph%C3%A9p+m%C3%B4i+tr%C6%B0%E1%BB%9Dng+quan+tr%E1%BA%AFc+x%E1%BB%AD+ph%E1%BA%A1t+m%C3%B4i+tr%C6%B0%E1%BB%9Dng%22+2023+filetype%3Apdf,https://www.google.com/search?q=site%3Abaoviet.com.vn+%22BVH%22+%22gi%E1%BA%A5y+ph%C3%A9p+m%C3%B4i+tr%C6%B0%E1%BB%9Dng+quan+tr%E1%BA%AFc+x%E1%BB%AD+ph%E1%BA%A1t+m%C3%B4i+tr%C6%B0%E1%BB%9Dng%22+2023+filetype%3Apdf
bvh,BVH,2024,annual,"""BVH"" ""báo cáo thường niên"" 2024 filetype:pdf",https://www.google.com/search?q=%22BVH%22+%22b%C3%A1o+c%C3%A1o+th%C6%B0%E1%BB%9Dng+ni%C3%AAn%22+2024+filetype%3Apdf,https://www.google.com/search?q=site%3Abaoviet.com.vn+%22BVH%22+%22b%C3%A1o+c%C3%A1o+th%C6%B0%E1%BB%9Dng+ni%C3%AAn%22+2024+filetype%3Apdf
bvh,BVH,2024,sustainability,"""BVH"" ""báo cáo phát triển bền vững ESG"" 2024 filetype:pdf",https://www.google.com/search?q=%22BVH%22+%22b%C3%A1o+c%C3%A1o+ph%C3%A1t+tri%E1%BB%83n+b%E1%BB%81n+v%E1%BB%AFng+ESG%22+2024+filetype%3Apdf,https://www.google.com/search?q=site%3Abaoviet.com.vn+%22BVH%22+%22b%C3%A1o+c%C3%A1o+ph%C3%A1t+tri%E1%BB%83n+b%E1%BB%81n+v%E1%BB%AFng+ESG%22+2024+filetype%3Apdf
bvh,BVH,2024,financial,"""BVH"" ""báo cáo tài chính năm kiểm toán hợp nhất"" 2024 filetype:pdf",https://www.google.com/search?q=%22BVH%22+%22b%C3%A1o+c%C3%A1o+t%C3%A0i+ch%C3%ADnh+n%C4%83m+ki%E1%BB%83m+to%C3%A1n+h%E1%BB%A3p+nh%E1%BA%A5t%22+2024+filetype%3Apdf,https://www.google.com/search?q=site%3Abaoviet.com.vn+%22BVH%22+%22b%C3%A1o+c%C3%A1o+t%C3%A0i+ch%C3%ADnh+n%C4%83m+ki%E1%BB%83m+to%C3%A1n+h%E1%BB%A3p+nh%E1%BA%A5t%22+2024+filetype%3Apdf
bvh,BVH,2024,governance,"""BVH"" ""báo cáo tình hình quản trị công ty cả năm"" 2024 filetype:pdf",https://www.google.com/search?q=%22BVH%22+%22b%C3%A1o+c%C3%A1o+t%C3%ACnh+h%C3%ACnh+qu%E1%BA%A3n+tr%E1%BB%8B+c%C3%B4ng+ty+c%E1%BA%A3+n%C4%83m%22+2024+filetype%3Apdf,https://www.google.com/search?q=site%3Abaoviet.com.vn+%22BVH%22+%22b%C3%A1o+c%C3%A1o+t%C3%ACnh+h%C3%ACnh+qu%E1%BA%A3n+tr%E1%BB%8B+c%C3%B4ng+ty+c%E1%BA%A3+n%C4%83m%22+2024+filetype%3Apdf
bvh,BVH,2024,environmental,"""BVH"" ""giấy phép môi trường quan trắc xử phạt môi trường"" 2024 filetype:pdf",https://www.google.com/search?q=%22BVH%22+%22gi%E1%BA%A5y+ph%C3%A9p+m%C3%B4i+tr%C6%B0%E1%BB%9Dng+quan+tr%E1%BA%AFc+x%E1%BB%AD+ph%E1%BA%A1t+m%C3%B4i+tr%C6%B0%E1%BB%9Dng%22+2024+filetype%3Apdf,https://www.google.com/search?q=site%3Abaoviet.com.vn+%22BVH%22+%22gi%E1%BA%A5y+ph%C3%A9p+m%C3%B4i+tr%C6%B0%E1%BB%9Dng+quan+tr%E1%BA%AFc+x%E1%BB%AD+ph%E1%BA%A1t+m%C3%B4i+tr%C6%B0%E1%BB%9Dng%22+2024+filetype%3Apdf
bvh,BVH,2025,annual,"""BVH"" ""báo cáo thường niên"" 2025 filetype:pdf",https://www.google.com/search?q=%22BVH%22+%22b%C3%A1o+c%C3%A1o+th%C6%B0%E1%BB%9Dng+ni%C3%AAn%22+2025+filetype%3Apdf,https://www.google.com/search?q=site%3Abaoviet.com.vn+%22BVH%22+%22b%C3%A1o+c%C3%A1o+th%C6%B0%E1%BB%9Dng+ni%C3%AAn%22+2025+filetype%3Apdf
bvh,BVH,2025,sustainability,"""BVH"" ""báo cáo phát triển bền vững ESG"" 2025 filetype:pdf",https://www.google.com/search?q=%22BVH%22+%22b%C3%A1o+c%C3%A1o+ph%C3%A1t+tri%E1%BB%83n+b%E1%BB%81n+v%E1%BB%AFng+ESG%22+2025+filetype%3Apdf,https://www.google.com/search?q=site%3Abaoviet.com.vn+%22BVH%22+%22b%C3%A1o+c%C3%A1o+ph%C3%A1t+tri%E1%BB%83n+b%E1%BB%81n+v%E1%BB%AFng+ESG%22+2025+filetype%3Apdf
bvh,BVH,2025,financial,"""BVH"" ""báo cáo tài chính năm kiểm toán hợp nhất"" 2025 filetype:pdf",https://www.google.com/search?q=%22BVH%22+%22b%C3%A1o+c%C3%A1o+t%C3%A0i+ch%C3%ADnh+n%C4%83m+ki%E1%BB%83m+to%C3%A1n+h%E1%BB%A3p+nh%E1%BA%A5t%22+2025+filetype%3Apdf,https://www.google.com/search?q=site%3Abaoviet.com.vn+%22BVH%22+%22b%C3%A1o+c%C3%A1o+t%C3%A0i+ch%C3%ADnh+n%C4%83m+ki%E1%BB%83m+to%C3%A1n+h%E1%BB%A3p+nh%E1%BA%A5t%22+2025+filetype%3Apdf
bvh,BVH,2025,governance,"""BVH"" ""báo cáo tình hình quản trị công ty cả năm"" 2025 filetype:pdf",https://www.google.com/search?q=%22BVH%22+%22b%C3%A1o+c%C3%A1o+t%C3%ACnh+h%C3%ACnh+qu%E1%BA%A3n+tr%E1%BB%8B+c%C3%B4ng+ty+c%E1%BA%A3+n%C4%83m%22+2025+filetype%3Apdf,https://www.google.com/search?q=site%3Abaoviet.com.vn+%22BVH%22+%22b%C3%A1o+c%C3%A1o+t%C3%ACnh+h%C3%ACnh+qu%E1%BA%A3n+tr%E1%BB%8B+c%C3%B4ng+ty+c%E1%BA%A3+n%C4%83m%22+2025+filetype%3Apdf
bvh,BVH,2025,environmental,"""BVH"" ""giấy phép môi trường quan trắc xử phạt môi trường"" 2025 filetype:pdf",https://www.google.com/search?q=%22BVH%22+%22gi%E1%BA%A5y+ph%C3%A9p+m%C3%B4i+tr%C6%B0%E1%BB%9Dng+quan+tr%E1%BA%AFc+x%E1%BB%AD+ph%E1%BA%A1t+m%C3%B4i+tr%C6%B0%E1%BB%9Dng%22+2025+filetype%3Apdf,https://www.google.com/search?q=site%3Abaoviet.com.vn+%22BVH%22+%22gi%E1%BA%A5y+ph%C3%A9p+m%C3%B4i+tr%C6%B0%E1%BB%9Dng+quan+tr%E1%BA%AFc+x%E1%BB%AD+ph%E1%BA%A1t+m%C3%B4i+tr%C6%B0%E1%BB%9Dng%22+2025+filetype%3Apdf
ctd,CTD,2021,annual,"""CTD"" ""báo cáo thường niên"" 2021 filetype:pdf",https://www.google.com/search?q=%22CTD%22+%22b%C3%A1o+c%C3%A1o+th%C6%B0%E1%BB%9Dng+ni%C3%AAn%22+2021+filetype%3Apdf,https://www.google.com/search?q=site%3Acoteccons.vn+%22CTD%22+%22b%C3%A1o+c%C3%A1o+th%C6%B0%E1%BB%9Dng+ni%C3%AAn%22+2021+filetype%3Apdf
ctd,CTD,2021,sustainability,"""CTD"" ""báo cáo phát triển bền vững ESG"" 2021 filetype:pdf",https://www.google.com/search?q=%22CTD%22+%22b%C3%A1o+c%C3%A1o+ph%C3%A1t+tri%E1%BB%83n+b%E1%BB%81n+v%E1%BB%AFng+ESG%22+2021+filetype%3Apdf,https://www.google.com/search?q=site%3Acoteccons.vn+%22CTD%22+%22b%C3%A1o+c%C3%A1o+ph%C3%A1t+tri%E1%BB%83n+b%E1%BB%81n+v%E1%BB%AFng+ESG%22+2021+filetype%3Apdf
ctd,CTD,2021,financial,"""CTD"" ""báo cáo tài chính năm kiểm toán hợp nhất"" 2021 filetype:pdf",https://www.google.com/search?q=%22CTD%22+%22b%C3%A1o+c%C3%A1o+t%C3%A0i+ch%C3%ADnh+n%C4%83m+ki%E1%BB%83m+to%C3%A1n+h%E1%BB%A3p+nh%E1%BA%A5t%22+2021+filetype%3Apdf,https://www.google.com/search?q=site%3Acoteccons.vn+%22CTD%22+%22b%C3%A1o+c%C3%A1o+t%C3%A0i+ch%C3%ADnh+n%C4%83m+ki%E1%BB%83m+to%C3%A1n+h%E1%BB%A3p+nh%E1%BA%A5t%22+2021+filetype%3Apdf
ctd,CTD,2021,governance,"""CTD"" ""báo cáo tình hình quản trị công ty cả năm"" 2021 filetype:pdf",https://www.google.com/search?q=%22CTD%22+%22b%C3%A1o+c%C3%A1o+t%C3%ACnh+h%C3%ACnh+qu%E1%BA%A3n+tr%E1%BB%8B+c%C3%B4ng+ty+c%E1%BA%A3+n%C4%83m%22+2021+filetype%3Apdf,https://www.google.com/search?q=site%3Acoteccons.vn+%22CTD%22+%22b%C3%A1o+c%C3%A1o+t%C3%ACnh+h%C3%ACnh+qu%E1%BA%A3n+tr%E1%BB%8B+c%C3%B4ng+ty+c%E1%BA%A3+n%C4%83m%22+2021+filetype%3Apdf
ctd,CTD,2021,environmental,"""CTD"" ""giấy phép môi trường quan trắc xử phạt môi trường"" 2021 filetype:pdf",https://www.google.com/search?q=%22CTD%22+%22gi%E1%BA%A5y+ph%C3%A9p+m%C3%B4i+tr%C6%B0%E1%BB%9Dng+quan+tr%E1%BA%AFc+x%E1%BB%AD+ph%E1%BA%A1t+m%C3%B4i+tr%C6%B0%E1%BB%9Dng%22+2021+filetype%3Apdf,https://www.google.com/search?q=site%3Acoteccons.vn+%22CTD%22+%22gi%E1%BA%A5y+ph%C3%A9p+m%C3%B4i+tr%C6%B0%E1%BB%9Dng+quan+tr%E1%BA%AFc+x%E1%BB%AD+ph%E1%BA%A1t+m%C3%B4i+tr%C6%B0%E1%BB%9Dng%22+2021+filetype%3Apdf
ctd,CTD,2022,annual,"""CTD"" ""báo cáo thường niên"" 2022 filetype:pdf",https://www.google.com/search?q=%22CTD%22+%22b%C3%A1o+c%C3%A1o+th%C6%B0%E1%BB%9Dng+ni%C3%AAn%22+2022+filetype%3Apdf,https://www.google.com/search?q=site%3Acoteccons.vn+%22CTD%22+%22b%C3%A1o+c%C3%A1o+th%C6%B0%E1%BB%9Dng+ni%C3%AAn%22+2022+filetype%3Apdf
ctd,CTD,2022,sustainability,"""CTD"" ""báo cáo phát triển bền vững ESG"" 2022 filetype:pdf",https://www.google.com/search?q=%22CTD%22+%22b%C3%A1o+c%C3%A1o+ph%C3%A1t+tri%E1%BB%83n+b%E1%BB%81n+v%E1%BB%AFng+ESG%22+2022+filetype%3Apdf,https://www.google.com/search?q=site%3Acoteccons.vn+%22CTD%22+%22b%C3%A1o+c%C3%A1o+ph%C3%A1t+tri%E1%BB%83n+b%E1%BB%81n+v%E1%BB%AFng+ESG%22+2022+filetype%3Apdf
ctd,CTD,2022,financial,"""CTD"" ""báo cáo tài chính năm kiểm toán hợp nhất"" 2022 filetype:pdf",https://www.google.com/search?q=%22CTD%22+%22b%C3%A1o+c%C3%A1o+t%C3%A0i+ch%C3%ADnh+n%C4%83m+ki%E1%BB%83m+to%C3%A1n+h%E1%BB%A3p+nh%E1%BA%A5t%22+2022+filetype%3Apdf,https://www.google.com/search?q=site%3Acoteccons.vn+%22CTD%22+%22b%C3%A1o+c%C3%A1o+t%C3%A0i+ch%C3%ADnh+n%C4%83m+ki%E1%BB%83m+to%C3%A1n+h%E1%BB%A3p+nh%E1%BA%A5t%22+2022+filetype%3Apdf
ctd,CTD,2022,governance,"""CTD"" ""báo cáo tình hình quản trị công ty cả năm"" 2022 filetype:pdf",https://www.google.com/search?q=%22CTD%22+%22b%C3%A1o+c%C3%A1o+t%C3%ACnh+h%C3%ACnh+qu%E1%BA%A3n+tr%E1%BB%8B+c%C3%B4ng+ty+c%E1%BA%A3+n%C4%83m%22+2022+filetype%3Apdf,https://www.google.com/search?q=site%3Acoteccons.vn+%22CTD%22+%22b%C3%A1o+c%C3%A1o+t%C3%ACnh+h%C3%ACnh+qu%E1%BA%A3n+tr%E1%BB%8B+c%C3%B4ng+ty+c%E1%BA%A3+n%C4%83m%22+2022+filetype%3Apdf
ctd,CTD,2022,environmental,"""CTD"" ""giấy phép môi trường quan trắc xử phạt môi trường"" 2022 filetype:pdf",https://www.google.com/search?q=%22CTD%22+%22gi%E1%BA%A5y+ph%C3%A9p+m%C3%B4i+tr%C6%B0%E1%BB%9Dng+quan+tr%E1%BA%AFc+x%E1%BB%AD+ph%E1%BA%A1t+m%C3%B4i+tr%C6%B0%E1%BB%9Dng%22+2022+filetype%3Apdf,https://www.google.com/search?q=site%3Acoteccons.vn+%22CTD%22+%22gi%E1%BA%A5y+ph%C3%A9p+m%C3%B4i+tr%C6%B0%E1%BB%9Dng+quan+tr%E1%BA%AFc+x%E1%BB%AD+ph%E1%BA%A1t+m%C3%B4i+tr%C6%B0%E1%BB%9Dng%22+2022+filetype%3Apdf
ctd,CTD,2023,annual,"""CTD"" ""báo cáo thường niên"" 2023 filetype:pdf",https://www.google.com/search?q=%22CTD%22+%22b%C3%A1o+c%C3%A1o+th%C6%B0%E1%BB%9Dng+ni%C3%AAn%22+2023+filetype%3Apdf,https://www.google.com/search?q=site%3Acoteccons.vn+%22CTD%22+%22b%C3%A1o+c%C3%A1o+th%C6%B0%E1%BB%9Dng+ni%C3%AAn%22+2023+filetype%3Apdf
ctd,CTD,2023,sustainability,"""CTD"" ""báo cáo phát triển bền vững ESG"" 2023 filetype:pdf",https://www.google.com/search?q=%22CTD%22+%22b%C3%A1o+c%C3%A1o+ph%C3%A1t+tri%E1%BB%83n+b%E1%BB%81n+v%E1%BB%AFng+ESG%22+2023+filetype%3Apdf,https://www.google.com/search?q=site%3Acoteccons.vn+%22CTD%22+%22b%C3%A1o+c%C3%A1o+ph%C3%A1t+tri%E1%BB%83n+b%E1%BB%81n+v%E1%BB%AFng+ESG%22+2023+filetype%3Apdf
ctd,CTD,2023,financial,"""CTD"" ""báo cáo tài chính năm kiểm toán hợp nhất"" 2023 filetype:pdf",https://www.google.com/search?q=%22CTD%22+%22b%C3%A1o+c%C3%A1o+t%C3%A0i+ch%C3%ADnh+n%C4%83m+ki%E1%BB%83m+to%C3%A1n+h%E1%BB%A3p+nh%E1%BA%A5t%22+2023+filetype%3Apdf,https://www.google.com/search?q=site%3Acoteccons.vn+%22CTD%22+%22b%C3%A1o+c%C3%A1o+t%C3%A0i+ch%C3%ADnh+n%C4%83m+ki%E1%BB%83m+to%C3%A1n+h%E1%BB%A3p+nh%E1%BA%A5t%22+2023+filetype%3Apdf
ctd,CTD,2023,governance,"""CTD"" ""báo cáo tình hình quản trị công ty cả năm"" 2023 filetype:pdf",https://www.google.com/search?q=%22CTD%22+%22b%C3%A1o+c%C3%A1o+t%C3%ACnh+h%C3%ACnh+qu%E1%BA%A3n+tr%E1%BB%8B+c%C3%B4ng+ty+c%E1%BA%A3+n%C4%83m%22+2023+filetype%3Apdf,https://www.google.com/search?q=site%3Acoteccons.vn+%22CTD%22+%22b%C3%A1o+c%C3%A1o+t%C3%ACnh+h%C3%ACnh+qu%E1%BA%A3n+tr%E1%BB%8B+c%C3%B4ng+ty+c%E1%BA%A3+n%C4%83m%22+2023+filetype%3Apdf
ctd,CTD,2023,environmental,"""CTD"" ""giấy phép môi trường quan trắc xử phạt môi trường"" 2023 filetype:pdf",https://www.google.com/search?q=%22CTD%22+%22gi%E1%BA%A5y+ph%C3%A9p+m%C3%B4i+tr%C6%B0%E1%BB%9Dng+quan+tr%E1%BA%AFc+x%E1%BB%AD+ph%E1%BA%A1t+m%C3%B4i+tr%C6%B0%E1%BB%9Dng%22+2023+filetype%3Apdf,https://www.google.com/search?q=site%3Acoteccons.vn+%22CTD%22+%22gi%E1%BA%A5y+ph%C3%A9p+m%C3%B4i+tr%C6%B0%E1%BB%9Dng+quan+tr%E1%BA%AFc+x%E1%BB%AD+ph%E1%BA%A1t+m%C3%B4i+tr%C6%B0%E1%BB%9Dng%22+2023+filetype%3Apdf
ctd,CTD,2024,annual,"""CTD"" ""báo cáo thường niên"" 2024 filetype:pdf",https://www.google.com/search?q=%22CTD%22+%22b%C3%A1o+c%C3%A1o+th%C6%B0%E1%BB%9Dng+ni%C3%AAn%22+2024+filetype%3Apdf,https://www.google.com/search?q=site%3Acoteccons.vn+%22CTD%22+%22b%C3%A1o+c%C3%A1o+th%C6%B0%E1%BB%9Dng+ni%C3%AAn%22+2024+filetype%3Apdf
ctd,CTD,2024,sustainability,"""CTD"" ""báo cáo phát triển bền vững ESG"" 2024 filetype:pdf",https://www.google.com/search?q=%22CTD%22+%22b%C3%A1o+c%C3%A1o+ph%C3%A1t+tri%E1%BB%83n+b%E1%BB%81n+v%E1%BB%AFng+ESG%22+2024+filetype%3Apdf,https://www.google.com/search?q=site%3Acoteccons.vn+%22CTD%22+%22b%C3%A1o+c%C3%A1o+ph%C3%A1t+tri%E1%BB%83n+b%E1%BB%81n+v%E1%BB%AFng+ESG%22+2024+filetype%3Apdf
ctd,CTD,2024,financial,"""CTD"" ""báo cáo tài chính năm kiểm toán hợp nhất"" 2024 filetype:pdf",https://www.google.com/search?q=%22CTD%22+%22b%C3%A1o+c%C3%A1o+t%C3%A0i+ch%C3%ADnh+n%C4%83m+ki%E1%BB%83m+to%C3%A1n+h%E1%BB%A3p+nh%E1%BA%A5t%22+2024+filetype%3Apdf,https://www.google.com/search?q=site%3Acoteccons.vn+%22CTD%22+%22b%C3%A1o+c%C3%A1o+t%C3%A0i+ch%C3%ADnh+n%C4%83m+ki%E1%BB%83m+to%C3%A1n+h%E1%BB%A3p+nh%E1%BA%A5t%22+2024+filetype%3Apdf
ctd,CTD,2024,governance,"""CTD"" ""báo cáo tình hình quản trị công ty cả năm"" 2024 filetype:pdf",https://www.google.com/search?q=%22CTD%22+%22b%C3%A1o+c%C3%A1o+t%C3%ACnh+h%C3%ACnh+qu%E1%BA%A3n+tr%E1%BB%8B+c%C3%B4ng+ty+c%E1%BA%A3+n%C4%83m%22+2024+filetype%3Apdf,https://www.google.com/search?q=site%3Acoteccons.vn+%22CTD%22+%22b%C3%A1o+c%C3%A1o+t%C3%ACnh+h%C3%ACnh+qu%E1%BA%A3n+tr%E1%BB%8B+c%C3%B4ng+ty+c%E1%BA%A3+n%C4%83m%22+2024+filetype%3Apdf
ctd,CTD,2024,environmental,"""CTD"" ""giấy phép môi trường quan trắc xử phạt môi trường"" 2024 filetype:pdf",https://www.google.com/search?q=%22CTD%22+%22gi%E1%BA%A5y+ph%C3%A9p+m%C3%B4i+tr%C6%B0%E1%BB%9Dng+quan+tr%E1%BA%AFc+x%E1%BB%AD+ph%E1%BA%A1t+m%C3%B4i+tr%C6%B0%E1%BB%9Dng%22+2024+filetype%3Apdf,https://www.google.com/search?q=site%3Acoteccons.vn+%22CTD%22+%22gi%E1%BA%A5y+ph%C3%A9p+m%C3%B4i+tr%C6%B0%E1%BB%9Dng+quan+tr%E1%BA%AFc+x%E1%BB%AD+ph%E1%BA%A1t+m%C3%B4i+tr%C6%B0%E1%BB%9Dng%22+2024+filetype%3Apdf
ctd,CTD,2025,annual,"""CTD"" ""báo cáo thường niên"" 2025 filetype:pdf",https://www.google.com/search?q=%22CTD%22+%22b%C3%A1o+c%C3%A1o+th%C6%B0%E1%BB%9Dng+ni%C3%AAn%22+2025+filetype%3Apdf,https://www.google.com/search?q=site%3Acoteccons.vn+%22CTD%22+%22b%C3%A1o+c%C3%A1o+th%C6%B0%E1%BB%9Dng+ni%C3%AAn%22+2025+filetype%3Apdf
ctd,CTD,2025,sustainability,"""CTD"" ""báo cáo phát triển bền vững ESG"" 2025 filetype:pdf",https://www.google.com/search?q=%22CTD%22+%22b%C3%A1o+c%C3%A1o+ph%C3%A1t+tri%E1%BB%83n+b%E1%BB%81n+v%E1%BB%AFng+ESG%22+2025+filetype%3Apdf,https://www.google.com/search?q=site%3Acoteccons.vn+%22CTD%22+%22b%C3%A1o+c%C3%A1o+ph%C3%A1t+tri%E1%BB%83n+b%E1%BB%81n+v%E1%BB%AFng+ESG%22+2025+filetype%3Apdf
ctd,CTD,2025,financial,"""CTD"" ""báo cáo tài chính năm kiểm toán hợp nhất"" 2025 filetype:pdf",https://www.google.com/search?q=%22CTD%22+%22b%C3%A1o+c%C3%A1o+t%C3%A0i+ch%C3%ADnh+n%C4%83m+ki%E1%BB%83m+to%C3%A1n+h%E1%BB%A3p+nh%E1%BA%A5t%22+2025+filetype%3Apdf,https://www.google.com/search?q=site%3Acoteccons.vn+%22CTD%22+%22b%C3%A1o+c%C3%A1o+t%C3%A0i+ch%C3%ADnh+n%C4%83m+ki%E1%BB%83m+to%C3%A1n+h%E1%BB%A3p+nh%E1%BA%A5t%22+2025+filetype%3Apdf
ctd,CTD,2025,governance,"""CTD"" ""báo cáo tình hình quản trị công ty cả năm"" 2025 filetype:pdf",https://www.google.com/search?q=%22CTD%22+%22b%C3%A1o+c%C3%A1o+t%C3%ACnh+h%C3%ACnh+qu%E1%BA%A3n+tr%E1%BB%8B+c%C3%B4ng+ty+c%E1%BA%A3+n%C4%83m%22+2025+filetype%3Apdf,https://www.google.com/search?q=site%3Acoteccons.vn+%22CTD%22+%22b%C3%A1o+c%C3%A1o+t%C3%ACnh+h%C3%ACnh+qu%E1%BA%A3n+tr%E1%BB%8B+c%C3%B4ng+ty+c%E1%BA%A3+n%C4%83m%22+2025+filetype%3Apdf
ctd,CTD,2025,environmental,"""CTD"" ""giấy phép môi trường quan trắc xử phạt môi trường"" 2025 filetype:pdf",https://www.google.com/search?q=%22CTD%22+%22gi%E1%BA%A5y+ph%C3%A9p+m%C3%B4i+tr%C6%B0%E1%BB%9Dng+quan+tr%E1%BA%AFc+x%E1%BB%AD+ph%E1%BA%A1t+m%C3%B4i+tr%C6%B0%E1%BB%9Dng%22+2025+filetype%3Apdf,https://www.google.com/search?q=site%3Acoteccons.vn+%22CTD%22+%22gi%E1%BA%A5y+ph%C3%A9p+m%C3%B4i+tr%C6%B0%E1%BB%9Dng+quan+tr%E1%BA%AFc+x%E1%BB%AD+ph%E1%BA%A1t+m%C3%B4i+tr%C6%B0%E1%BB%9Dng%22+2025+filetype%3Apdf
sab,SAB,2021,annual,"""SAB"" ""báo cáo thường niên"" 2021 filetype:pdf",https://www.google.com/search?q=%22SAB%22+%22b%C3%A1o+c%C3%A1o+th%C6%B0%E1%BB%9Dng+ni%C3%AAn%22+2021+filetype%3Apdf,https://www.google.com/search?q=site%3Asabeco.com.vn+%22SAB%22+%22b%C3%A1o+c%C3%A1o+th%C6%B0%E1%BB%9Dng+ni%C3%AAn%22+2021+filetype%3Apdf
sab,SAB,2021,sustainability,"""SAB"" ""báo cáo phát triển bền vững ESG"" 2021 filetype:pdf",https://www.google.com/search?q=%22SAB%22+%22b%C3%A1o+c%C3%A1o+ph%C3%A1t+tri%E1%BB%83n+b%E1%BB%81n+v%E1%BB%AFng+ESG%22+2021+filetype%3Apdf,https://www.google.com/search?q=site%3Asabeco.com.vn+%22SAB%22+%22b%C3%A1o+c%C3%A1o+ph%C3%A1t+tri%E1%BB%83n+b%E1%BB%81n+v%E1%BB%AFng+ESG%22+2021+filetype%3Apdf
sab,SAB,2021,financial,"""SAB"" ""báo cáo tài chính năm kiểm toán hợp nhất"" 2021 filetype:pdf",https://www.google.com/search?q=%22SAB%22+%22b%C3%A1o+c%C3%A1o+t%C3%A0i+ch%C3%ADnh+n%C4%83m+ki%E1%BB%83m+to%C3%A1n+h%E1%BB%A3p+nh%E1%BA%A5t%22+2021+filetype%3Apdf,https://www.google.com/search?q=site%3Asabeco.com.vn+%22SAB%22+%22b%C3%A1o+c%C3%A1o+t%C3%A0i+ch%C3%ADnh+n%C4%83m+ki%E1%BB%83m+to%C3%A1n+h%E1%BB%A3p+nh%E1%BA%A5t%22+2021+filetype%3Apdf
sab,SAB,2021,governance,"""SAB"" ""báo cáo tình hình quản trị công ty cả năm"" 2021 filetype:pdf",https://www.google.com/search?q=%22SAB%22+%22b%C3%A1o+c%C3%A1o+t%C3%ACnh+h%C3%ACnh+qu%E1%BA%A3n+tr%E1%BB%8B+c%C3%B4ng+ty+c%E1%BA%A3+n%C4%83m%22+2021+filetype%3Apdf,https://www.google.com/search?q=site%3Asabeco.com.vn+%22SAB%22+%22b%C3%A1o+c%C3%A1o+t%C3%ACnh+h%C3%ACnh+qu%E1%BA%A3n+tr%E1%BB%8B+c%C3%B4ng+ty+c%E1%BA%A3+n%C4%83m%22+2021+filetype%3Apdf
sab,SAB,2021,environmental,"""SAB"" ""giấy phép môi trường quan trắc xử phạt môi trường"" 2021 filetype:pdf",https://www.google.com/search?q=%22SAB%22+%22gi%E1%BA%A5y+ph%C3%A9p+m%C3%B4i+tr%C6%B0%E1%BB%9Dng+quan+tr%E1%BA%AFc+x%E1%BB%AD+ph%E1%BA%A1t+m%C3%B4i+tr%C6%B0%E1%BB%9Dng%22+2021+filetype%3Apdf,https://www.google.com/search?q=site%3Asabeco.com.vn+%22SAB%22+%22gi%E1%BA%A5y+ph%C3%A9p+m%C3%B4i+tr%C6%B0%E1%BB%9Dng+quan+tr%E1%BA%AFc+x%E1%BB%AD+ph%E1%BA%A1t+m%C3%B4i+tr%C6%B0%E1%BB%9Dng%22+2021+filetype%3Apdf
sab,SAB,2022,annual,"""SAB"" ""báo cáo thường niên"" 2022 filetype:pdf",https://www.google.com/search?q=%22SAB%22+%22b%C3%A1o+c%C3%A1o+th%C6%B0%E1%BB%9Dng+ni%C3%AAn%22+2022+filetype%3Apdf,https://www.google.com/search?q=site%3Asabeco.com.vn+%22SAB%22+%22b%C3%A1o+c%C3%A1o+th%C6%B0%E1%BB%9Dng+ni%C3%AAn%22+2022+filetype%3Apdf
sab,SAB,2022,sustainability,"""SAB"" ""báo cáo phát triển bền vững ESG"" 2022 filetype:pdf",https://www.google.com/search?q=%22SAB%22+%22b%C3%A1o+c%C3%A1o+ph%C3%A1t+tri%E1%BB%83n+b%E1%BB%81n+v%E1%BB%AFng+ESG%22+2022+filetype%3Apdf,https://www.google.com/search?q=site%3Asabeco.com.vn+%22SAB%22+%22b%C3%A1o+c%C3%A1o+ph%C3%A1t+tri%E1%BB%83n+b%E1%BB%81n+v%E1%BB%AFng+ESG%22+2022+filetype%3Apdf
sab,SAB,2022,financial,"""SAB"" ""báo cáo tài chính năm kiểm toán hợp nhất"" 2022 filetype:pdf",https://www.google.com/search?q=%22SAB%22+%22b%C3%A1o+c%C3%A1o+t%C3%A0i+ch%C3%ADnh+n%C4%83m+ki%E1%BB%83m+to%C3%A1n+h%E1%BB%A3p+nh%E1%BA%A5t%22+2022+filetype%3Apdf,https://www.google.com/search?q=site%3Asabeco.com.vn+%22SAB%22+%22b%C3%A1o+c%C3%A1o+t%C3%A0i+ch%C3%ADnh+n%C4%83m+ki%E1%BB%83m+to%C3%A1n+h%E1%BB%A3p+nh%E1%BA%A5t%22+2022+filetype%3Apdf
sab,SAB,2022,governance,"""SAB"" ""báo cáo tình hình quản trị công ty cả năm"" 2022 filetype:pdf",https://www.google.com/search?q=%22SAB%22+%22b%C3%A1o+c%C3%A1o+t%C3%ACnh+h%C3%ACnh+qu%E1%BA%A3n+tr%E1%BB%8B+c%C3%B4ng+ty+c%E1%BA%A3+n%C4%83m%22+2022+filetype%3Apdf,https://www.google.com/search?q=site%3Asabeco.com.vn+%22SAB%22+%22b%C3%A1o+c%C3%A1o+t%C3%ACnh+h%C3%ACnh+qu%E1%BA%A3n+tr%E1%BB%8B+c%C3%B4ng+ty+c%E1%BA%A3+n%C4%83m%22+2022+filetype%3Apdf
sab,SAB,2022,environmental,"""SAB"" ""giấy phép môi trường quan trắc xử phạt môi trường"" 2022 filetype:pdf",https://www.google.com/search?q=%22SAB%22+%22gi%E1%BA%A5y+ph%C3%A9p+m%C3%B4i+tr%C6%B0%E1%BB%9Dng+quan+tr%E1%BA%AFc+x%E1%BB%AD+ph%E1%BA%A1t+m%C3%B4i+tr%C6%B0%E1%BB%9Dng%22+2022+filetype%3Apdf,https://www.google.com/search?q=site%3Asabeco.com.vn+%22SAB%22+%22gi%E1%BA%A5y+ph%C3%A9p+m%C3%B4i+tr%C6%B0%E1%BB%9Dng+quan+tr%E1%BA%AFc+x%E1%BB%AD+ph%E1%BA%A1t+m%C3%B4i+tr%C6%B0%E1%BB%9Dng%22+2022+filetype%3Apdf
sab,SAB,2023,annual,"""SAB"" ""báo cáo thường niên"" 2023 filetype:pdf",https://www.google.com/search?q=%22SAB%22+%22b%C3%A1o+c%C3%A1o+th%C6%B0%E1%BB%9Dng+ni%C3%AAn%22+2023+filetype%3Apdf,https://www.google.com/search?q=site%3Asabeco.com.vn+%22SAB%22+%22b%C3%A1o+c%C3%A1o+th%C6%B0%E1%BB%9Dng+ni%C3%AAn%22+2023+filetype%3Apdf
sab,SAB,2023,sustainability,"""SAB"" ""báo cáo phát triển bền vững ESG"" 2023 filetype:pdf",https://www.google.com/search?q=%22SAB%22+%22b%C3%A1o+c%C3%A1o+ph%C3%A1t+tri%E1%BB%83n+b%E1%BB%81n+v%E1%BB%AFng+ESG%22+2023+filetype%3Apdf,https://www.google.com/search?q=site%3Asabeco.com.vn+%22SAB%22+%22b%C3%A1o+c%C3%A1o+ph%C3%A1t+tri%E1%BB%83n+b%E1%BB%81n+v%E1%BB%AFng+ESG%22+2023+filetype%3Apdf
sab,SAB,2023,financial,"""SAB"" ""báo cáo tài chính năm kiểm toán hợp nhất"" 2023 filetype:pdf",https://www.google.com/search?q=%22SAB%22+%22b%C3%A1o+c%C3%A1o+t%C3%A0i+ch%C3%ADnh+n%C4%83m+ki%E1%BB%83m+to%C3%A1n+h%E1%BB%A3p+nh%E1%BA%A5t%22+2023+filetype%3Apdf,https://www.google.com/search?q=site%3Asabeco.com.vn+%22SAB%22+%22b%C3%A1o+c%C3%A1o+t%C3%A0i+ch%C3%ADnh+n%C4%83m+ki%E1%BB%83m+to%C3%A1n+h%E1%BB%A3p+nh%E1%BA%A5t%22+2023+filetype%3Apdf
sab,SAB,2023,governance,"""SAB"" ""báo cáo tình hình quản trị công ty cả năm"" 2023 filetype:pdf",https://www.google.com/search?q=%22SAB%22+%22b%C3%A1o+c%C3%A1o+t%C3%ACnh+h%C3%ACnh+qu%E1%BA%A3n+tr%E1%BB%8B+c%C3%B4ng+ty+c%E1%BA%A3+n%C4%83m%22+2023+filetype%3Apdf,https://www.google.com/search?q=site%3Asabeco.com.vn+%22SAB%22+%22b%C3%A1o+c%C3%A1o+t%C3%ACnh+h%C3%ACnh+qu%E1%BA%A3n+tr%E1%BB%8B+c%C3%B4ng+ty+c%E1%BA%A3+n%C4%83m%22+2023+filetype%3Apdf
sab,SAB,2023,environmental,"""SAB"" ""giấy phép môi trường quan trắc xử phạt môi trường"" 2023 filetype:pdf",https://www.google.com/search?q=%22SAB%22+%22gi%E1%BA%A5y+ph%C3%A9p+m%C3%B4i+tr%C6%B0%E1%BB%9Dng+quan+tr%E1%BA%AFc+x%E1%BB%AD+ph%E1%BA%A1t+m%C3%B4i+tr%C6%B0%E1%BB%9Dng%22+2023+filetype%3Apdf,https://www.google.com/search?q=site%3Asabeco.com.vn+%22SAB%22+%22gi%E1%BA%A5y+ph%C3%A9p+m%C3%B4i+tr%C6%B0%E1%BB%9Dng+quan+tr%E1%BA%AFc+x%E1%BB%AD+ph%E1%BA%A1t+m%C3%B4i+tr%C6%B0%E1%BB%9Dng%22+2023+filetype%3Apdf
sab,SAB,2024,annual,"""SAB"" ""báo cáo thường niên"" 2024 filetype:pdf",https://www.google.com/search?q=%22SAB%22+%22b%C3%A1o+c%C3%A1o+th%C6%B0%E1%BB%9Dng+ni%C3%AAn%22+2024+filetype%3Apdf,https://www.google.com/search?q=site%3Asabeco.com.vn+%22SAB%22+%22b%C3%A1o+c%C3%A1o+th%C6%B0%E1%BB%9Dng+ni%C3%AAn%22+2024+filetype%3Apdf
sab,SAB,2024,sustainability,"""SAB"" ""báo cáo phát triển bền vững ESG"" 2024 filetype:pdf",https://www.google.com/search?q=%22SAB%22+%22b%C3%A1o+c%C3%A1o+ph%C3%A1t+tri%E1%BB%83n+b%E1%BB%81n+v%E1%BB%AFng+ESG%22+2024+filetype%3Apdf,https://www.google.com/search?q=site%3Asabeco.com.vn+%22SAB%22+%22b%C3%A1o+c%C3%A1o+ph%C3%A1t+tri%E1%BB%83n+b%E1%BB%81n+v%E1%BB%AFng+ESG%22+2024+filetype%3Apdf
sab,SAB,2024,financial,"""SAB"" ""báo cáo tài chính năm kiểm toán hợp nhất"" 2024 filetype:pdf",https://www.google.com/search?q=%22SAB%22+%22b%C3%A1o+c%C3%A1o+t%C3%A0i+ch%C3%ADnh+n%C4%83m+ki%E1%BB%83m+to%C3%A1n+h%E1%BB%A3p+nh%E1%BA%A5t%22+2024+filetype%3Apdf,https://www.google.com/search?q=site%3Asabeco.com.vn+%22SAB%22+%22b%C3%A1o+c%C3%A1o+t%C3%A0i+ch%C3%ADnh+n%C4%83m+ki%E1%BB%83m+to%C3%A1n+h%E1%BB%A3p+nh%E1%BA%A5t%22+2024+filetype%3Apdf
sab,SAB,2024,governance,"""SAB"" ""báo cáo tình hình quản trị công ty cả năm"" 2024 filetype:pdf",https://www.google.com/search?q=%22SAB%22+%22b%C3%A1o+c%C3%A1o+t%C3%ACnh+h%C3%ACnh+qu%E1%BA%A3n+tr%E1%BB%8B+c%C3%B4ng+ty+c%E1%BA%A3+n%C4%83m%22+2024+filetype%3Apdf,https://www.google.com/search?q=site%3Asabeco.com.vn+%22SAB%22+%22b%C3%A1o+c%C3%A1o+t%C3%ACnh+h%C3%ACnh+qu%E1%BA%A3n+tr%E1%BB%8B+c%C3%B4ng+ty+c%E1%BA%A3+n%C4%83m%22+2024+filetype%3Apdf
sab,SAB,2024,environmental,"""SAB"" ""giấy phép môi trường quan trắc xử phạt môi trường"" 2024 filetype:pdf",https://www.google.com/search?q=%22SAB%22+%22gi%E1%BA%A5y+ph%C3%A9p+m%C3%B4i+tr%C6%B0%E1%BB%9Dng+quan+tr%E1%BA%AFc+x%E1%BB%AD+ph%E1%BA%A1t+m%C3%B4i+tr%C6%B0%E1%BB%9Dng%22+2024+filetype%3Apdf,https://www.google.com/search?q=site%3Asabeco.com.vn+%22SAB%22+%22gi%E1%BA%A5y+ph%C3%A9p+m%C3%B4i+tr%C6%B0%E1%BB%9Dng+quan+tr%E1%BA%AFc+x%E1%BB%AD+ph%E1%BA%A1t+m%C3%B4i+tr%C6%B0%E1%BB%9Dng%22+2024+filetype%3Apdf
sab,SAB,2025,annual,"""SAB"" ""báo cáo thường niên"" 2025 filetype:pdf",https://www.google.com/search?q=%22SAB%22+%22b%C3%A1o+c%C3%A1o+th%C6%B0%E1%BB%9Dng+ni%C3%AAn%22+2025+filetype%3Apdf,https://www.google.com/search?q=site%3Asabeco.com.vn+%22SAB%22+%22b%C3%A1o+c%C3%A1o+th%C6%B0%E1%BB%9Dng+ni%C3%AAn%22+2025+filetype%3Apdf
sab,SAB,2025,sustainability,"""SAB"" ""báo cáo phát triển bền vững ESG"" 2025 filetype:pdf",https://www.google.com/search?q=%22SAB%22+%22b%C3%A1o+c%C3%A1o+ph%C3%A1t+tri%E1%BB%83n+b%E1%BB%81n+v%E1%BB%AFng+ESG%22+2025+filetype%3Apdf,https://www.google.com/search?q=site%3Asabeco.com.vn+%22SAB%22+%22b%C3%A1o+c%C3%A1o+ph%C3%A1t+tri%E1%BB%83n+b%E1%BB%81n+v%E1%BB%AFng+ESG%22+2025+filetype%3Apdf
sab,SAB,2025,financial,"""SAB"" ""báo cáo tài chính năm kiểm toán hợp nhất"" 2025 filetype:pdf",https://www.google.com/search?q=%22SAB%22+%22b%C3%A1o+c%C3%A1o+t%C3%A0i+ch%C3%ADnh+n%C4%83m+ki%E1%BB%83m+to%C3%A1n+h%E1%BB%A3p+nh%E1%BA%A5t%22+2025+filetype%3Apdf,https://www.google.com/search?q=site%3Asabeco.com.vn+%22SAB%22+%22b%C3%A1o+c%C3%A1o+t%C3%A0i+ch%C3%ADnh+n%C4%83m+ki%E1%BB%83m+to%C3%A1n+h%E1%BB%A3p+nh%E1%BA%A5t%22+2025+filetype%3Apdf
sab,SAB,2025,governance,"""SAB"" ""báo cáo tình hình quản trị công ty cả năm"" 2025 filetype:pdf",https://www.google.com/search?q=%22SAB%22+%22b%C3%A1o+c%C3%A1o+t%C3%ACnh+h%C3%ACnh+qu%E1%BA%A3n+tr%E1%BB%8B+c%C3%B4ng+ty+c%E1%BA%A3+n%C4%83m%22+2025+filetype%3Apdf,https://www.google.com/search?q=site%3Asabeco.com.vn+%22SAB%22+%22b%C3%A1o+c%C3%A1o+t%C3%ACnh+h%C3%ACnh+qu%E1%BA%A3n+tr%E1%BB%8B+c%C3%B4ng+ty+c%E1%BA%A3+n%C4%83m%22+2025+filetype%3Apdf
sab,SAB,2025,environmental,"""SAB"" ""giấy phép môi trường quan trắc xử phạt môi trường"" 2025 filetype:pdf",https://www.google.com/search?q=%22SAB%22+%22gi%E1%BA%A5y+ph%C3%A9p+m%C3%B4i+tr%C6%B0%E1%BB%9Dng+quan+tr%E1%BA%AFc+x%E1%BB%AD+ph%E1%BA%A1t+m%C3%B4i+tr%C6%B0%E1%BB%9Dng%22+2025+filetype%3Apdf,https://www.google.com/search?q=site%3Asabeco.com.vn+%22SAB%22+%22gi%E1%BA%A5y+ph%C3%A9p+m%C3%B4i+tr%C6%B0%E1%BB%9Dng+quan+tr%E1%BA%AFc+x%E1%BB%AD+ph%E1%BA%A1t+m%C3%B4i+tr%C6%B0%E1%BB%9Dng%22+2025+filetype%3Apdf
pan,PAN,2021,annual,"""PAN"" ""báo cáo thường niên"" 2021 filetype:pdf",https://www.google.com/search?q=%22PAN%22+%22b%C3%A1o+c%C3%A1o+th%C6%B0%E1%BB%9Dng+ni%C3%AAn%22+2021+filetype%3Apdf,https://www.google.com/search?q=site%3Athepangroup.vn+%22PAN%22+%22b%C3%A1o+c%C3%A1o+th%C6%B0%E1%BB%9Dng+ni%C3%AAn%22+2021+filetype%3Apdf
pan,PAN,2021,sustainability,"""PAN"" ""báo cáo phát triển bền vững ESG"" 2021 filetype:pdf",https://www.google.com/search?q=%22PAN%22+%22b%C3%A1o+c%C3%A1o+ph%C3%A1t+tri%E1%BB%83n+b%E1%BB%81n+v%E1%BB%AFng+ESG%22+2021+filetype%3Apdf,https://www.google.com/search?q=site%3Athepangroup.vn+%22PAN%22+%22b%C3%A1o+c%C3%A1o+ph%C3%A1t+tri%E1%BB%83n+b%E1%BB%81n+v%E1%BB%AFng+ESG%22+2021+filetype%3Apdf
pan,PAN,2021,financial,"""PAN"" ""báo cáo tài chính năm kiểm toán hợp nhất"" 2021 filetype:pdf",https://www.google.com/search?q=%22PAN%22+%22b%C3%A1o+c%C3%A1o+t%C3%A0i+ch%C3%ADnh+n%C4%83m+ki%E1%BB%83m+to%C3%A1n+h%E1%BB%A3p+nh%E1%BA%A5t%22+2021+filetype%3Apdf,https://www.google.com/search?q=site%3Athepangroup.vn+%22PAN%22+%22b%C3%A1o+c%C3%A1o+t%C3%A0i+ch%C3%ADnh+n%C4%83m+ki%E1%BB%83m+to%C3%A1n+h%E1%BB%A3p+nh%E1%BA%A5t%22+2021+filetype%3Apdf
pan,PAN,2021,governance,"""PAN"" ""báo cáo tình hình quản trị công ty cả năm"" 2021 filetype:pdf",https://www.google.com/search?q=%22PAN%22+%22b%C3%A1o+c%C3%A1o+t%C3%ACnh+h%C3%ACnh+qu%E1%BA%A3n+tr%E1%BB%8B+c%C3%B4ng+ty+c%E1%BA%A3+n%C4%83m%22+2021+filetype%3Apdf,https://www.google.com/search?q=site%3Athepangroup.vn+%22PAN%22+%22b%C3%A1o+c%C3%A1o+t%C3%ACnh+h%C3%ACnh+qu%E1%BA%A3n+tr%E1%BB%8B+c%C3%B4ng+ty+c%E1%BA%A3+n%C4%83m%22+2021+filetype%3Apdf
pan,PAN,2021,environmental,"""PAN"" ""giấy phép môi trường quan trắc xử phạt môi trường"" 2021 filetype:pdf",https://www.google.com/search?q=%22PAN%22+%22gi%E1%BA%A5y+ph%C3%A9p+m%C3%B4i+tr%C6%B0%E1%BB%9Dng+quan+tr%E1%BA%AFc+x%E1%BB%AD+ph%E1%BA%A1t+m%C3%B4i+tr%C6%B0%E1%BB%9Dng%22+2021+filetype%3Apdf,https://www.google.com/search?q=site%3Athepangroup.vn+%22PAN%22+%22gi%E1%BA%A5y+ph%C3%A9p+m%C3%B4i+tr%C6%B0%E1%BB%9Dng+quan+tr%E1%BA%AFc+x%E1%BB%AD+ph%E1%BA%A1t+m%C3%B4i+tr%C6%B0%E1%BB%9Dng%22+2021+filetype%3Apdf
pan,PAN,2022,annual,"""PAN"" ""báo cáo thường niên"" 2022 filetype:pdf",https://www.google.com/search?q=%22PAN%22+%22b%C3%A1o+c%C3%A1o+th%C6%B0%E1%BB%9Dng+ni%C3%AAn%22+2022+filetype%3Apdf,https://www.google.com/search?q=site%3Athepangroup.vn+%22PAN%22+%22b%C3%A1o+c%C3%A1o+th%C6%B0%E1%BB%9Dng+ni%C3%AAn%22+2022+filetype%3Apdf
pan,PAN,2022,sustainability,"""PAN"" ""báo cáo phát triển bền vững ESG"" 2022 filetype:pdf",https://www.google.com/search?q=%22PAN%22+%22b%C3%A1o+c%C3%A1o+ph%C3%A1t+tri%E1%BB%83n+b%E1%BB%81n+v%E1%BB%AFng+ESG%22+2022+filetype%3Apdf,https://www.google.com/search?q=site%3Athepangroup.vn+%22PAN%22+%22b%C3%A1o+c%C3%A1o+ph%C3%A1t+tri%E1%BB%83n+b%E1%BB%81n+v%E1%BB%AFng+ESG%22+2022+filetype%3Apdf
pan,PAN,2022,financial,"""PAN"" ""báo cáo tài chính năm kiểm toán hợp nhất"" 2022 filetype:pdf",https://www.google.com/search?q=%22PAN%22+%22b%C3%A1o+c%C3%A1o+t%C3%A0i+ch%C3%ADnh+n%C4%83m+ki%E1%BB%83m+to%C3%A1n+h%E1%BB%A3p+nh%E1%BA%A5t%22+2022+filetype%3Apdf,https://www.google.com/search?q=site%3Athepangroup.vn+%22PAN%22+%22b%C3%A1o+c%C3%A1o+t%C3%A0i+ch%C3%ADnh+n%C4%83m+ki%E1%BB%83m+to%C3%A1n+h%E1%BB%A3p+nh%E1%BA%A5t%22+2022+filetype%3Apdf
pan,PAN,2022,governance,"""PAN"" ""báo cáo tình hình quản trị công ty cả năm"" 2022 filetype:pdf",https://www.google.com/search?q=%22PAN%22+%22b%C3%A1o+c%C3%A1o+t%C3%ACnh+h%C3%ACnh+qu%E1%BA%A3n+tr%E1%BB%8B+c%C3%B4ng+ty+c%E1%BA%A3+n%C4%83m%22+2022+filetype%3Apdf,https://www.google.com/search?q=site%3Athepangroup.vn+%22PAN%22+%22b%C3%A1o+c%C3%A1o+t%C3%ACnh+h%C3%ACnh+qu%E1%BA%A3n+tr%E1%BB%8B+c%C3%B4ng+ty+c%E1%BA%A3+n%C4%83m%22+2022+filetype%3Apdf
pan,PAN,2022,environmental,"""PAN"" ""giấy phép môi trường quan trắc xử phạt môi trường"" 2022 filetype:pdf",https://www.google.com/search?q=%22PAN%22+%22gi%E1%BA%A5y+ph%C3%A9p+m%C3%B4i+tr%C6%B0%E1%BB%9Dng+quan+tr%E1%BA%AFc+x%E1%BB%AD+ph%E1%BA%A1t+m%C3%B4i+tr%C6%B0%E1%BB%9Dng%22+2022+filetype%3Apdf,https://www.google.com/search?q=site%3Athepangroup.vn+%22PAN%22+%22gi%E1%BA%A5y+ph%C3%A9p+m%C3%B4i+tr%C6%B0%E1%BB%9Dng+quan+tr%E1%BA%AFc+x%E1%BB%AD+ph%E1%BA%A1t+m%C3%B4i+tr%C6%B0%E1%BB%9Dng%22+2022+filetype%3Apdf
pan,PAN,2023,annual,"""PAN"" ""báo cáo thường niên"" 2023 filetype:pdf",https://www.google.com/search?q=%22PAN%22+%22b%C3%A1o+c%C3%A1o+th%C6%B0%E1%BB%9Dng+ni%C3%AAn%22+2023+filetype%3Apdf,https://www.google.com/search?q=site%3Athepangroup.vn+%22PAN%22+%22b%C3%A1o+c%C3%A1o+th%C6%B0%E1%BB%9Dng+ni%C3%AAn%22+2023+filetype%3Apdf
pan,PAN,2023,sustainability,"""PAN"" ""báo cáo phát triển bền vững ESG"" 2023 filetype:pdf",https://www.google.com/search?q=%22PAN%22+%22b%C3%A1o+c%C3%A1o+ph%C3%A1t+tri%E1%BB%83n+b%E1%BB%81n+v%E1%BB%AFng+ESG%22+2023+filetype%3Apdf,https://www.google.com/search?q=site%3Athepangroup.vn+%22PAN%22+%22b%C3%A1o+c%C3%A1o+ph%C3%A1t+tri%E1%BB%83n+b%E1%BB%81n+v%E1%BB%AFng+ESG%22+2023+filetype%3Apdf
pan,PAN,2023,financial,"""PAN"" ""báo cáo tài chính năm kiểm toán hợp nhất"" 2023 filetype:pdf",https://www.google.com/search?q=%22PAN%22+%22b%C3%A1o+c%C3%A1o+t%C3%A0i+ch%C3%ADnh+n%C4%83m+ki%E1%BB%83m+to%C3%A1n+h%E1%BB%A3p+nh%E1%BA%A5t%22+2023+filetype%3Apdf,https://www.google.com/search?q=site%3Athepangroup.vn+%22PAN%22+%22b%C3%A1o+c%C3%A1o+t%C3%A0i+ch%C3%ADnh+n%C4%83m+ki%E1%BB%83m+to%C3%A1n+h%E1%BB%A3p+nh%E1%BA%A5t%22+2023+filetype%3Apdf
pan,PAN,2023,governance,"""PAN"" ""báo cáo tình hình quản trị công ty cả năm"" 2023 filetype:pdf",https://www.google.com/search?q=%22PAN%22+%22b%C3%A1o+c%C3%A1o+t%C3%ACnh+h%C3%ACnh+qu%E1%BA%A3n+tr%E1%BB%8B+c%C3%B4ng+ty+c%E1%BA%A3+n%C4%83m%22+2023+filetype%3Apdf,https://www.google.com/search?q=site%3Athepangroup.vn+%22PAN%22+%22b%C3%A1o+c%C3%A1o+t%C3%ACnh+h%C3%ACnh+qu%E1%BA%A3n+tr%E1%BB%8B+c%C3%B4ng+ty+c%E1%BA%A3+n%C4%83m%22+2023+filetype%3Apdf
pan,PAN,2023,environmental,"""PAN"" ""giấy phép môi trường quan trắc xử phạt môi trường"" 2023 filetype:pdf",https://www.google.com/search?q=%22PAN%22+%22gi%E1%BA%A5y+ph%C3%A9p+m%C3%B4i+tr%C6%B0%E1%BB%9Dng+quan+tr%E1%BA%AFc+x%E1%BB%AD+ph%E1%BA%A1t+m%C3%B4i+tr%C6%B0%E1%BB%9Dng%22+2023+filetype%3Apdf,https://www.google.com/search?q=site%3Athepangroup.vn+%22PAN%22+%22gi%E1%BA%A5y+ph%C3%A9p+m%C3%B4i+tr%C6%B0%E1%BB%9Dng+quan+tr%E1%BA%AFc+x%E1%BB%AD+ph%E1%BA%A1t+m%C3%B4i+tr%C6%B0%E1%BB%9Dng%22+2023+filetype%3Apdf
pan,PAN,2024,annual,"""PAN"" ""báo cáo thường niên"" 2024 filetype:pdf",https://www.google.com/search?q=%22PAN%22+%22b%C3%A1o+c%C3%A1o+th%C6%B0%E1%BB%9Dng+ni%C3%AAn%22+2024+filetype%3Apdf,https://www.google.com/search?q=site%3Athepangroup.vn+%22PAN%22+%22b%C3%A1o+c%C3%A1o+th%C6%B0%E1%BB%9Dng+ni%C3%AAn%22+2024+filetype%3Apdf
pan,PAN,2024,sustainability,"""PAN"" ""báo cáo phát triển bền vững ESG"" 2024 filetype:pdf",https://www.google.com/search?q=%22PAN%22+%22b%C3%A1o+c%C3%A1o+ph%C3%A1t+tri%E1%BB%83n+b%E1%BB%81n+v%E1%BB%AFng+ESG%22+2024+filetype%3Apdf,https://www.google.com/search?q=site%3Athepangroup.vn+%22PAN%22+%22b%C3%A1o+c%C3%A1o+ph%C3%A1t+tri%E1%BB%83n+b%E1%BB%81n+v%E1%BB%AFng+ESG%22+2024+filetype%3Apdf
pan,PAN,2024,financial,"""PAN"" ""báo cáo tài chính năm kiểm toán hợp nhất"" 2024 filetype:pdf",https://www.google.com/search?q=%22PAN%22+%22b%C3%A1o+c%C3%A1o+t%C3%A0i+ch%C3%ADnh+n%C4%83m+ki%E1%BB%83m+to%C3%A1n+h%E1%BB%A3p+nh%E1%BA%A5t%22+2024+filetype%3Apdf,https://www.google.com/search?q=site%3Athepangroup.vn+%22PAN%22+%22b%C3%A1o+c%C3%A1o+t%C3%A0i+ch%C3%ADnh+n%C4%83m+ki%E1%BB%83m+to%C3%A1n+h%E1%BB%A3p+nh%E1%BA%A5t%22+2024+filetype%3Apdf
pan,PAN,2024,governance,"""PAN"" ""báo cáo tình hình quản trị công ty cả năm"" 2024 filetype:pdf",https://www.google.com/search?q=%22PAN%22+%22b%C3%A1o+c%C3%A1o+t%C3%ACnh+h%C3%ACnh+qu%E1%BA%A3n+tr%E1%BB%8B+c%C3%B4ng+ty+c%E1%BA%A3+n%C4%83m%22+2024+filetype%3Apdf,https://www.google.com/search?q=site%3Athepangroup.vn+%22PAN%22+%22b%C3%A1o+c%C3%A1o+t%C3%ACnh+h%C3%ACnh+qu%E1%BA%A3n+tr%E1%BB%8B+c%C3%B4ng+ty+c%E1%BA%A3+n%C4%83m%22+2024+filetype%3Apdf
pan,PAN,2024,environmental,"""PAN"" ""giấy phép môi trường quan trắc xử phạt môi trường"" 2024 filetype:pdf",https://www.google.com/search?q=%22PAN%22+%22gi%E1%BA%A5y+ph%C3%A9p+m%C3%B4i+tr%C6%B0%E1%BB%9Dng+quan+tr%E1%BA%AFc+x%E1%BB%AD+ph%E1%BA%A1t+m%C3%B4i+tr%C6%B0%E1%BB%9Dng%22+2024+filetype%3Apdf,https://www.google.com/search?q=site%3Athepangroup.vn+%22PAN%22+%22gi%E1%BA%A5y+ph%C3%A9p+m%C3%B4i+tr%C6%B0%E1%BB%9Dng+quan+tr%E1%BA%AFc+x%E1%BB%AD+ph%E1%BA%A1t+m%C3%B4i+tr%C6%B0%E1%BB%9Dng%22+2024+filetype%3Apdf
pan,PAN,2025,annual,"""PAN"" ""báo cáo thường niên"" 2025 filetype:pdf",https://www.google.com/search?q=%22PAN%22+%22b%C3%A1o+c%C3%A1o+th%C6%B0%E1%BB%9Dng+ni%C3%AAn%22+2025+filetype%3Apdf,https://www.google.com/search?q=site%3Athepangroup.vn+%22PAN%22+%22b%C3%A1o+c%C3%A1o+th%C6%B0%E1%BB%9Dng+ni%C3%AAn%22+2025+filetype%3Apdf
pan,PAN,2025,sustainability,"""PAN"" ""báo cáo phát triển bền vững ESG"" 2025 filetype:pdf",https://www.google.com/search?q=%22PAN%22+%22b%C3%A1o+c%C3%A1o+ph%C3%A1t+tri%E1%BB%83n+b%E1%BB%81n+v%E1%BB%AFng+ESG%22+2025+filetype%3Apdf,https://www.google.com/search?q=site%3Athepangroup.vn+%22PAN%22+%22b%C3%A1o+c%C3%A1o+ph%C3%A1t+tri%E1%BB%83n+b%E1%BB%81n+v%E1%BB%AFng+ESG%22+2025+filetype%3Apdf
pan,PAN,2025,financial,"""PAN"" ""báo cáo tài chính năm kiểm toán hợp nhất"" 2025 filetype:pdf",https://www.google.com/search?q=%22PAN%22+%22b%C3%A1o+c%C3%A1o+t%C3%A0i+ch%C3%ADnh+n%C4%83m+ki%E1%BB%83m+to%C3%A1n+h%E1%BB%A3p+nh%E1%BA%A5t%22+2025+filetype%3Apdf,https://www.google.com/search?q=site%3Athepangroup.vn+%22PAN%22+%22b%C3%A1o+c%C3%A1o+t%C3%A0i+ch%C3%ADnh+n%C4%83m+ki%E1%BB%83m+to%C3%A1n+h%E1%BB%A3p+nh%E1%BA%A5t%22+2025+filetype%3Apdf
pan,PAN,2025,governance,"""PAN"" ""báo cáo tình hình quản trị công ty cả năm"" 2025 filetype:pdf",https://www.google.com/search?q=%22PAN%22+%22b%C3%A1o+c%C3%A1o+t%C3%ACnh+h%C3%ACnh+qu%E1%BA%A3n+tr%E1%BB%8B+c%C3%B4ng+ty+c%E1%BA%A3+n%C4%83m%22+2025+filetype%3Apdf,https://www.google.com/search?q=site%3Athepangroup.vn+%22PAN%22+%22b%C3%A1o+c%C3%A1o+t%C3%ACnh+h%C3%ACnh+qu%E1%BA%A3n+tr%E1%BB%8B+c%C3%B4ng+ty+c%E1%BA%A3+n%C4%83m%22+2025+filetype%3Apdf
pan,PAN,2025,environmental,"""PAN"" ""giấy phép môi trường quan trắc xử phạt môi trường"" 2025 filetype:pdf",https://www.google.com/search?q=%22PAN%22+%22gi%E1%BA%A5y+ph%C3%A9p+m%C3%B4i+tr%C6%B0%E1%BB%9Dng+quan+tr%E1%BA%AFc+x%E1%BB%AD+ph%E1%BA%A1t+m%C3%B4i+tr%C6%B0%E1%BB%9Dng%22+2025+filetype%3Apdf,https://www.google.com/search?q=site%3Athepangroup.vn+%22PAN%22+%22gi%E1%BA%A5y+ph%C3%A9p+m%C3%B4i+tr%C6%B0%E1%BB%9Dng+quan+tr%E1%BA%AFc+x%E1%BB%AD+ph%E1%BA%A1t+m%C3%B4i+tr%C6%B0%E1%BB%9Dng%22+2025+filetype%3Apdf
dhg,DHG,2021,annual,"""DHG"" ""báo cáo thường niên"" 2021 filetype:pdf",https://www.google.com/search?q=%22DHG%22+%22b%C3%A1o+c%C3%A1o+th%C6%B0%E1%BB%9Dng+ni%C3%AAn%22+2021+filetype%3Apdf,https://www.google.com/search?q=site%3Adhgpharma.com.vn+%22DHG%22+%22b%C3%A1o+c%C3%A1o+th%C6%B0%E1%BB%9Dng+ni%C3%AAn%22+2021+filetype%3Apdf
dhg,DHG,2021,sustainability,"""DHG"" ""báo cáo phát triển bền vững ESG"" 2021 filetype:pdf",https://www.google.com/search?q=%22DHG%22+%22b%C3%A1o+c%C3%A1o+ph%C3%A1t+tri%E1%BB%83n+b%E1%BB%81n+v%E1%BB%AFng+ESG%22+2021+filetype%3Apdf,https://www.google.com/search?q=site%3Adhgpharma.com.vn+%22DHG%22+%22b%C3%A1o+c%C3%A1o+ph%C3%A1t+tri%E1%BB%83n+b%E1%BB%81n+v%E1%BB%AFng+ESG%22+2021+filetype%3Apdf
dhg,DHG,2021,financial,"""DHG"" ""báo cáo tài chính năm kiểm toán hợp nhất"" 2021 filetype:pdf",https://www.google.com/search?q=%22DHG%22+%22b%C3%A1o+c%C3%A1o+t%C3%A0i+ch%C3%ADnh+n%C4%83m+ki%E1%BB%83m+to%C3%A1n+h%E1%BB%A3p+nh%E1%BA%A5t%22+2021+filetype%3Apdf,https://www.google.com/search?q=site%3Adhgpharma.com.vn+%22DHG%22+%22b%C3%A1o+c%C3%A1o+t%C3%A0i+ch%C3%ADnh+n%C4%83m+ki%E1%BB%83m+to%C3%A1n+h%E1%BB%A3p+nh%E1%BA%A5t%22+2021+filetype%3Apdf
dhg,DHG,2021,governance,"""DHG"" ""báo cáo tình hình quản trị công ty cả năm"" 2021 filetype:pdf",https://www.google.com/search?q=%22DHG%22+%22b%C3%A1o+c%C3%A1o+t%C3%ACnh+h%C3%ACnh+qu%E1%BA%A3n+tr%E1%BB%8B+c%C3%B4ng+ty+c%E1%BA%A3+n%C4%83m%22+2021+filetype%3Apdf,https://www.google.com/search?q=site%3Adhgpharma.com.vn+%22DHG%22+%22b%C3%A1o+c%C3%A1o+t%C3%ACnh+h%C3%ACnh+qu%E1%BA%A3n+tr%E1%BB%8B+c%C3%B4ng+ty+c%E1%BA%A3+n%C4%83m%22+2021+filetype%3Apdf
dhg,DHG,2021,environmental,"""DHG"" ""giấy phép môi trường quan trắc xử phạt môi trường"" 2021 filetype:pdf",https://www.google.com/search?q=%22DHG%22+%22gi%E1%BA%A5y+ph%C3%A9p+m%C3%B4i+tr%C6%B0%E1%BB%9Dng+quan+tr%E1%BA%AFc+x%E1%BB%AD+ph%E1%BA%A1t+m%C3%B4i+tr%C6%B0%E1%BB%9Dng%22+2021+filetype%3Apdf,https://www.google.com/search?q=site%3Adhgpharma.com.vn+%22DHG%22+%22gi%E1%BA%A5y+ph%C3%A9p+m%C3%B4i+tr%C6%B0%E1%BB%9Dng+quan+tr%E1%BA%AFc+x%E1%BB%AD+ph%E1%BA%A1t+m%C3%B4i+tr%C6%B0%E1%BB%9Dng%22+2021+filetype%3Apdf
dhg,DHG,2022,annual,"""DHG"" ""báo cáo thường niên"" 2022 filetype:pdf",https://www.google.com/search?q=%22DHG%22+%22b%C3%A1o+c%C3%A1o+th%C6%B0%E1%BB%9Dng+ni%C3%AAn%22+2022+filetype%3Apdf,https://www.google.com/search?q=site%3Adhgpharma.com.vn+%22DHG%22+%22b%C3%A1o+c%C3%A1o+th%C6%B0%E1%BB%9Dng+ni%C3%AAn%22+2022+filetype%3Apdf
dhg,DHG,2022,sustainability,"""DHG"" ""báo cáo phát triển bền vững ESG"" 2022 filetype:pdf",https://www.google.com/search?q=%22DHG%22+%22b%C3%A1o+c%C3%A1o+ph%C3%A1t+tri%E1%BB%83n+b%E1%BB%81n+v%E1%BB%AFng+ESG%22+2022+filetype%3Apdf,https://www.google.com/search?q=site%3Adhgpharma.com.vn+%22DHG%22+%22b%C3%A1o+c%C3%A1o+ph%C3%A1t+tri%E1%BB%83n+b%E1%BB%81n+v%E1%BB%AFng+ESG%22+2022+filetype%3Apdf
dhg,DHG,2022,financial,"""DHG"" ""báo cáo tài chính năm kiểm toán hợp nhất"" 2022 filetype:pdf",https://www.google.com/search?q=%22DHG%22+%22b%C3%A1o+c%C3%A1o+t%C3%A0i+ch%C3%ADnh+n%C4%83m+ki%E1%BB%83m+to%C3%A1n+h%E1%BB%A3p+nh%E1%BA%A5t%22+2022+filetype%3Apdf,https://www.google.com/search?q=site%3Adhgpharma.com.vn+%22DHG%22+%22b%C3%A1o+c%C3%A1o+t%C3%A0i+ch%C3%ADnh+n%C4%83m+ki%E1%BB%83m+to%C3%A1n+h%E1%BB%A3p+nh%E1%BA%A5t%22+2022+filetype%3Apdf
dhg,DHG,2022,governance,"""DHG"" ""báo cáo tình hình quản trị công ty cả năm"" 2022 filetype:pdf",https://www.google.com/search?q=%22DHG%22+%22b%C3%A1o+c%C3%A1o+t%C3%ACnh+h%C3%ACnh+qu%E1%BA%A3n+tr%E1%BB%8B+c%C3%B4ng+ty+c%E1%BA%A3+n%C4%83m%22+2022+filetype%3Apdf,https://www.google.com/search?q=site%3Adhgpharma.com.vn+%22DHG%22+%22b%C3%A1o+c%C3%A1o+t%C3%ACnh+h%C3%ACnh+qu%E1%BA%A3n+tr%E1%BB%8B+c%C3%B4ng+ty+c%E1%BA%A3+n%C4%83m%22+2022+filetype%3Apdf
dhg,DHG,2022,environmental,"""DHG"" ""giấy phép môi trường quan trắc xử phạt môi trường"" 2022 filetype:pdf",https://www.google.com/search?q=%22DHG%22+%22gi%E1%BA%A5y+ph%C3%A9p+m%C3%B4i+tr%C6%B0%E1%BB%9Dng+quan+tr%E1%BA%AFc+x%E1%BB%AD+ph%E1%BA%A1t+m%C3%B4i+tr%C6%B0%E1%BB%9Dng%22+2022+filetype%3Apdf,https://www.google.com/search?q=site%3Adhgpharma.com.vn+%22DHG%22+%22gi%E1%BA%A5y+ph%C3%A9p+m%C3%B4i+tr%C6%B0%E1%BB%9Dng+quan+tr%E1%BA%AFc+x%E1%BB%AD+ph%E1%BA%A1t+m%C3%B4i+tr%C6%B0%E1%BB%9Dng%22+2022+filetype%3Apdf
dhg,DHG,2023,annual,"""DHG"" ""báo cáo thường niên"" 2023 filetype:pdf",https://www.google.com/search?q=%22DHG%22+%22b%C3%A1o+c%C3%A1o+th%C6%B0%E1%BB%9Dng+ni%C3%AAn%22+2023+filetype%3Apdf,https://www.google.com/search?q=site%3Adhgpharma.com.vn+%22DHG%22+%22b%C3%A1o+c%C3%A1o+th%C6%B0%E1%BB%9Dng+ni%C3%AAn%22+2023+filetype%3Apdf
dhg,DHG,2023,sustainability,"""DHG"" ""báo cáo phát triển bền vững ESG"" 2023 filetype:pdf",https://www.google.com/search?q=%22DHG%22+%22b%C3%A1o+c%C3%A1o+ph%C3%A1t+tri%E1%BB%83n+b%E1%BB%81n+v%E1%BB%AFng+ESG%22+2023+filetype%3Apdf,https://www.google.com/search?q=site%3Adhgpharma.com.vn+%22DHG%22+%22b%C3%A1o+c%C3%A1o+ph%C3%A1t+tri%E1%BB%83n+b%E1%BB%81n+v%E1%BB%AFng+ESG%22+2023+filetype%3Apdf
dhg,DHG,2023,financial,"""DHG"" ""báo cáo tài chính năm kiểm toán hợp nhất"" 2023 filetype:pdf",https://www.google.com/search?q=%22DHG%22+%22b%C3%A1o+c%C3%A1o+t%C3%A0i+ch%C3%ADnh+n%C4%83m+ki%E1%BB%83m+to%C3%A1n+h%E1%BB%A3p+nh%E1%BA%A5t%22+2023+filetype%3Apdf,https://www.google.com/search?q=site%3Adhgpharma.com.vn+%22DHG%22+%22b%C3%A1o+c%C3%A1o+t%C3%A0i+ch%C3%ADnh+n%C4%83m+ki%E1%BB%83m+to%C3%A1n+h%E1%BB%A3p+nh%E1%BA%A5t%22+2023+filetype%3Apdf
dhg,DHG,2023,governance,"""DHG"" ""báo cáo tình hình quản trị công ty cả năm"" 2023 filetype:pdf",https://www.google.com/search?q=%22DHG%22+%22b%C3%A1o+c%C3%A1o+t%C3%ACnh+h%C3%ACnh+qu%E1%BA%A3n+tr%E1%BB%8B+c%C3%B4ng+ty+c%E1%BA%A3+n%C4%83m%22+2023+filetype%3Apdf,https://www.google.com/search?q=site%3Adhgpharma.com.vn+%22DHG%22+%22b%C3%A1o+c%C3%A1o+t%C3%ACnh+h%C3%ACnh+qu%E1%BA%A3n+tr%E1%BB%8B+c%C3%B4ng+ty+c%E1%BA%A3+n%C4%83m%22+2023+filetype%3Apdf
dhg,DHG,2023,environmental,"""DHG"" ""giấy phép môi trường quan trắc xử phạt môi trường"" 2023 filetype:pdf",https://www.google.com/search?q=%22DHG%22+%22gi%E1%BA%A5y+ph%C3%A9p+m%C3%B4i+tr%C6%B0%E1%BB%9Dng+quan+tr%E1%BA%AFc+x%E1%BB%AD+ph%E1%BA%A1t+m%C3%B4i+tr%C6%B0%E1%BB%9Dng%22+2023+filetype%3Apdf,https://www.google.com/search?q=site%3Adhgpharma.com.vn+%22DHG%22+%22gi%E1%BA%A5y+ph%C3%A9p+m%C3%B4i+tr%C6%B0%E1%BB%9Dng+quan+tr%E1%BA%AFc+x%E1%BB%AD+ph%E1%BA%A1t+m%C3%B4i+tr%C6%B0%E1%BB%9Dng%22+2023+filetype%3Apdf
dhg,DHG,2024,annual,"""DHG"" ""báo cáo thường niên"" 2024 filetype:pdf",https://www.google.com/search?q=%22DHG%22+%22b%C3%A1o+c%C3%A1o+th%C6%B0%E1%BB%9Dng+ni%C3%AAn%22+2024+filetype%3Apdf,https://www.google.com/search?q=site%3Adhgpharma.com.vn+%22DHG%22+%22b%C3%A1o+c%C3%A1o+th%C6%B0%E1%BB%9Dng+ni%C3%AAn%22+2024+filetype%3Apdf
dhg,DHG,2024,sustainability,"""DHG"" ""báo cáo phát triển bền vững ESG"" 2024 filetype:pdf",https://www.google.com/search?q=%22DHG%22+%22b%C3%A1o+c%C3%A1o+ph%C3%A1t+tri%E1%BB%83n+b%E1%BB%81n+v%E1%BB%AFng+ESG%22+2024+filetype%3Apdf,https://www.google.com/search?q=site%3Adhgpharma.com.vn+%22DHG%22+%22b%C3%A1o+c%C3%A1o+ph%C3%A1t+tri%E1%BB%83n+b%E1%BB%81n+v%E1%BB%AFng+ESG%22+2024+filetype%3Apdf
dhg,DHG,2024,financial,"""DHG"" ""báo cáo tài chính năm kiểm toán hợp nhất"" 2024 filetype:pdf",https://www.google.com/search?q=%22DHG%22+%22b%C3%A1o+c%C3%A1o+t%C3%A0i+ch%C3%ADnh+n%C4%83m+ki%E1%BB%83m+to%C3%A1n+h%E1%BB%A3p+nh%E1%BA%A5t%22+2024+filetype%3Apdf,https://www.google.com/search?q=site%3Adhgpharma.com.vn+%22DHG%22+%22b%C3%A1o+c%C3%A1o+t%C3%A0i+ch%C3%ADnh+n%C4%83m+ki%E1%BB%83m+to%C3%A1n+h%E1%BB%A3p+nh%E1%BA%A5t%22+2024+filetype%3Apdf
dhg,DHG,2024,governance,"""DHG"" ""báo cáo tình hình quản trị công ty cả năm"" 2024 filetype:pdf",https://www.google.com/search?q=%22DHG%22+%22b%C3%A1o+c%C3%A1o+t%C3%ACnh+h%C3%ACnh+qu%E1%BA%A3n+tr%E1%BB%8B+c%C3%B4ng+ty+c%E1%BA%A3+n%C4%83m%22+2024+filetype%3Apdf,https://www.google.com/search?q=site%3Adhgpharma.com.vn+%22DHG%22+%22b%C3%A1o+c%C3%A1o+t%C3%ACnh+h%C3%ACnh+qu%E1%BA%A3n+tr%E1%BB%8B+c%C3%B4ng+ty+c%E1%BA%A3+n%C4%83m%22+2024+filetype%3Apdf
dhg,DHG,2024,environmental,"""DHG"" ""giấy phép môi trường quan trắc xử phạt môi trường"" 2024 filetype:pdf",https://www.google.com/search?q=%22DHG%22+%22gi%E1%BA%A5y+ph%C3%A9p+m%C3%B4i+tr%C6%B0%E1%BB%9Dng+quan+tr%E1%BA%AFc+x%E1%BB%AD+ph%E1%BA%A1t+m%C3%B4i+tr%C6%B0%E1%BB%9Dng%22+2024+filetype%3Apdf,https://www.google.com/search?q=site%3Adhgpharma.com.vn+%22DHG%22+%22gi%E1%BA%A5y+ph%C3%A9p+m%C3%B4i+tr%C6%B0%E1%BB%9Dng+quan+tr%E1%BA%AFc+x%E1%BB%AD+ph%E1%BA%A1t+m%C3%B4i+tr%C6%B0%E1%BB%9Dng%22+2024+filetype%3Apdf
dhg,DHG,2025,annual,"""DHG"" ""báo cáo thường niên"" 2025 filetype:pdf",https://www.google.com/search?q=%22DHG%22+%22b%C3%A1o+c%C3%A1o+th%C6%B0%E1%BB%9Dng+ni%C3%AAn%22+2025+filetype%3Apdf,https://www.google.com/search?q=site%3Adhgpharma.com.vn+%22DHG%22+%22b%C3%A1o+c%C3%A1o+th%C6%B0%E1%BB%9Dng+ni%C3%AAn%22+2025+filetype%3Apdf
dhg,DHG,2025,sustainability,"""DHG"" ""báo cáo phát triển bền vững ESG"" 2025 filetype:pdf",https://www.google.com/search?q=%22DHG%22+%22b%C3%A1o+c%C3%A1o+ph%C3%A1t+tri%E1%BB%83n+b%E1%BB%81n+v%E1%BB%AFng+ESG%22+2025+filetype%3Apdf,https://www.google.com/search?q=site%3Adhgpharma.com.vn+%22DHG%22+%22b%C3%A1o+c%C3%A1o+ph%C3%A1t+tri%E1%BB%83n+b%E1%BB%81n+v%E1%BB%AFng+ESG%22+2025+filetype%3Apdf
dhg,DHG,2025,financial,"""DHG"" ""báo cáo tài chính năm kiểm toán hợp nhất"" 2025 filetype:pdf",https://www.google.com/search?q=%22DHG%22+%22b%C3%A1o+c%C3%A1o+t%C3%A0i+ch%C3%ADnh+n%C4%83m+ki%E1%BB%83m+to%C3%A1n+h%E1%BB%A3p+nh%E1%BA%A5t%22+2025+filetype%3Apdf,https://www.google.com/search?q=site%3Adhgpharma.com.vn+%22DHG%22+%22b%C3%A1o+c%C3%A1o+t%C3%A0i+ch%C3%ADnh+n%C4%83m+ki%E1%BB%83m+to%C3%A1n+h%E1%BB%A3p+nh%E1%BA%A5t%22+2025+filetype%3Apdf
dhg,DHG,2025,governance,"""DHG"" ""báo cáo tình hình quản trị công ty cả năm"" 2025 filetype:pdf",https://www.google.com/search?q=%22DHG%22+%22b%C3%A1o+c%C3%A1o+t%C3%ACnh+h%C3%ACnh+qu%E1%BA%A3n+tr%E1%BB%8B+c%C3%B4ng+ty+c%E1%BA%A3+n%C4%83m%22+2025+filetype%3Apdf,https://www.google.com/search?q=site%3Adhgpharma.com.vn+%22DHG%22+%22b%C3%A1o+c%C3%A1o+t%C3%ACnh+h%C3%ACnh+qu%E1%BA%A3n+tr%E1%BB%8B+c%C3%B4ng+ty+c%E1%BA%A3+n%C4%83m%22+2025+filetype%3Apdf
dhg,DHG,2025,environmental,"""DHG"" ""giấy phép môi trường quan trắc xử phạt môi trường"" 2025 filetype:pdf",https://www.google.com/search?q=%22DHG%22+%22gi%E1%BA%A5y+ph%C3%A9p+m%C3%B4i+tr%C6%B0%E1%BB%9Dng+quan+tr%E1%BA%AFc+x%E1%BB%AD+ph%E1%BA%A1t+m%C3%B4i+tr%C6%B0%E1%BB%9Dng%22+2025+filetype%3Apdf,https://www.google.com/search?q=site%3Adhgpharma.com.vn+%22DHG%22+%22gi%E1%BA%A5y+ph%C3%A9p+m%C3%B4i+tr%C6%B0%E1%BB%9Dng+quan+tr%E1%BA%AFc+x%E1%BB%AD+ph%E1%BA%A1t+m%C3%B4i+tr%C6%B0%E1%BB%9Dng%22+2025+filetype%3Apdf
tra,TRA,2021,annual,"""TRA"" ""báo cáo thường niên"" 2021 filetype:pdf",https://www.google.com/search?q=%22TRA%22+%22b%C3%A1o+c%C3%A1o+th%C6%B0%E1%BB%9Dng+ni%C3%AAn%22+2021+filetype%3Apdf,https://www.google.com/search?q=site%3Atraphaco.com.vn+%22TRA%22+%22b%C3%A1o+c%C3%A1o+th%C6%B0%E1%BB%9Dng+ni%C3%AAn%22+2021+filetype%3Apdf
tra,TRA,2021,sustainability,"""TRA"" ""báo cáo phát triển bền vững ESG"" 2021 filetype:pdf",https://www.google.com/search?q=%22TRA%22+%22b%C3%A1o+c%C3%A1o+ph%C3%A1t+tri%E1%BB%83n+b%E1%BB%81n+v%E1%BB%AFng+ESG%22+2021+filetype%3Apdf,https://www.google.com/search?q=site%3Atraphaco.com.vn+%22TRA%22+%22b%C3%A1o+c%C3%A1o+ph%C3%A1t+tri%E1%BB%83n+b%E1%BB%81n+v%E1%BB%AFng+ESG%22+2021+filetype%3Apdf
tra,TRA,2021,financial,"""TRA"" ""báo cáo tài chính năm kiểm toán hợp nhất"" 2021 filetype:pdf",https://www.google.com/search?q=%22TRA%22+%22b%C3%A1o+c%C3%A1o+t%C3%A0i+ch%C3%ADnh+n%C4%83m+ki%E1%BB%83m+to%C3%A1n+h%E1%BB%A3p+nh%E1%BA%A5t%22+2021+filetype%3Apdf,https://www.google.com/search?q=site%3Atraphaco.com.vn+%22TRA%22+%22b%C3%A1o+c%C3%A1o+t%C3%A0i+ch%C3%ADnh+n%C4%83m+ki%E1%BB%83m+to%C3%A1n+h%E1%BB%A3p+nh%E1%BA%A5t%22+2021+filetype%3Apdf
tra,TRA,2021,governance,"""TRA"" ""báo cáo tình hình quản trị công ty cả năm"" 2021 filetype:pdf",https://www.google.com/search?q=%22TRA%22+%22b%C3%A1o+c%C3%A1o+t%C3%ACnh+h%C3%ACnh+qu%E1%BA%A3n+tr%E1%BB%8B+c%C3%B4ng+ty+c%E1%BA%A3+n%C4%83m%22+2021+filetype%3Apdf,https://www.google.com/search?q=site%3Atraphaco.com.vn+%22TRA%22+%22b%C3%A1o+c%C3%A1o+t%C3%ACnh+h%C3%ACnh+qu%E1%BA%A3n+tr%E1%BB%8B+c%C3%B4ng+ty+c%E1%BA%A3+n%C4%83m%22+2021+filetype%3Apdf
tra,TRA,2021,environmental,"""TRA"" ""giấy phép môi trường quan trắc xử phạt môi trường"" 2021 filetype:pdf",https://www.google.com/search?q=%22TRA%22+%22gi%E1%BA%A5y+ph%C3%A9p+m%C3%B4i+tr%C6%B0%E1%BB%9Dng+quan+tr%E1%BA%AFc+x%E1%BB%AD+ph%E1%BA%A1t+m%C3%B4i+tr%C6%B0%E1%BB%9Dng%22+2021+filetype%3Apdf,https://www.google.com/search?q=site%3Atraphaco.com.vn+%22TRA%22+%22gi%E1%BA%A5y+ph%C3%A9p+m%C3%B4i+tr%C6%B0%E1%BB%9Dng+quan+tr%E1%BA%AFc+x%E1%BB%AD+ph%E1%BA%A1t+m%C3%B4i+tr%C6%B0%E1%BB%9Dng%22+2021+filetype%3Apdf
tra,TRA,2022,annual,"""TRA"" ""báo cáo thường niên"" 2022 filetype:pdf",https://www.google.com/search?q=%22TRA%22+%22b%C3%A1o+c%C3%A1o+th%C6%B0%E1%BB%9Dng+ni%C3%AAn%22+2022+filetype%3Apdf,https://www.google.com/search?q=site%3Atraphaco.com.vn+%22TRA%22+%22b%C3%A1o+c%C3%A1o+th%C6%B0%E1%BB%9Dng+ni%C3%AAn%22+2022+filetype%3Apdf
tra,TRA,2022,sustainability,"""TRA"" ""báo cáo phát triển bền vững ESG"" 2022 filetype:pdf",https://www.google.com/search?q=%22TRA%22+%22b%C3%A1o+c%C3%A1o+ph%C3%A1t+tri%E1%BB%83n+b%E1%BB%81n+v%E1%BB%AFng+ESG%22+2022+filetype%3Apdf,https://www.google.com/search?q=site%3Atraphaco.com.vn+%22TRA%22+%22b%C3%A1o+c%C3%A1o+ph%C3%A1t+tri%E1%BB%83n+b%E1%BB%81n+v%E1%BB%AFng+ESG%22+2022+filetype%3Apdf
tra,TRA,2022,financial,"""TRA"" ""báo cáo tài chính năm kiểm toán hợp nhất"" 2022 filetype:pdf",https://www.google.com/search?q=%22TRA%22+%22b%C3%A1o+c%C3%A1o+t%C3%A0i+ch%C3%ADnh+n%C4%83m+ki%E1%BB%83m+to%C3%A1n+h%E1%BB%A3p+nh%E1%BA%A5t%22+2022+filetype%3Apdf,https://www.google.com/search?q=site%3Atraphaco.com.vn+%22TRA%22+%22b%C3%A1o+c%C3%A1o+t%C3%A0i+ch%C3%ADnh+n%C4%83m+ki%E1%BB%83m+to%C3%A1n+h%E1%BB%A3p+nh%E1%BA%A5t%22+2022+filetype%3Apdf
tra,TRA,2022,governance,"""TRA"" ""báo cáo tình hình quản trị công ty cả năm"" 2022 filetype:pdf",https://www.google.com/search?q=%22TRA%22+%22b%C3%A1o+c%C3%A1o+t%C3%ACnh+h%C3%ACnh+qu%E1%BA%A3n+tr%E1%BB%8B+c%C3%B4ng+ty+c%E1%BA%A3+n%C4%83m%22+2022+filetype%3Apdf,https://www.google.com/search?q=site%3Atraphaco.com.vn+%22TRA%22+%22b%C3%A1o+c%C3%A1o+t%C3%ACnh+h%C3%ACnh+qu%E1%BA%A3n+tr%E1%BB%8B+c%C3%B4ng+ty+c%E1%BA%A3+n%C4%83m%22+2022+filetype%3Apdf
tra,TRA,2022,environmental,"""TRA"" ""giấy phép môi trường quan trắc xử phạt môi trường"" 2022 filetype:pdf",https://www.google.com/search?q=%22TRA%22+%22gi%E1%BA%A5y+ph%C3%A9p+m%C3%B4i+tr%C6%B0%E1%BB%9Dng+quan+tr%E1%BA%AFc+x%E1%BB%AD+ph%E1%BA%A1t+m%C3%B4i+tr%C6%B0%E1%BB%9Dng%22+2022+filetype%3Apdf,https://www.google.com/search?q=site%3Atraphaco.com.vn+%22TRA%22+%22gi%E1%BA%A5y+ph%C3%A9p+m%C3%B4i+tr%C6%B0%E1%BB%9Dng+quan+tr%E1%BA%AFc+x%E1%BB%AD+ph%E1%BA%A1t+m%C3%B4i+tr%C6%B0%E1%BB%9Dng%22+2022+filetype%3Apdf
tra,TRA,2023,annual,"""TRA"" ""báo cáo thường niên"" 2023 filetype:pdf",https://www.google.com/search?q=%22TRA%22+%22b%C3%A1o+c%C3%A1o+th%C6%B0%E1%BB%9Dng+ni%C3%AAn%22+2023+filetype%3Apdf,https://www.google.com/search?q=site%3Atraphaco.com.vn+%22TRA%22+%22b%C3%A1o+c%C3%A1o+th%C6%B0%E1%BB%9Dng+ni%C3%AAn%22+2023+filetype%3Apdf
tra,TRA,2023,sustainability,"""TRA"" ""báo cáo phát triển bền vững ESG"" 2023 filetype:pdf",https://www.google.com/search?q=%22TRA%22+%22b%C3%A1o+c%C3%A1o+ph%C3%A1t+tri%E1%BB%83n+b%E1%BB%81n+v%E1%BB%AFng+ESG%22+2023+filetype%3Apdf,https://www.google.com/search?q=site%3Atraphaco.com.vn+%22TRA%22+%22b%C3%A1o+c%C3%A1o+ph%C3%A1t+tri%E1%BB%83n+b%E1%BB%81n+v%E1%BB%AFng+ESG%22+2023+filetype%3Apdf
tra,TRA,2023,financial,"""TRA"" ""báo cáo tài chính năm kiểm toán hợp nhất"" 2023 filetype:pdf",https://www.google.com/search?q=%22TRA%22+%22b%C3%A1o+c%C3%A1o+t%C3%A0i+ch%C3%ADnh+n%C4%83m+ki%E1%BB%83m+to%C3%A1n+h%E1%BB%A3p+nh%E1%BA%A5t%22+2023+filetype%3Apdf,https://www.google.com/search?q=site%3Atraphaco.com.vn+%22TRA%22+%22b%C3%A1o+c%C3%A1o+t%C3%A0i+ch%C3%ADnh+n%C4%83m+ki%E1%BB%83m+to%C3%A1n+h%E1%BB%A3p+nh%E1%BA%A5t%22+2023+filetype%3Apdf
tra,TRA,2023,governance,"""TRA"" ""báo cáo tình hình quản trị công ty cả năm"" 2023 filetype:pdf",https://www.google.com/search?q=%22TRA%22+%22b%C3%A1o+c%C3%A1o+t%C3%ACnh+h%C3%ACnh+qu%E1%BA%A3n+tr%E1%BB%8B+c%C3%B4ng+ty+c%E1%BA%A3+n%C4%83m%22+2023+filetype%3Apdf,https://www.google.com/search?q=site%3Atraphaco.com.vn+%22TRA%22+%22b%C3%A1o+c%C3%A1o+t%C3%ACnh+h%C3%ACnh+qu%E1%BA%A3n+tr%E1%BB%8B+c%C3%B4ng+ty+c%E1%BA%A3+n%C4%83m%22+2023+filetype%3Apdf
tra,TRA,2023,environmental,"""TRA"" ""giấy phép môi trường quan trắc xử phạt môi trường"" 2023 filetype:pdf",https://www.google.com/search?q=%22TRA%22+%22gi%E1%BA%A5y+ph%C3%A9p+m%C3%B4i+tr%C6%B0%E1%BB%9Dng+quan+tr%E1%BA%AFc+x%E1%BB%AD+ph%E1%BA%A1t+m%C3%B4i+tr%C6%B0%E1%BB%9Dng%22+2023+filetype%3Apdf,https://www.google.com/search?q=site%3Atraphaco.com.vn+%22TRA%22+%22gi%E1%BA%A5y+ph%C3%A9p+m%C3%B4i+tr%C6%B0%E1%BB%9Dng+quan+tr%E1%BA%AFc+x%E1%BB%AD+ph%E1%BA%A1t+m%C3%B4i+tr%C6%B0%E1%BB%9Dng%22+2023+filetype%3Apdf
tra,TRA,2024,annual,"""TRA"" ""báo cáo thường niên"" 2024 filetype:pdf",https://www.google.com/search?q=%22TRA%22+%22b%C3%A1o+c%C3%A1o+th%C6%B0%E1%BB%9Dng+ni%C3%AAn%22+2024+filetype%3Apdf,https://www.google.com/search?q=site%3Atraphaco.com.vn+%22TRA%22+%22b%C3%A1o+c%C3%A1o+th%C6%B0%E1%BB%9Dng+ni%C3%AAn%22+2024+filetype%3Apdf
tra,TRA,2024,sustainability,"""TRA"" ""báo cáo phát triển bền vững ESG"" 2024 filetype:pdf",https://www.google.com/search?q=%22TRA%22+%22b%C3%A1o+c%C3%A1o+ph%C3%A1t+tri%E1%BB%83n+b%E1%BB%81n+v%E1%BB%AFng+ESG%22+2024+filetype%3Apdf,https://www.google.com/search?q=site%3Atraphaco.com.vn+%22TRA%22+%22b%C3%A1o+c%C3%A1o+ph%C3%A1t+tri%E1%BB%83n+b%E1%BB%81n+v%E1%BB%AFng+ESG%22+2024+filetype%3Apdf
tra,TRA,2024,financial,"""TRA"" ""báo cáo tài chính năm kiểm toán hợp nhất"" 2024 filetype:pdf",https://www.google.com/search?q=%22TRA%22+%22b%C3%A1o+c%C3%A1o+t%C3%A0i+ch%C3%ADnh+n%C4%83m+ki%E1%BB%83m+to%C3%A1n+h%E1%BB%A3p+nh%E1%BA%A5t%22+2024+filetype%3Apdf,https://www.google.com/search?q=site%3Atraphaco.com.vn+%22TRA%22+%22b%C3%A1o+c%C3%A1o+t%C3%A0i+ch%C3%ADnh+n%C4%83m+ki%E1%BB%83m+to%C3%A1n+h%E1%BB%A3p+nh%E1%BA%A5t%22+2024+filetype%3Apdf
tra,TRA,2024,governance,"""TRA"" ""báo cáo tình hình quản trị công ty cả năm"" 2024 filetype:pdf",https://www.google.com/search?q=%22TRA%22+%22b%C3%A1o+c%C3%A1o+t%C3%ACnh+h%C3%ACnh+qu%E1%BA%A3n+tr%E1%BB%8B+c%C3%B4ng+ty+c%E1%BA%A3+n%C4%83m%22+2024+filetype%3Apdf,https://www.google.com/search?q=site%3Atraphaco.com.vn+%22TRA%22+%22b%C3%A1o+c%C3%A1o+t%C3%ACnh+h%C3%ACnh+qu%E1%BA%A3n+tr%E1%BB%8B+c%C3%B4ng+ty+c%E1%BA%A3+n%C4%83m%22+2024+filetype%3Apdf
tra,TRA,2024,environmental,"""TRA"" ""giấy phép môi trường quan trắc xử phạt môi trường"" 2024 filetype:pdf",https://www.google.com/search?q=%22TRA%22+%22gi%E1%BA%A5y+ph%C3%A9p+m%C3%B4i+tr%C6%B0%E1%BB%9Dng+quan+tr%E1%BA%AFc+x%E1%BB%AD+ph%E1%BA%A1t+m%C3%B4i+tr%C6%B0%E1%BB%9Dng%22+2024+filetype%3Apdf,https://www.google.com/search?q=site%3Atraphaco.com.vn+%22TRA%22+%22gi%E1%BA%A5y+ph%C3%A9p+m%C3%B4i+tr%C6%B0%E1%BB%9Dng+quan+tr%E1%BA%AFc+x%E1%BB%AD+ph%E1%BA%A1t+m%C3%B4i+tr%C6%B0%E1%BB%9Dng%22+2024+filetype%3Apdf
tra,TRA,2025,annual,"""TRA"" ""báo cáo thường niên"" 2025 filetype:pdf",https://www.google.com/search?q=%22TRA%22+%22b%C3%A1o+c%C3%A1o+th%C6%B0%E1%BB%9Dng+ni%C3%AAn%22+2025+filetype%3Apdf,https://www.google.com/search?q=site%3Atraphaco.com.vn+%22TRA%22+%22b%C3%A1o+c%C3%A1o+th%C6%B0%E1%BB%9Dng+ni%C3%AAn%22+2025+filetype%3Apdf
tra,TRA,2025,sustainability,"""TRA"" ""báo cáo phát triển bền vững ESG"" 2025 filetype:pdf",https://www.google.com/search?q=%22TRA%22+%22b%C3%A1o+c%C3%A1o+ph%C3%A1t+tri%E1%BB%83n+b%E1%BB%81n+v%E1%BB%AFng+ESG%22+2025+filetype%3Apdf,https://www.google.com/search?q=site%3Atraphaco.com.vn+%22TRA%22+%22b%C3%A1o+c%C3%A1o+ph%C3%A1t+tri%E1%BB%83n+b%E1%BB%81n+v%E1%BB%AFng+ESG%22+2025+filetype%3Apdf
tra,TRA,2025,financial,"""TRA"" ""báo cáo tài chính năm kiểm toán hợp nhất"" 2025 filetype:pdf",https://www.google.com/search?q=%22TRA%22+%22b%C3%A1o+c%C3%A1o+t%C3%A0i+ch%C3%ADnh+n%C4%83m+ki%E1%BB%83m+to%C3%A1n+h%E1%BB%A3p+nh%E1%BA%A5t%22+2025+filetype%3Apdf,https://www.google.com/search?q=site%3Atraphaco.com.vn+%22TRA%22+%22b%C3%A1o+c%C3%A1o+t%C3%A0i+ch%C3%ADnh+n%C4%83m+ki%E1%BB%83m+to%C3%A1n+h%E1%BB%A3p+nh%E1%BA%A5t%22+2025+filetype%3Apdf
tra,TRA,2025,governance,"""TRA"" ""báo cáo tình hình quản trị công ty cả năm"" 2025 filetype:pdf",https://www.google.com/search?q=%22TRA%22+%22b%C3%A1o+c%C3%A1o+t%C3%ACnh+h%C3%ACnh+qu%E1%BA%A3n+tr%E1%BB%8B+c%C3%B4ng+ty+c%E1%BA%A3+n%C4%83m%22+2025+filetype%3Apdf,https://www.google.com/search?q=site%3Atraphaco.com.vn+%22TRA%22+%22b%C3%A1o+c%C3%A1o+t%C3%ACnh+h%C3%ACnh+qu%E1%BA%A3n+tr%E1%BB%8B+c%C3%B4ng+ty+c%E1%BA%A3+n%C4%83m%22+2025+filetype%3Apdf
tra,TRA,2025,environmental,"""TRA"" ""giấy phép môi trường quan trắc xử phạt môi trường"" 2025 filetype:pdf",https://www.google.com/search?q=%22TRA%22+%22gi%E1%BA%A5y+ph%C3%A9p+m%C3%B4i+tr%C6%B0%E1%BB%9Dng+quan+tr%E1%BA%AFc+x%E1%BB%AD+ph%E1%BA%A1t+m%C3%B4i+tr%C6%B0%E1%BB%9Dng%22+2025+filetype%3Apdf,https://www.google.com/search?q=site%3Atraphaco.com.vn+%22TRA%22+%22gi%E1%BA%A5y+ph%C3%A9p+m%C3%B4i+tr%C6%B0%E1%BB%9Dng+quan+tr%E1%BA%AFc+x%E1%BB%AD+ph%E1%BA%A1t+m%C3%B4i+tr%C6%B0%E1%BB%9Dng%22+2025+filetype%3Apdf
tng,TNG,2021,annual,"""TNG"" ""báo cáo thường niên"" 2021 filetype:pdf",https://www.google.com/search?q=%22TNG%22+%22b%C3%A1o+c%C3%A1o+th%C6%B0%E1%BB%9Dng+ni%C3%AAn%22+2021+filetype%3Apdf,https://www.google.com/search?q=site%3Atng.vn+%22TNG%22+%22b%C3%A1o+c%C3%A1o+th%C6%B0%E1%BB%9Dng+ni%C3%AAn%22+2021+filetype%3Apdf
tng,TNG,2021,sustainability,"""TNG"" ""báo cáo phát triển bền vững ESG"" 2021 filetype:pdf",https://www.google.com/search?q=%22TNG%22+%22b%C3%A1o+c%C3%A1o+ph%C3%A1t+tri%E1%BB%83n+b%E1%BB%81n+v%E1%BB%AFng+ESG%22+2021+filetype%3Apdf,https://www.google.com/search?q=site%3Atng.vn+%22TNG%22+%22b%C3%A1o+c%C3%A1o+ph%C3%A1t+tri%E1%BB%83n+b%E1%BB%81n+v%E1%BB%AFng+ESG%22+2021+filetype%3Apdf
tng,TNG,2021,financial,"""TNG"" ""báo cáo tài chính năm kiểm toán hợp nhất"" 2021 filetype:pdf",https://www.google.com/search?q=%22TNG%22+%22b%C3%A1o+c%C3%A1o+t%C3%A0i+ch%C3%ADnh+n%C4%83m+ki%E1%BB%83m+to%C3%A1n+h%E1%BB%A3p+nh%E1%BA%A5t%22+2021+filetype%3Apdf,https://www.google.com/search?q=site%3Atng.vn+%22TNG%22+%22b%C3%A1o+c%C3%A1o+t%C3%A0i+ch%C3%ADnh+n%C4%83m+ki%E1%BB%83m+to%C3%A1n+h%E1%BB%A3p+nh%E1%BA%A5t%22+2021+filetype%3Apdf
tng,TNG,2021,governance,"""TNG"" ""báo cáo tình hình quản trị công ty cả năm"" 2021 filetype:pdf",https://www.google.com/search?q=%22TNG%22+%22b%C3%A1o+c%C3%A1o+t%C3%ACnh+h%C3%ACnh+qu%E1%BA%A3n+tr%E1%BB%8B+c%C3%B4ng+ty+c%E1%BA%A3+n%C4%83m%22+2021+filetype%3Apdf,https://www.google.com/search?q=site%3Atng.vn+%22TNG%22+%22b%C3%A1o+c%C3%A1o+t%C3%ACnh+h%C3%ACnh+qu%E1%BA%A3n+tr%E1%BB%8B+c%C3%B4ng+ty+c%E1%BA%A3+n%C4%83m%22+2021+filetype%3Apdf
tng,TNG,2021,environmental,"""TNG"" ""giấy phép môi trường quan trắc xử phạt môi trường"" 2021 filetype:pdf",https://www.google.com/search?q=%22TNG%22+%22gi%E1%BA%A5y+ph%C3%A9p+m%C3%B4i+tr%C6%B0%E1%BB%9Dng+quan+tr%E1%BA%AFc+x%E1%BB%AD+ph%E1%BA%A1t+m%C3%B4i+tr%C6%B0%E1%BB%9Dng%22+2021+filetype%3Apdf,https://www.google.com/search?q=site%3Atng.vn+%22TNG%22+%22gi%E1%BA%A5y+ph%C3%A9p+m%C3%B4i+tr%C6%B0%E1%BB%9Dng+quan+tr%E1%BA%AFc+x%E1%BB%AD+ph%E1%BA%A1t+m%C3%B4i+tr%C6%B0%E1%BB%9Dng%22+2021+filetype%3Apdf
tng,TNG,2022,annual,"""TNG"" ""báo cáo thường niên"" 2022 filetype:pdf",https://www.google.com/search?q=%22TNG%22+%22b%C3%A1o+c%C3%A1o+th%C6%B0%E1%BB%9Dng+ni%C3%AAn%22+2022+filetype%3Apdf,https://www.google.com/search?q=site%3Atng.vn+%22TNG%22+%22b%C3%A1o+c%C3%A1o+th%C6%B0%E1%BB%9Dng+ni%C3%AAn%22+2022+filetype%3Apdf
tng,TNG,2022,sustainability,"""TNG"" ""báo cáo phát triển bền vững ESG"" 2022 filetype:pdf",https://www.google.com/search?q=%22TNG%22+%22b%C3%A1o+c%C3%A1o+ph%C3%A1t+tri%E1%BB%83n+b%E1%BB%81n+v%E1%BB%AFng+ESG%22+2022+filetype%3Apdf,https://www.google.com/search?q=site%3Atng.vn+%22TNG%22+%22b%C3%A1o+c%C3%A1o+ph%C3%A1t+tri%E1%BB%83n+b%E1%BB%81n+v%E1%BB%AFng+ESG%22+2022+filetype%3Apdf
tng,TNG,2022,financial,"""TNG"" ""báo cáo tài chính năm kiểm toán hợp nhất"" 2022 filetype:pdf",https://www.google.com/search?q=%22TNG%22+%22b%C3%A1o+c%C3%A1o+t%C3%A0i+ch%C3%ADnh+n%C4%83m+ki%E1%BB%83m+to%C3%A1n+h%E1%BB%A3p+nh%E1%BA%A5t%22+2022+filetype%3Apdf,https://www.google.com/search?q=site%3Atng.vn+%22TNG%22+%22b%C3%A1o+c%C3%A1o+t%C3%A0i+ch%C3%ADnh+n%C4%83m+ki%E1%BB%83m+to%C3%A1n+h%E1%BB%A3p+nh%E1%BA%A5t%22+2022+filetype%3Apdf
tng,TNG,2022,governance,"""TNG"" ""báo cáo tình hình quản trị công ty cả năm"" 2022 filetype:pdf",https://www.google.com/search?q=%22TNG%22+%22b%C3%A1o+c%C3%A1o+t%C3%ACnh+h%C3%ACnh+qu%E1%BA%A3n+tr%E1%BB%8B+c%C3%B4ng+ty+c%E1%BA%A3+n%C4%83m%22+2022+filetype%3Apdf,https://www.google.com/search?q=site%3Atng.vn+%22TNG%22+%22b%C3%A1o+c%C3%A1o+t%C3%ACnh+h%C3%ACnh+qu%E1%BA%A3n+tr%E1%BB%8B+c%C3%B4ng+ty+c%E1%BA%A3+n%C4%83m%22+2022+filetype%3Apdf
tng,TNG,2022,environmental,"""TNG"" ""giấy phép môi trường quan trắc xử phạt môi trường"" 2022 filetype:pdf",https://www.google.com/search?q=%22TNG%22+%22gi%E1%BA%A5y+ph%C3%A9p+m%C3%B4i+tr%C6%B0%E1%BB%9Dng+quan+tr%E1%BA%AFc+x%E1%BB%AD+ph%E1%BA%A1t+m%C3%B4i+tr%C6%B0%E1%BB%9Dng%22+2022+filetype%3Apdf,https://www.google.com/search?q=site%3Atng.vn+%22TNG%22+%22gi%E1%BA%A5y+ph%C3%A9p+m%C3%B4i+tr%C6%B0%E1%BB%9Dng+quan+tr%E1%BA%AFc+x%E1%BB%AD+ph%E1%BA%A1t+m%C3%B4i+tr%C6%B0%E1%BB%9Dng%22+2022+filetype%3Apdf
tng,TNG,2023,annual,"""TNG"" ""báo cáo thường niên"" 2023 filetype:pdf",https://www.google.com/search?q=%22TNG%22+%22b%C3%A1o+c%C3%A1o+th%C6%B0%E1%BB%9Dng+ni%C3%AAn%22+2023+filetype%3Apdf,https://www.google.com/search?q=site%3Atng.vn+%22TNG%22+%22b%C3%A1o+c%C3%A1o+th%C6%B0%E1%BB%9Dng+ni%C3%AAn%22+2023+filetype%3Apdf
tng,TNG,2023,sustainability,"""TNG"" ""báo cáo phát triển bền vững ESG"" 2023 filetype:pdf",https://www.google.com/search?q=%22TNG%22+%22b%C3%A1o+c%C3%A1o+ph%C3%A1t+tri%E1%BB%83n+b%E1%BB%81n+v%E1%BB%AFng+ESG%22+2023+filetype%3Apdf,https://www.google.com/search?q=site%3Atng.vn+%22TNG%22+%22b%C3%A1o+c%C3%A1o+ph%C3%A1t+tri%E1%BB%83n+b%E1%BB%81n+v%E1%BB%AFng+ESG%22+2023+filetype%3Apdf
tng,TNG,2023,financial,"""TNG"" ""báo cáo tài chính năm kiểm toán hợp nhất"" 2023 filetype:pdf",https://www.google.com/search?q=%22TNG%22+%22b%C3%A1o+c%C3%A1o+t%C3%A0i+ch%C3%ADnh+n%C4%83m+ki%E1%BB%83m+to%C3%A1n+h%E1%BB%A3p+nh%E1%BA%A5t%22+2023+filetype%3Apdf,https://www.google.com/search?q=site%3Atng.vn+%22TNG%22+%22b%C3%A1o+c%C3%A1o+t%C3%A0i+ch%C3%ADnh+n%C4%83m+ki%E1%BB%83m+to%C3%A1n+h%E1%BB%A3p+nh%E1%BA%A5t%22+2023+filetype%3Apdf
tng,TNG,2023,governance,"""TNG"" ""báo cáo tình hình quản trị công ty cả năm"" 2023 filetype:pdf",https://www.google.com/search?q=%22TNG%22+%22b%C3%A1o+c%C3%A1o+t%C3%ACnh+h%C3%ACnh+qu%E1%BA%A3n+tr%E1%BB%8B+c%C3%B4ng+ty+c%E1%BA%A3+n%C4%83m%22+2023+filetype%3Apdf,https://www.google.com/search?q=site%3Atng.vn+%22TNG%22+%22b%C3%A1o+c%C3%A1o+t%C3%ACnh+h%C3%ACnh+qu%E1%BA%A3n+tr%E1%BB%8B+c%C3%B4ng+ty+c%E1%BA%A3+n%C4%83m%22+2023+filetype%3Apdf
tng,TNG,2023,environmental,"""TNG"" ""giấy phép môi trường quan trắc xử phạt môi trường"" 2023 filetype:pdf",https://www.google.com/search?q=%22TNG%22+%22gi%E1%BA%A5y+ph%C3%A9p+m%C3%B4i+tr%C6%B0%E1%BB%9Dng+quan+tr%E1%BA%AFc+x%E1%BB%AD+ph%E1%BA%A1t+m%C3%B4i+tr%C6%B0%E1%BB%9Dng%22+2023+filetype%3Apdf,https://www.google.com/search?q=site%3Atng.vn+%22TNG%22+%22gi%E1%BA%A5y+ph%C3%A9p+m%C3%B4i+tr%C6%B0%E1%BB%9Dng+quan+tr%E1%BA%AFc+x%E1%BB%AD+ph%E1%BA%A1t+m%C3%B4i+tr%C6%B0%E1%BB%9Dng%22+2023+filetype%3Apdf
tng,TNG,2024,annual,"""TNG"" ""báo cáo thường niên"" 2024 filetype:pdf",https://www.google.com/search?q=%22TNG%22+%22b%C3%A1o+c%C3%A1o+th%C6%B0%E1%BB%9Dng+ni%C3%AAn%22+2024+filetype%3Apdf,https://www.google.com/search?q=site%3Atng.vn+%22TNG%22+%22b%C3%A1o+c%C3%A1o+th%C6%B0%E1%BB%9Dng+ni%C3%AAn%22+2024+filetype%3Apdf
tng,TNG,2024,sustainability,"""TNG"" ""báo cáo phát triển bền vững ESG"" 2024 filetype:pdf",https://www.google.com/search?q=%22TNG%22+%22b%C3%A1o+c%C3%A1o+ph%C3%A1t+tri%E1%BB%83n+b%E1%BB%81n+v%E1%BB%AFng+ESG%22+2024+filetype%3Apdf,https://www.google.com/search?q=site%3Atng.vn+%22TNG%22+%22b%C3%A1o+c%C3%A1o+ph%C3%A1t+tri%E1%BB%83n+b%E1%BB%81n+v%E1%BB%AFng+ESG%22+2024+filetype%3Apdf
tng,TNG,2024,financial,"""TNG"" ""báo cáo tài chính năm kiểm toán hợp nhất"" 2024 filetype:pdf",https://www.google.com/search?q=%22TNG%22+%22b%C3%A1o+c%C3%A1o+t%C3%A0i+ch%C3%ADnh+n%C4%83m+ki%E1%BB%83m+to%C3%A1n+h%E1%BB%A3p+nh%E1%BA%A5t%22+2024+filetype%3Apdf,https://www.google.com/search?q=site%3Atng.vn+%22TNG%22+%22b%C3%A1o+c%C3%A1o+t%C3%A0i+ch%C3%ADnh+n%C4%83m+ki%E1%BB%83m+to%C3%A1n+h%E1%BB%A3p+nh%E1%BA%A5t%22+2024+filetype%3Apdf
tng,TNG,2024,governance,"""TNG"" ""báo cáo tình hình quản trị công ty cả năm"" 2024 filetype:pdf",https://www.google.com/search?q=%22TNG%22+%22b%C3%A1o+c%C3%A1o+t%C3%ACnh+h%C3%ACnh+qu%E1%BA%A3n+tr%E1%BB%8B+c%C3%B4ng+ty+c%E1%BA%A3+n%C4%83m%22+2024+filetype%3Apdf,https://www.google.com/search?q=site%3Atng.vn+%22TNG%22+%22b%C3%A1o+c%C3%A1o+t%C3%ACnh+h%C3%ACnh+qu%E1%BA%A3n+tr%E1%BB%8B+c%C3%B4ng+ty+c%E1%BA%A3+n%C4%83m%22+2024+filetype%3Apdf
tng,TNG,2024,environmental,"""TNG"" ""giấy phép môi trường quan trắc xử phạt môi trường"" 2024 filetype:pdf",https://www.google.com/search?q=%22TNG%22+%22gi%E1%BA%A5y+ph%C3%A9p+m%C3%B4i+tr%C6%B0%E1%BB%9Dng+quan+tr%E1%BA%AFc+x%E1%BB%AD+ph%E1%BA%A1t+m%C3%B4i+tr%C6%B0%E1%BB%9Dng%22+2024+filetype%3Apdf,https://www.google.com/search?q=site%3Atng.vn+%22TNG%22+%22gi%E1%BA%A5y+ph%C3%A9p+m%C3%B4i+tr%C6%B0%E1%BB%9Dng+quan+tr%E1%BA%AFc+x%E1%BB%AD+ph%E1%BA%A1t+m%C3%B4i+tr%C6%B0%E1%BB%9Dng%22+2024+filetype%3Apdf
tng,TNG,2025,annual,"""TNG"" ""báo cáo thường niên"" 2025 filetype:pdf",https://www.google.com/search?q=%22TNG%22+%22b%C3%A1o+c%C3%A1o+th%C6%B0%E1%BB%9Dng+ni%C3%AAn%22+2025+filetype%3Apdf,https://www.google.com/search?q=site%3Atng.vn+%22TNG%22+%22b%C3%A1o+c%C3%A1o+th%C6%B0%E1%BB%9Dng+ni%C3%AAn%22+2025+filetype%3Apdf
tng,TNG,2025,sustainability,"""TNG"" ""báo cáo phát triển bền vững ESG"" 2025 filetype:pdf",https://www.google.com/search?q=%22TNG%22+%22b%C3%A1o+c%C3%A1o+ph%C3%A1t+tri%E1%BB%83n+b%E1%BB%81n+v%E1%BB%AFng+ESG%22+2025+filetype%3Apdf,https://www.google.com/search?q=site%3Atng.vn+%22TNG%22+%22b%C3%A1o+c%C3%A1o+ph%C3%A1t+tri%E1%BB%83n+b%E1%BB%81n+v%E1%BB%AFng+ESG%22+2025+filetype%3Apdf
tng,TNG,2025,financial,"""TNG"" ""báo cáo tài chính năm kiểm toán hợp nhất"" 2025 filetype:pdf",https://www.google.com/search?q=%22TNG%22+%22b%C3%A1o+c%C3%A1o+t%C3%A0i+ch%C3%ADnh+n%C4%83m+ki%E1%BB%83m+to%C3%A1n+h%E1%BB%A3p+nh%E1%BA%A5t%22+2025+filetype%3Apdf,https://www.google.com/search?q=site%3Atng.vn+%22TNG%22+%22b%C3%A1o+c%C3%A1o+t%C3%A0i+ch%C3%ADnh+n%C4%83m+ki%E1%BB%83m+to%C3%A1n+h%E1%BB%A3p+nh%E1%BA%A5t%22+2025+filetype%3Apdf
tng,TNG,2025,governance,"""TNG"" ""báo cáo tình hình quản trị công ty cả năm"" 2025 filetype:pdf",https://www.google.com/search?q=%22TNG%22+%22b%C3%A1o+c%C3%A1o+t%C3%ACnh+h%C3%ACnh+qu%E1%BA%A3n+tr%E1%BB%8B+c%C3%B4ng+ty+c%E1%BA%A3+n%C4%83m%22+2025+filetype%3Apdf,https://www.google.com/search?q=site%3Atng.vn+%22TNG%22+%22b%C3%A1o+c%C3%A1o+t%C3%ACnh+h%C3%ACnh+qu%E1%BA%A3n+tr%E1%BB%8B+c%C3%B4ng+ty+c%E1%BA%A3+n%C4%83m%22+2025+filetype%3Apdf
tng,TNG,2025,environmental,"""TNG"" ""giấy phép môi trường quan trắc xử phạt môi trường"" 2025 filetype:pdf",https://www.google.com/search?q=%22TNG%22+%22gi%E1%BA%A5y+ph%C3%A9p+m%C3%B4i+tr%C6%B0%E1%BB%9Dng+quan+tr%E1%BA%AFc+x%E1%BB%AD+ph%E1%BA%A1t+m%C3%B4i+tr%C6%B0%E1%BB%9Dng%22+2025+filetype%3Apdf,https://www.google.com/search?q=site%3Atng.vn+%22TNG%22+%22gi%E1%BA%A5y+ph%C3%A9p+m%C3%B4i+tr%C6%B0%E1%BB%9Dng+quan+tr%E1%BA%AFc+x%E1%BB%AD+ph%E1%BA%A1t+m%C3%B4i+tr%C6%B0%E1%BB%9Dng%22+2025+filetype%3Apdf
vcs,VCS,2021,annual,"""VCS"" ""báo cáo thường niên"" 2021 filetype:pdf",https://www.google.com/search?q=%22VCS%22+%22b%C3%A1o+c%C3%A1o+th%C6%B0%E1%BB%9Dng+ni%C3%AAn%22+2021+filetype%3Apdf,https://www.google.com/search?q=site%3Avicostone.com+%22VCS%22+%22b%C3%A1o+c%C3%A1o+th%C6%B0%E1%BB%9Dng+ni%C3%AAn%22+2021+filetype%3Apdf
vcs,VCS,2021,sustainability,"""VCS"" ""báo cáo phát triển bền vững ESG"" 2021 filetype:pdf",https://www.google.com/search?q=%22VCS%22+%22b%C3%A1o+c%C3%A1o+ph%C3%A1t+tri%E1%BB%83n+b%E1%BB%81n+v%E1%BB%AFng+ESG%22+2021+filetype%3Apdf,https://www.google.com/search?q=site%3Avicostone.com+%22VCS%22+%22b%C3%A1o+c%C3%A1o+ph%C3%A1t+tri%E1%BB%83n+b%E1%BB%81n+v%E1%BB%AFng+ESG%22+2021+filetype%3Apdf
vcs,VCS,2021,financial,"""VCS"" ""báo cáo tài chính năm kiểm toán hợp nhất"" 2021 filetype:pdf",https://www.google.com/search?q=%22VCS%22+%22b%C3%A1o+c%C3%A1o+t%C3%A0i+ch%C3%ADnh+n%C4%83m+ki%E1%BB%83m+to%C3%A1n+h%E1%BB%A3p+nh%E1%BA%A5t%22+2021+filetype%3Apdf,https://www.google.com/search?q=site%3Avicostone.com+%22VCS%22+%22b%C3%A1o+c%C3%A1o+t%C3%A0i+ch%C3%ADnh+n%C4%83m+ki%E1%BB%83m+to%C3%A1n+h%E1%BB%A3p+nh%E1%BA%A5t%22+2021+filetype%3Apdf
vcs,VCS,2021,governance,"""VCS"" ""báo cáo tình hình quản trị công ty cả năm"" 2021 filetype:pdf",https://www.google.com/search?q=%22VCS%22+%22b%C3%A1o+c%C3%A1o+t%C3%ACnh+h%C3%ACnh+qu%E1%BA%A3n+tr%E1%BB%8B+c%C3%B4ng+ty+c%E1%BA%A3+n%C4%83m%22+2021+filetype%3Apdf,https://www.google.com/search?q=site%3Avicostone.com+%22VCS%22+%22b%C3%A1o+c%C3%A1o+t%C3%ACnh+h%C3%ACnh+qu%E1%BA%A3n+tr%E1%BB%8B+c%C3%B4ng+ty+c%E1%BA%A3+n%C4%83m%22+2021+filetype%3Apdf
vcs,VCS,2021,environmental,"""VCS"" ""giấy phép môi trường quan trắc xử phạt môi trường"" 2021 filetype:pdf",https://www.google.com/search?q=%22VCS%22+%22gi%E1%BA%A5y+ph%C3%A9p+m%C3%B4i+tr%C6%B0%E1%BB%9Dng+quan+tr%E1%BA%AFc+x%E1%BB%AD+ph%E1%BA%A1t+m%C3%B4i+tr%C6%B0%E1%BB%9Dng%22+2021+filetype%3Apdf,https://www.google.com/search?q=site%3Avicostone.com+%22VCS%22+%22gi%E1%BA%A5y+ph%C3%A9p+m%C3%B4i+tr%C6%B0%E1%BB%9Dng+quan+tr%E1%BA%AFc+x%E1%BB%AD+ph%E1%BA%A1t+m%C3%B4i+tr%C6%B0%E1%BB%9Dng%22+2021+filetype%3Apdf
vcs,VCS,2022,annual,"""VCS"" ""báo cáo thường niên"" 2022 filetype:pdf",https://www.google.com/search?q=%22VCS%22+%22b%C3%A1o+c%C3%A1o+th%C6%B0%E1%BB%9Dng+ni%C3%AAn%22+2022+filetype%3Apdf,https://www.google.com/search?q=site%3Avicostone.com+%22VCS%22+%22b%C3%A1o+c%C3%A1o+th%C6%B0%E1%BB%9Dng+ni%C3%AAn%22+2022+filetype%3Apdf
vcs,VCS,2022,sustainability,"""VCS"" ""báo cáo phát triển bền vững ESG"" 2022 filetype:pdf",https://www.google.com/search?q=%22VCS%22+%22b%C3%A1o+c%C3%A1o+ph%C3%A1t+tri%E1%BB%83n+b%E1%BB%81n+v%E1%BB%AFng+ESG%22+2022+filetype%3Apdf,https://www.google.com/search?q=site%3Avicostone.com+%22VCS%22+%22b%C3%A1o+c%C3%A1o+ph%C3%A1t+tri%E1%BB%83n+b%E1%BB%81n+v%E1%BB%AFng+ESG%22+2022+filetype%3Apdf
vcs,VCS,2022,financial,"""VCS"" ""báo cáo tài chính năm kiểm toán hợp nhất"" 2022 filetype:pdf",https://www.google.com/search?q=%22VCS%22+%22b%C3%A1o+c%C3%A1o+t%C3%A0i+ch%C3%ADnh+n%C4%83m+ki%E1%BB%83m+to%C3%A1n+h%E1%BB%A3p+nh%E1%BA%A5t%22+2022+filetype%3Apdf,https://www.google.com/search?q=site%3Avicostone.com+%22VCS%22+%22b%C3%A1o+c%C3%A1o+t%C3%A0i+ch%C3%ADnh+n%C4%83m+ki%E1%BB%83m+to%C3%A1n+h%E1%BB%A3p+nh%E1%BA%A5t%22+2022+filetype%3Apdf
vcs,VCS,2022,governance,"""VCS"" ""báo cáo tình hình quản trị công ty cả năm"" 2022 filetype:pdf",https://www.google.com/search?q=%22VCS%22+%22b%C3%A1o+c%C3%A1o+t%C3%ACnh+h%C3%ACnh+qu%E1%BA%A3n+tr%E1%BB%8B+c%C3%B4ng+ty+c%E1%BA%A3+n%C4%83m%22+2022+filetype%3Apdf,https://www.google.com/search?q=site%3Avicostone.com+%22VCS%22+%22b%C3%A1o+c%C3%A1o+t%C3%ACnh+h%C3%ACnh+qu%E1%BA%A3n+tr%E1%BB%8B+c%C3%B4ng+ty+c%E1%BA%A3+n%C4%83m%22+2022+filetype%3Apdf
vcs,VCS,2022,environmental,"""VCS"" ""giấy phép môi trường quan trắc xử phạt môi trường"" 2022 filetype:pdf",https://www.google.com/search?q=%22VCS%22+%22gi%E1%BA%A5y+ph%C3%A9p+m%C3%B4i+tr%C6%B0%E1%BB%9Dng+quan+tr%E1%BA%AFc+x%E1%BB%AD+ph%E1%BA%A1t+m%C3%B4i+tr%C6%B0%E1%BB%9Dng%22+2022+filetype%3Apdf,https://www.google.com/search?q=site%3Avicostone.com+%22VCS%22+%22gi%E1%BA%A5y+ph%C3%A9p+m%C3%B4i+tr%C6%B0%E1%BB%9Dng+quan+tr%E1%BA%AFc+x%E1%BB%AD+ph%E1%BA%A1t+m%C3%B4i+tr%C6%B0%E1%BB%9Dng%22+2022+filetype%3Apdf
vcs,VCS,2023,annual,"""VCS"" ""báo cáo thường niên"" 2023 filetype:pdf",https://www.google.com/search?q=%22VCS%22+%22b%C3%A1o+c%C3%A1o+th%C6%B0%E1%BB%9Dng+ni%C3%AAn%22+2023+filetype%3Apdf,https://www.google.com/search?q=site%3Avicostone.com+%22VCS%22+%22b%C3%A1o+c%C3%A1o+th%C6%B0%E1%BB%9Dng+ni%C3%AAn%22+2023+filetype%3Apdf
vcs,VCS,2023,sustainability,"""VCS"" ""báo cáo phát triển bền vững ESG"" 2023 filetype:pdf",https://www.google.com/search?q=%22VCS%22+%22b%C3%A1o+c%C3%A1o+ph%C3%A1t+tri%E1%BB%83n+b%E1%BB%81n+v%E1%BB%AFng+ESG%22+2023+filetype%3Apdf,https://www.google.com/search?q=site%3Avicostone.com+%22VCS%22+%22b%C3%A1o+c%C3%A1o+ph%C3%A1t+tri%E1%BB%83n+b%E1%BB%81n+v%E1%BB%AFng+ESG%22+2023+filetype%3Apdf
vcs,VCS,2023,financial,"""VCS"" ""báo cáo tài chính năm kiểm toán hợp nhất"" 2023 filetype:pdf",https://www.google.com/search?q=%22VCS%22+%22b%C3%A1o+c%C3%A1o+t%C3%A0i+ch%C3%ADnh+n%C4%83m+ki%E1%BB%83m+to%C3%A1n+h%E1%BB%A3p+nh%E1%BA%A5t%22+2023+filetype%3Apdf,https://www.google.com/search?q=site%3Avicostone.com+%22VCS%22+%22b%C3%A1o+c%C3%A1o+t%C3%A0i+ch%C3%ADnh+n%C4%83m+ki%E1%BB%83m+to%C3%A1n+h%E1%BB%A3p+nh%E1%BA%A5t%22+2023+filetype%3Apdf
vcs,VCS,2023,governance,"""VCS"" ""báo cáo tình hình quản trị công ty cả năm"" 2023 filetype:pdf",https://www.google.com/search?q=%22VCS%22+%22b%C3%A1o+c%C3%A1o+t%C3%ACnh+h%C3%ACnh+qu%E1%BA%A3n+tr%E1%BB%8B+c%C3%B4ng+ty+c%E1%BA%A3+n%C4%83m%22+2023+filetype%3Apdf,https://www.google.com/search?q=site%3Avicostone.com+%22VCS%22+%22b%C3%A1o+c%C3%A1o+t%C3%ACnh+h%C3%ACnh+qu%E1%BA%A3n+tr%E1%BB%8B+c%C3%B4ng+ty+c%E1%BA%A3+n%C4%83m%22+2023+filetype%3Apdf
vcs,VCS,2023,environmental,"""VCS"" ""giấy phép môi trường quan trắc xử phạt môi trường"" 2023 filetype:pdf",https://www.google.com/search?q=%22VCS%22+%22gi%E1%BA%A5y+ph%C3%A9p+m%C3%B4i+tr%C6%B0%E1%BB%9Dng+quan+tr%E1%BA%AFc+x%E1%BB%AD+ph%E1%BA%A1t+m%C3%B4i+tr%C6%B0%E1%BB%9Dng%22+2023+filetype%3Apdf,https://www.google.com/search?q=site%3Avicostone.com+%22VCS%22+%22gi%E1%BA%A5y+ph%C3%A9p+m%C3%B4i+tr%C6%B0%E1%BB%9Dng+quan+tr%E1%BA%AFc+x%E1%BB%AD+ph%E1%BA%A1t+m%C3%B4i+tr%C6%B0%E1%BB%9Dng%22+2023+filetype%3Apdf
vcs,VCS,2024,annual,"""VCS"" ""báo cáo thường niên"" 2024 filetype:pdf",https://www.google.com/search?q=%22VCS%22+%22b%C3%A1o+c%C3%A1o+th%C6%B0%E1%BB%9Dng+ni%C3%AAn%22+2024+filetype%3Apdf,https://www.google.com/search?q=site%3Avicostone.com+%22VCS%22+%22b%C3%A1o+c%C3%A1o+th%C6%B0%E1%BB%9Dng+ni%C3%AAn%22+2024+filetype%3Apdf
vcs,VCS,2024,sustainability,"""VCS"" ""báo cáo phát triển bền vững ESG"" 2024 filetype:pdf",https://www.google.com/search?q=%22VCS%22+%22b%C3%A1o+c%C3%A1o+ph%C3%A1t+tri%E1%BB%83n+b%E1%BB%81n+v%E1%BB%AFng+ESG%22+2024+filetype%3Apdf,https://www.google.com/search?q=site%3Avicostone.com+%22VCS%22+%22b%C3%A1o+c%C3%A1o+ph%C3%A1t+tri%E1%BB%83n+b%E1%BB%81n+v%E1%BB%AFng+ESG%22+2024+filetype%3Apdf
vcs,VCS,2024,financial,"""VCS"" ""báo cáo tài chính năm kiểm toán hợp nhất"" 2024 filetype:pdf",https://www.google.com/search?q=%22VCS%22+%22b%C3%A1o+c%C3%A1o+t%C3%A0i+ch%C3%ADnh+n%C4%83m+ki%E1%BB%83m+to%C3%A1n+h%E1%BB%A3p+nh%E1%BA%A5t%22+2024+filetype%3Apdf,https://www.google.com/search?q=site%3Avicostone.com+%22VCS%22+%22b%C3%A1o+c%C3%A1o+t%C3%A0i+ch%C3%ADnh+n%C4%83m+ki%E1%BB%83m+to%C3%A1n+h%E1%BB%A3p+nh%E1%BA%A5t%22+2024+filetype%3Apdf
vcs,VCS,2024,governance,"""VCS"" ""báo cáo tình hình quản trị công ty cả năm"" 2024 filetype:pdf",https://www.google.com/search?q=%22VCS%22+%22b%C3%A1o+c%C3%A1o+t%C3%ACnh+h%C3%ACnh+qu%E1%BA%A3n+tr%E1%BB%8B+c%C3%B4ng+ty+c%E1%BA%A3+n%C4%83m%22+2024+filetype%3Apdf,https://www.google.com/search?q=site%3Avicostone.com+%22VCS%22+%22b%C3%A1o+c%C3%A1o+t%C3%ACnh+h%C3%ACnh+qu%E1%BA%A3n+tr%E1%BB%8B+c%C3%B4ng+ty+c%E1%BA%A3+n%C4%83m%22+2024+filetype%3Apdf
vcs,VCS,2024,environmental,"""VCS"" ""giấy phép môi trường quan trắc xử phạt môi trường"" 2024 filetype:pdf",https://www.google.com/search?q=%22VCS%22+%22gi%E1%BA%A5y+ph%C3%A9p+m%C3%B4i+tr%C6%B0%E1%BB%9Dng+quan+tr%E1%BA%AFc+x%E1%BB%AD+ph%E1%BA%A1t+m%C3%B4i+tr%C6%B0%E1%BB%9Dng%22+2024+filetype%3Apdf,https://www.google.com/search?q=site%3Avicostone.com+%22VCS%22+%22gi%E1%BA%A5y+ph%C3%A9p+m%C3%B4i+tr%C6%B0%E1%BB%9Dng+quan+tr%E1%BA%AFc+x%E1%BB%AD+ph%E1%BA%A1t+m%C3%B4i+tr%C6%B0%E1%BB%9Dng%22+2024+filetype%3Apdf
vcs,VCS,2025,annual,"""VCS"" ""báo cáo thường niên"" 2025 filetype:pdf",https://www.google.com/search?q=%22VCS%22+%22b%C3%A1o+c%C3%A1o+th%C6%B0%E1%BB%9Dng+ni%C3%AAn%22+2025+filetype%3Apdf,https://www.google.com/search?q=site%3Avicostone.com+%22VCS%22+%22b%C3%A1o+c%C3%A1o+th%C6%B0%E1%BB%9Dng+ni%C3%AAn%22+2025+filetype%3Apdf
vcs,VCS,2025,sustainability,"""VCS"" ""báo cáo phát triển bền vững ESG"" 2025 filetype:pdf",https://www.google.com/search?q=%22VCS%22+%22b%C3%A1o+c%C3%A1o+ph%C3%A1t+tri%E1%BB%83n+b%E1%BB%81n+v%E1%BB%AFng+ESG%22+2025+filetype%3Apdf,https://www.google.com/search?q=site%3Avicostone.com+%22VCS%22+%22b%C3%A1o+c%C3%A1o+ph%C3%A1t+tri%E1%BB%83n+b%E1%BB%81n+v%E1%BB%AFng+ESG%22+2025+filetype%3Apdf
vcs,VCS,2025,financial,"""VCS"" ""báo cáo tài chính năm kiểm toán hợp nhất"" 2025 filetype:pdf",https://www.google.com/search?q=%22VCS%22+%22b%C3%A1o+c%C3%A1o+t%C3%A0i+ch%C3%ADnh+n%C4%83m+ki%E1%BB%83m+to%C3%A1n+h%E1%BB%A3p+nh%E1%BA%A5t%22+2025+filetype%3Apdf,https://www.google.com/search?q=site%3Avicostone.com+%22VCS%22+%22b%C3%A1o+c%C3%A1o+t%C3%A0i+ch%C3%ADnh+n%C4%83m+ki%E1%BB%83m+to%C3%A1n+h%E1%BB%A3p+nh%E1%BA%A5t%22+2025+filetype%3Apdf
vcs,VCS,2025,governance,"""VCS"" ""báo cáo tình hình quản trị công ty cả năm"" 2025 filetype:pdf",https://www.google.com/search?q=%22VCS%22+%22b%C3%A1o+c%C3%A1o+t%C3%ACnh+h%C3%ACnh+qu%E1%BA%A3n+tr%E1%BB%8B+c%C3%B4ng+ty+c%E1%BA%A3+n%C4%83m%22+2025+filetype%3Apdf,https://www.google.com/search?q=site%3Avicostone.com+%22VCS%22+%22b%C3%A1o+c%C3%A1o+t%C3%ACnh+h%C3%ACnh+qu%E1%BA%A3n+tr%E1%BB%8B+c%C3%B4ng+ty+c%E1%BA%A3+n%C4%83m%22+2025+filetype%3Apdf
vcs,VCS,2025,environmental,"""VCS"" ""giấy phép môi trường quan trắc xử phạt môi trường"" 2025 filetype:pdf",https://www.google.com/search?q=%22VCS%22+%22gi%E1%BA%A5y+ph%C3%A9p+m%C3%B4i+tr%C6%B0%E1%BB%9Dng+quan+tr%E1%BA%AFc+x%E1%BB%AD+ph%E1%BA%A1t+m%C3%B4i+tr%C6%B0%E1%BB%9Dng%22+2025+filetype%3Apdf,https://www.google.com/search?q=site%3Avicostone.com+%22VCS%22+%22gi%E1%BA%A5y+ph%C3%A9p+m%C3%B4i+tr%C6%B0%E1%BB%9Dng+quan+tr%E1%BA%AFc+x%E1%BB%AD+ph%E1%BA%A1t+m%C3%B4i+tr%C6%B0%E1%BB%9Dng%22+2025+filetype%3Apdf
bmp,BMP,2021,annual,"""BMP"" ""báo cáo thường niên"" 2021 filetype:pdf",https://www.google.com/search?q=%22BMP%22+%22b%C3%A1o+c%C3%A1o+th%C6%B0%E1%BB%9Dng+ni%C3%AAn%22+2021+filetype%3Apdf,https://www.google.com/search?q=site%3Abinhminhplastic.com.vn+%22BMP%22+%22b%C3%A1o+c%C3%A1o+th%C6%B0%E1%BB%9Dng+ni%C3%AAn%22+2021+filetype%3Apdf
bmp,BMP,2021,sustainability,"""BMP"" ""báo cáo phát triển bền vững ESG"" 2021 filetype:pdf",https://www.google.com/search?q=%22BMP%22+%22b%C3%A1o+c%C3%A1o+ph%C3%A1t+tri%E1%BB%83n+b%E1%BB%81n+v%E1%BB%AFng+ESG%22+2021+filetype%3Apdf,https://www.google.com/search?q=site%3Abinhminhplastic.com.vn+%22BMP%22+%22b%C3%A1o+c%C3%A1o+ph%C3%A1t+tri%E1%BB%83n+b%E1%BB%81n+v%E1%BB%AFng+ESG%22+2021+filetype%3Apdf
bmp,BMP,2021,financial,"""BMP"" ""báo cáo tài chính năm kiểm toán hợp nhất"" 2021 filetype:pdf",https://www.google.com/search?q=%22BMP%22+%22b%C3%A1o+c%C3%A1o+t%C3%A0i+ch%C3%ADnh+n%C4%83m+ki%E1%BB%83m+to%C3%A1n+h%E1%BB%A3p+nh%E1%BA%A5t%22+2021+filetype%3Apdf,https://www.google.com/search?q=site%3Abinhminhplastic.com.vn+%22BMP%22+%22b%C3%A1o+c%C3%A1o+t%C3%A0i+ch%C3%ADnh+n%C4%83m+ki%E1%BB%83m+to%C3%A1n+h%E1%BB%A3p+nh%E1%BA%A5t%22+2021+filetype%3Apdf
bmp,BMP,2021,governance,"""BMP"" ""báo cáo tình hình quản trị công ty cả năm"" 2021 filetype:pdf",https://www.google.com/search?q=%22BMP%22+%22b%C3%A1o+c%C3%A1o+t%C3%ACnh+h%C3%ACnh+qu%E1%BA%A3n+tr%E1%BB%8B+c%C3%B4ng+ty+c%E1%BA%A3+n%C4%83m%22+2021+filetype%3Apdf,https://www.google.com/search?q=site%3Abinhminhplastic.com.vn+%22BMP%22+%22b%C3%A1o+c%C3%A1o+t%C3%ACnh+h%C3%ACnh+qu%E1%BA%A3n+tr%E1%BB%8B+c%C3%B4ng+ty+c%E1%BA%A3+n%C4%83m%22+2021+filetype%3Apdf
bmp,BMP,2021,environmental,"""BMP"" ""giấy phép môi trường quan trắc xử phạt môi trường"" 2021 filetype:pdf",https://www.google.com/search?q=%22BMP%22+%22gi%E1%BA%A5y+ph%C3%A9p+m%C3%B4i+tr%C6%B0%E1%BB%9Dng+quan+tr%E1%BA%AFc+x%E1%BB%AD+ph%E1%BA%A1t+m%C3%B4i+tr%C6%B0%E1%BB%9Dng%22+2021+filetype%3Apdf,https://www.google.com/search?q=site%3Abinhminhplastic.com.vn+%22BMP%22+%22gi%E1%BA%A5y+ph%C3%A9p+m%C3%B4i+tr%C6%B0%E1%BB%9Dng+quan+tr%E1%BA%AFc+x%E1%BB%AD+ph%E1%BA%A1t+m%C3%B4i+tr%C6%B0%E1%BB%9Dng%22+2021+filetype%3Apdf
bmp,BMP,2022,annual,"""BMP"" ""báo cáo thường niên"" 2022 filetype:pdf",https://www.google.com/search?q=%22BMP%22+%22b%C3%A1o+c%C3%A1o+th%C6%B0%E1%BB%9Dng+ni%C3%AAn%22+2022+filetype%3Apdf,https://www.google.com/search?q=site%3Abinhminhplastic.com.vn+%22BMP%22+%22b%C3%A1o+c%C3%A1o+th%C6%B0%E1%BB%9Dng+ni%C3%AAn%22+2022+filetype%3Apdf
bmp,BMP,2022,sustainability,"""BMP"" ""báo cáo phát triển bền vững ESG"" 2022 filetype:pdf",https://www.google.com/search?q=%22BMP%22+%22b%C3%A1o+c%C3%A1o+ph%C3%A1t+tri%E1%BB%83n+b%E1%BB%81n+v%E1%BB%AFng+ESG%22+2022+filetype%3Apdf,https://www.google.com/search?q=site%3Abinhminhplastic.com.vn+%22BMP%22+%22b%C3%A1o+c%C3%A1o+ph%C3%A1t+tri%E1%BB%83n+b%E1%BB%81n+v%E1%BB%AFng+ESG%22+2022+filetype%3Apdf
bmp,BMP,2022,financial,"""BMP"" ""báo cáo tài chính năm kiểm toán hợp nhất"" 2022 filetype:pdf",https://www.google.com/search?q=%22BMP%22+%22b%C3%A1o+c%C3%A1o+t%C3%A0i+ch%C3%ADnh+n%C4%83m+ki%E1%BB%83m+to%C3%A1n+h%E1%BB%A3p+nh%E1%BA%A5t%22+2022+filetype%3Apdf,https://www.google.com/search?q=site%3Abinhminhplastic.com.vn+%22BMP%22+%22b%C3%A1o+c%C3%A1o+t%C3%A0i+ch%C3%ADnh+n%C4%83m+ki%E1%BB%83m+to%C3%A1n+h%E1%BB%A3p+nh%E1%BA%A5t%22+2022+filetype%3Apdf
bmp,BMP,2022,governance,"""BMP"" ""báo cáo tình hình quản trị công ty cả năm"" 2022 filetype:pdf",https://www.google.com/search?q=%22BMP%22+%22b%C3%A1o+c%C3%A1o+t%C3%ACnh+h%C3%ACnh+qu%E1%BA%A3n+tr%E1%BB%8B+c%C3%B4ng+ty+c%E1%BA%A3+n%C4%83m%22+2022+filetype%3Apdf,https://www.google.com/search?q=site%3Abinhminhplastic.com.vn+%22BMP%22+%22b%C3%A1o+c%C3%A1o+t%C3%ACnh+h%C3%ACnh+qu%E1%BA%A3n+tr%E1%BB%8B+c%C3%B4ng+ty+c%E1%BA%A3+n%C4%83m%22+2022+filetype%3Apdf
bmp,BMP,2022,environmental,"""BMP"" ""giấy phép môi trường quan trắc xử phạt môi trường"" 2022 filetype:pdf",https://www.google.com/search?q=%22BMP%22+%22gi%E1%BA%A5y+ph%C3%A9p+m%C3%B4i+tr%C6%B0%E1%BB%9Dng+quan+tr%E1%BA%AFc+x%E1%BB%AD+ph%E1%BA%A1t+m%C3%B4i+tr%C6%B0%E1%BB%9Dng%22+2022+filetype%3Apdf,https://www.google.com/search?q=site%3Abinhminhplastic.com.vn+%22BMP%22+%22gi%E1%BA%A5y+ph%C3%A9p+m%C3%B4i+tr%C6%B0%E1%BB%9Dng+quan+tr%E1%BA%AFc+x%E1%BB%AD+ph%E1%BA%A1t+m%C3%B4i+tr%C6%B0%E1%BB%9Dng%22+2022+filetype%3Apdf
bmp,BMP,2023,annual,"""BMP"" ""báo cáo thường niên"" 2023 filetype:pdf",https://www.google.com/search?q=%22BMP%22+%22b%C3%A1o+c%C3%A1o+th%C6%B0%E1%BB%9Dng+ni%C3%AAn%22+2023+filetype%3Apdf,https://www.google.com/search?q=site%3Abinhminhplastic.com.vn+%22BMP%22+%22b%C3%A1o+c%C3%A1o+th%C6%B0%E1%BB%9Dng+ni%C3%AAn%22+2023+filetype%3Apdf
bmp,BMP,2023,sustainability,"""BMP"" ""báo cáo phát triển bền vững ESG"" 2023 filetype:pdf",https://www.google.com/search?q=%22BMP%22+%22b%C3%A1o+c%C3%A1o+ph%C3%A1t+tri%E1%BB%83n+b%E1%BB%81n+v%E1%BB%AFng+ESG%22+2023+filetype%3Apdf,https://www.google.com/search?q=site%3Abinhminhplastic.com.vn+%22BMP%22+%22b%C3%A1o+c%C3%A1o+ph%C3%A1t+tri%E1%BB%83n+b%E1%BB%81n+v%E1%BB%AFng+ESG%22+2023+filetype%3Apdf
bmp,BMP,2023,financial,"""BMP"" ""báo cáo tài chính năm kiểm toán hợp nhất"" 2023 filetype:pdf",https://www.google.com/search?q=%22BMP%22+%22b%C3%A1o+c%C3%A1o+t%C3%A0i+ch%C3%ADnh+n%C4%83m+ki%E1%BB%83m+to%C3%A1n+h%E1%BB%A3p+nh%E1%BA%A5t%22+2023+filetype%3Apdf,https://www.google.com/search?q=site%3Abinhminhplastic.com.vn+%22BMP%22+%22b%C3%A1o+c%C3%A1o+t%C3%A0i+ch%C3%ADnh+n%C4%83m+ki%E1%BB%83m+to%C3%A1n+h%E1%BB%A3p+nh%E1%BA%A5t%22+2023+filetype%3Apdf
bmp,BMP,2023,governance,"""BMP"" ""báo cáo tình hình quản trị công ty cả năm"" 2023 filetype:pdf",https://www.google.com/search?q=%22BMP%22+%22b%C3%A1o+c%C3%A1o+t%C3%ACnh+h%C3%ACnh+qu%E1%BA%A3n+tr%E1%BB%8B+c%C3%B4ng+ty+c%E1%BA%A3+n%C4%83m%22+2023+filetype%3Apdf,https://www.google.com/search?q=site%3Abinhminhplastic.com.vn+%22BMP%22+%22b%C3%A1o+c%C3%A1o+t%C3%ACnh+h%C3%ACnh+qu%E1%BA%A3n+tr%E1%BB%8B+c%C3%B4ng+ty+c%E1%BA%A3+n%C4%83m%22+2023+filetype%3Apdf
bmp,BMP,2023,environmental,"""BMP"" ""giấy phép môi trường quan trắc xử phạt môi trường"" 2023 filetype:pdf",https://www.google.com/search?q=%22BMP%22+%22gi%E1%BA%A5y+ph%C3%A9p+m%C3%B4i+tr%C6%B0%E1%BB%9Dng+quan+tr%E1%BA%AFc+x%E1%BB%AD+ph%E1%BA%A1t+m%C3%B4i+tr%C6%B0%E1%BB%9Dng%22+2023+filetype%3Apdf,https://www.google.com/search?q=site%3Abinhminhplastic.com.vn+%22BMP%22+%22gi%E1%BA%A5y+ph%C3%A9p+m%C3%B4i+tr%C6%B0%E1%BB%9Dng+quan+tr%E1%BA%AFc+x%E1%BB%AD+ph%E1%BA%A1t+m%C3%B4i+tr%C6%B0%E1%BB%9Dng%22+2023+filetype%3Apdf
bmp,BMP,2024,annual,"""BMP"" ""báo cáo thường niên"" 2024 filetype:pdf",https://www.google.com/search?q=%22BMP%22+%22b%C3%A1o+c%C3%A1o+th%C6%B0%E1%BB%9Dng+ni%C3%AAn%22+2024+filetype%3Apdf,https://www.google.com/search?q=site%3Abinhminhplastic.com.vn+%22BMP%22+%22b%C3%A1o+c%C3%A1o+th%C6%B0%E1%BB%9Dng+ni%C3%AAn%22+2024+filetype%3Apdf
bmp,BMP,2024,sustainability,"""BMP"" ""báo cáo phát triển bền vững ESG"" 2024 filetype:pdf",https://www.google.com/search?q=%22BMP%22+%22b%C3%A1o+c%C3%A1o+ph%C3%A1t+tri%E1%BB%83n+b%E1%BB%81n+v%E1%BB%AFng+ESG%22+2024+filetype%3Apdf,https://www.google.com/search?q=site%3Abinhminhplastic.com.vn+%22BMP%22+%22b%C3%A1o+c%C3%A1o+ph%C3%A1t+tri%E1%BB%83n+b%E1%BB%81n+v%E1%BB%AFng+ESG%22+2024+filetype%3Apdf
bmp,BMP,2024,financial,"""BMP"" ""báo cáo tài chính năm kiểm toán hợp nhất"" 2024 filetype:pdf",https://www.google.com/search?q=%22BMP%22+%22b%C3%A1o+c%C3%A1o+t%C3%A0i+ch%C3%ADnh+n%C4%83m+ki%E1%BB%83m+to%C3%A1n+h%E1%BB%A3p+nh%E1%BA%A5t%22+2024+filetype%3Apdf,https://www.google.com/search?q=site%3Abinhminhplastic.com.vn+%22BMP%22+%22b%C3%A1o+c%C3%A1o+t%C3%A0i+ch%C3%ADnh+n%C4%83m+ki%E1%BB%83m+to%C3%A1n+h%E1%BB%A3p+nh%E1%BA%A5t%22+2024+filetype%3Apdf
bmp,BMP,2024,governance,"""BMP"" ""báo cáo tình hình quản trị công ty cả năm"" 2024 filetype:pdf",https://www.google.com/search?q=%22BMP%22+%22b%C3%A1o+c%C3%A1o+t%C3%ACnh+h%C3%ACnh+qu%E1%BA%A3n+tr%E1%BB%8B+c%C3%B4ng+ty+c%E1%BA%A3+n%C4%83m%22+2024+filetype%3Apdf,https://www.google.com/search?q=site%3Abinhminhplastic.com.vn+%22BMP%22+%22b%C3%A1o+c%C3%A1o+t%C3%ACnh+h%C3%ACnh+qu%E1%BA%A3n+tr%E1%BB%8B+c%C3%B4ng+ty+c%E1%BA%A3+n%C4%83m%22+2024+filetype%3Apdf
bmp,BMP,2024,environmental,"""BMP"" ""giấy phép môi trường quan trắc xử phạt môi trường"" 2024 filetype:pdf",https://www.google.com/search?q=%22BMP%22+%22gi%E1%BA%A5y+ph%C3%A9p+m%C3%B4i+tr%C6%B0%E1%BB%9Dng+quan+tr%E1%BA%AFc+x%E1%BB%AD+ph%E1%BA%A1t+m%C3%B4i+tr%C6%B0%E1%BB%9Dng%22+2024+filetype%3Apdf,https://www.google.com/search?q=site%3Abinhminhplastic.com.vn+%22BMP%22+%22gi%E1%BA%A5y+ph%C3%A9p+m%C3%B4i+tr%C6%B0%E1%BB%9Dng+quan+tr%E1%BA%AFc+x%E1%BB%AD+ph%E1%BA%A1t+m%C3%B4i+tr%C6%B0%E1%BB%9Dng%22+2024+filetype%3Apdf
bmp,BMP,2025,annual,"""BMP"" ""báo cáo thường niên"" 2025 filetype:pdf",https://www.google.com/search?q=%22BMP%22+%22b%C3%A1o+c%C3%A1o+th%C6%B0%E1%BB%9Dng+ni%C3%AAn%22+2025+filetype%3Apdf,https://www.google.com/search?q=site%3Abinhminhplastic.com.vn+%22BMP%22+%22b%C3%A1o+c%C3%A1o+th%C6%B0%E1%BB%9Dng+ni%C3%AAn%22+2025+filetype%3Apdf
bmp,BMP,2025,sustainability,"""BMP"" ""báo cáo phát triển bền vững ESG"" 2025 filetype:pdf",https://www.google.com/search?q=%22BMP%22+%22b%C3%A1o+c%C3%A1o+ph%C3%A1t+tri%E1%BB%83n+b%E1%BB%81n+v%E1%BB%AFng+ESG%22+2025+filetype%3Apdf,https://www.google.com/search?q=site%3Abinhminhplastic.com.vn+%22BMP%22+%22b%C3%A1o+c%C3%A1o+ph%C3%A1t+tri%E1%BB%83n+b%E1%BB%81n+v%E1%BB%AFng+ESG%22+2025+filetype%3Apdf
bmp,BMP,2025,financial,"""BMP"" ""báo cáo tài chính năm kiểm toán hợp nhất"" 2025 filetype:pdf",https://www.google.com/search?q=%22BMP%22+%22b%C3%A1o+c%C3%A1o+t%C3%A0i+ch%C3%ADnh+n%C4%83m+ki%E1%BB%83m+to%C3%A1n+h%E1%BB%A3p+nh%E1%BA%A5t%22+2025+filetype%3Apdf,https://www.google.com/search?q=site%3Abinhminhplastic.com.vn+%22BMP%22+%22b%C3%A1o+c%C3%A1o+t%C3%A0i+ch%C3%ADnh+n%C4%83m+ki%E1%BB%83m+to%C3%A1n+h%E1%BB%A3p+nh%E1%BA%A5t%22+2025+filetype%3Apdf
bmp,BMP,2025,governance,"""BMP"" ""báo cáo tình hình quản trị công ty cả năm"" 2025 filetype:pdf",https://www.google.com/search?q=%22BMP%22+%22b%C3%A1o+c%C3%A1o+t%C3%ACnh+h%C3%ACnh+qu%E1%BA%A3n+tr%E1%BB%8B+c%C3%B4ng+ty+c%E1%BA%A3+n%C4%83m%22+2025+filetype%3Apdf,https://www.google.com/search?q=site%3Abinhminhplastic.com.vn+%22BMP%22+%22b%C3%A1o+c%C3%A1o+t%C3%ACnh+h%C3%ACnh+qu%E1%BA%A3n+tr%E1%BB%8B+c%C3%B4ng+ty+c%E1%BA%A3+n%C4%83m%22+2025+filetype%3Apdf
bmp,BMP,2025,environmental,"""BMP"" ""giấy phép môi trường quan trắc xử phạt môi trường"" 2025 filetype:pdf",https://www.google.com/search?q=%22BMP%22+%22gi%E1%BA%A5y+ph%C3%A9p+m%C3%B4i+tr%C6%B0%E1%BB%9Dng+quan+tr%E1%BA%AFc+x%E1%BB%AD+ph%E1%BA%A1t+m%C3%B4i+tr%C6%B0%E1%BB%9Dng%22+2025+filetype%3Apdf,https://www.google.com/search?q=site%3Abinhminhplastic.com.vn+%22BMP%22+%22gi%E1%BA%A5y+ph%C3%A9p+m%C3%B4i+tr%C6%B0%E1%BB%9Dng+quan+tr%E1%BA%AFc+x%E1%BB%AD+ph%E1%BA%A1t+m%C3%B4i+tr%C6%B0%E1%BB%9Dng%22+2025+filetype%3Apdf
msr,MSR,2021,annual,"""MSR"" ""báo cáo thường niên"" 2021 filetype:pdf",https://www.google.com/search?q=%22MSR%22+%22b%C3%A1o+c%C3%A1o+th%C6%B0%E1%BB%9Dng+ni%C3%AAn%22+2021+filetype%3Apdf,https://www.google.com/search?q=site%3Amasanhightechmaterials.com+%22MSR%22+%22b%C3%A1o+c%C3%A1o+th%C6%B0%E1%BB%9Dng+ni%C3%AAn%22+2021+filetype%3Apdf
msr,MSR,2021,sustainability,"""MSR"" ""báo cáo phát triển bền vững ESG"" 2021 filetype:pdf",https://www.google.com/search?q=%22MSR%22+%22b%C3%A1o+c%C3%A1o+ph%C3%A1t+tri%E1%BB%83n+b%E1%BB%81n+v%E1%BB%AFng+ESG%22+2021+filetype%3Apdf,https://www.google.com/search?q=site%3Amasanhightechmaterials.com+%22MSR%22+%22b%C3%A1o+c%C3%A1o+ph%C3%A1t+tri%E1%BB%83n+b%E1%BB%81n+v%E1%BB%AFng+ESG%22+2021+filetype%3Apdf
msr,MSR,2021,financial,"""MSR"" ""báo cáo tài chính năm kiểm toán hợp nhất"" 2021 filetype:pdf",https://www.google.com/search?q=%22MSR%22+%22b%C3%A1o+c%C3%A1o+t%C3%A0i+ch%C3%ADnh+n%C4%83m+ki%E1%BB%83m+to%C3%A1n+h%E1%BB%A3p+nh%E1%BA%A5t%22+2021+filetype%3Apdf,https://www.google.com/search?q=site%3Amasanhightechmaterials.com+%22MSR%22+%22b%C3%A1o+c%C3%A1o+t%C3%A0i+ch%C3%ADnh+n%C4%83m+ki%E1%BB%83m+to%C3%A1n+h%E1%BB%A3p+nh%E1%BA%A5t%22+2021+filetype%3Apdf
msr,MSR,2021,governance,"""MSR"" ""báo cáo tình hình quản trị công ty cả năm"" 2021 filetype:pdf",https://www.google.com/search?q=%22MSR%22+%22b%C3%A1o+c%C3%A1o+t%C3%ACnh+h%C3%ACnh+qu%E1%BA%A3n+tr%E1%BB%8B+c%C3%B4ng+ty+c%E1%BA%A3+n%C4%83m%22+2021+filetype%3Apdf,https://www.google.com/search?q=site%3Amasanhightechmaterials.com+%22MSR%22+%22b%C3%A1o+c%C3%A1o+t%C3%ACnh+h%C3%ACnh+qu%E1%BA%A3n+tr%E1%BB%8B+c%C3%B4ng+ty+c%E1%BA%A3+n%C4%83m%22+2021+filetype%3Apdf
msr,MSR,2021,environmental,"""MSR"" ""giấy phép môi trường quan trắc xử phạt môi trường"" 2021 filetype:pdf",https://www.google.com/search?q=%22MSR%22+%22gi%E1%BA%A5y+ph%C3%A9p+m%C3%B4i+tr%C6%B0%E1%BB%9Dng+quan+tr%E1%BA%AFc+x%E1%BB%AD+ph%E1%BA%A1t+m%C3%B4i+tr%C6%B0%E1%BB%9Dng%22+2021+filetype%3Apdf,https://www.google.com/search?q=site%3Amasanhightechmaterials.com+%22MSR%22+%22gi%E1%BA%A5y+ph%C3%A9p+m%C3%B4i+tr%C6%B0%E1%BB%9Dng+quan+tr%E1%BA%AFc+x%E1%BB%AD+ph%E1%BA%A1t+m%C3%B4i+tr%C6%B0%E1%BB%9Dng%22+2021+filetype%3Apdf
msr,MSR,2022,annual,"""MSR"" ""báo cáo thường niên"" 2022 filetype:pdf",https://www.google.com/search?q=%22MSR%22+%22b%C3%A1o+c%C3%A1o+th%C6%B0%E1%BB%9Dng+ni%C3%AAn%22+2022+filetype%3Apdf,https://www.google.com/search?q=site%3Amasanhightechmaterials.com+%22MSR%22+%22b%C3%A1o+c%C3%A1o+th%C6%B0%E1%BB%9Dng+ni%C3%AAn%22+2022+filetype%3Apdf
msr,MSR,2022,sustainability,"""MSR"" ""báo cáo phát triển bền vững ESG"" 2022 filetype:pdf",https://www.google.com/search?q=%22MSR%22+%22b%C3%A1o+c%C3%A1o+ph%C3%A1t+tri%E1%BB%83n+b%E1%BB%81n+v%E1%BB%AFng+ESG%22+2022+filetype%3Apdf,https://www.google.com/search?q=site%3Amasanhightechmaterials.com+%22MSR%22+%22b%C3%A1o+c%C3%A1o+ph%C3%A1t+tri%E1%BB%83n+b%E1%BB%81n+v%E1%BB%AFng+ESG%22+2022+filetype%3Apdf
msr,MSR,2022,financial,"""MSR"" ""báo cáo tài chính năm kiểm toán hợp nhất"" 2022 filetype:pdf",https://www.google.com/search?q=%22MSR%22+%22b%C3%A1o+c%C3%A1o+t%C3%A0i+ch%C3%ADnh+n%C4%83m+ki%E1%BB%83m+to%C3%A1n+h%E1%BB%A3p+nh%E1%BA%A5t%22+2022+filetype%3Apdf,https://www.google.com/search?q=site%3Amasanhightechmaterials.com+%22MSR%22+%22b%C3%A1o+c%C3%A1o+t%C3%A0i+ch%C3%ADnh+n%C4%83m+ki%E1%BB%83m+to%C3%A1n+h%E1%BB%A3p+nh%E1%BA%A5t%22+2022+filetype%3Apdf
msr,MSR,2022,governance,"""MSR"" ""báo cáo tình hình quản trị công ty cả năm"" 2022 filetype:pdf",https://www.google.com/search?q=%22MSR%22+%22b%C3%A1o+c%C3%A1o+t%C3%ACnh+h%C3%ACnh+qu%E1%BA%A3n+tr%E1%BB%8B+c%C3%B4ng+ty+c%E1%BA%A3+n%C4%83m%22+2022+filetype%3Apdf,https://www.google.com/search?q=site%3Amasanhightechmaterials.com+%22MSR%22+%22b%C3%A1o+c%C3%A1o+t%C3%ACnh+h%C3%ACnh+qu%E1%BA%A3n+tr%E1%BB%8B+c%C3%B4ng+ty+c%E1%BA%A3+n%C4%83m%22+2022+filetype%3Apdf
msr,MSR,2022,environmental,"""MSR"" ""giấy phép môi trường quan trắc xử phạt môi trường"" 2022 filetype:pdf",https://www.google.com/search?q=%22MSR%22+%22gi%E1%BA%A5y+ph%C3%A9p+m%C3%B4i+tr%C6%B0%E1%BB%9Dng+quan+tr%E1%BA%AFc+x%E1%BB%AD+ph%E1%BA%A1t+m%C3%B4i+tr%C6%B0%E1%BB%9Dng%22+2022+filetype%3Apdf,https://www.google.com/search?q=site%3Amasanhightechmaterials.com+%22MSR%22+%22gi%E1%BA%A5y+ph%C3%A9p+m%C3%B4i+tr%C6%B0%E1%BB%9Dng+quan+tr%E1%BA%AFc+x%E1%BB%AD+ph%E1%BA%A1t+m%C3%B4i+tr%C6%B0%E1%BB%9Dng%22+2022+filetype%3Apdf
msr,MSR,2023,annual,"""MSR"" ""báo cáo thường niên"" 2023 filetype:pdf",https://www.google.com/search?q=%22MSR%22+%22b%C3%A1o+c%C3%A1o+th%C6%B0%E1%BB%9Dng+ni%C3%AAn%22+2023+filetype%3Apdf,https://www.google.com/search?q=site%3Amasanhightechmaterials.com+%22MSR%22+%22b%C3%A1o+c%C3%A1o+th%C6%B0%E1%BB%9Dng+ni%C3%AAn%22+2023+filetype%3Apdf
msr,MSR,2023,sustainability,"""MSR"" ""báo cáo phát triển bền vững ESG"" 2023 filetype:pdf",https://www.google.com/search?q=%22MSR%22+%22b%C3%A1o+c%C3%A1o+ph%C3%A1t+tri%E1%BB%83n+b%E1%BB%81n+v%E1%BB%AFng+ESG%22+2023+filetype%3Apdf,https://www.google.com/search?q=site%3Amasanhightechmaterials.com+%22MSR%22+%22b%C3%A1o+c%C3%A1o+ph%C3%A1t+tri%E1%BB%83n+b%E1%BB%81n+v%E1%BB%AFng+ESG%22+2023+filetype%3Apdf
msr,MSR,2023,financial,"""MSR"" ""báo cáo tài chính năm kiểm toán hợp nhất"" 2023 filetype:pdf",https://www.google.com/search?q=%22MSR%22+%22b%C3%A1o+c%C3%A1o+t%C3%A0i+ch%C3%ADnh+n%C4%83m+ki%E1%BB%83m+to%C3%A1n+h%E1%BB%A3p+nh%E1%BA%A5t%22+2023+filetype%3Apdf,https://www.google.com/search?q=site%3Amasanhightechmaterials.com+%22MSR%22+%22b%C3%A1o+c%C3%A1o+t%C3%A0i+ch%C3%ADnh+n%C4%83m+ki%E1%BB%83m+to%C3%A1n+h%E1%BB%A3p+nh%E1%BA%A5t%22+2023+filetype%3Apdf
msr,MSR,2023,governance,"""MSR"" ""báo cáo tình hình quản trị công ty cả năm"" 2023 filetype:pdf",https://www.google.com/search?q=%22MSR%22+%22b%C3%A1o+c%C3%A1o+t%C3%ACnh+h%C3%ACnh+qu%E1%BA%A3n+tr%E1%BB%8B+c%C3%B4ng+ty+c%E1%BA%A3+n%C4%83m%22+2023+filetype%3Apdf,https://www.google.com/search?q=site%3Amasanhightechmaterials.com+%22MSR%22+%22b%C3%A1o+c%C3%A1o+t%C3%ACnh+h%C3%ACnh+qu%E1%BA%A3n+tr%E1%BB%8B+c%C3%B4ng+ty+c%E1%BA%A3+n%C4%83m%22+2023+filetype%3Apdf
msr,MSR,2023,environmental,"""MSR"" ""giấy phép môi trường quan trắc xử phạt môi trường"" 2023 filetype:pdf",https://www.google.com/search?q=%22MSR%22+%22gi%E1%BA%A5y+ph%C3%A9p+m%C3%B4i+tr%C6%B0%E1%BB%9Dng+quan+tr%E1%BA%AFc+x%E1%BB%AD+ph%E1%BA%A1t+m%C3%B4i+tr%C6%B0%E1%BB%9Dng%22+2023+filetype%3Apdf,https://www.google.com/search?q=site%3Amasanhightechmaterials.com+%22MSR%22+%22gi%E1%BA%A5y+ph%C3%A9p+m%C3%B4i+tr%C6%B0%E1%BB%9Dng+quan+tr%E1%BA%AFc+x%E1%BB%AD+ph%E1%BA%A1t+m%C3%B4i+tr%C6%B0%E1%BB%9Dng%22+2023+filetype%3Apdf
msr,MSR,2024,annual,"""MSR"" ""báo cáo thường niên"" 2024 filetype:pdf",https://www.google.com/search?q=%22MSR%22+%22b%C3%A1o+c%C3%A1o+th%C6%B0%E1%BB%9Dng+ni%C3%AAn%22+2024+filetype%3Apdf,https://www.google.com/search?q=site%3Amasanhightechmaterials.com+%22MSR%22+%22b%C3%A1o+c%C3%A1o+th%C6%B0%E1%BB%9Dng+ni%C3%AAn%22+2024+filetype%3Apdf
msr,MSR,2024,sustainability,"""MSR"" ""báo cáo phát triển bền vững ESG"" 2024 filetype:pdf",https://www.google.com/search?q=%22MSR%22+%22b%C3%A1o+c%C3%A1o+ph%C3%A1t+tri%E1%BB%83n+b%E1%BB%81n+v%E1%BB%AFng+ESG%22+2024+filetype%3Apdf,https://www.google.com/search?q=site%3Amasanhightechmaterials.com+%22MSR%22+%22b%C3%A1o+c%C3%A1o+ph%C3%A1t+tri%E1%BB%83n+b%E1%BB%81n+v%E1%BB%AFng+ESG%22+2024+filetype%3Apdf
msr,MSR,2024,financial,"""MSR"" ""báo cáo tài chính năm kiểm toán hợp nhất"" 2024 filetype:pdf",https://www.google.com/search?q=%22MSR%22+%22b%C3%A1o+c%C3%A1o+t%C3%A0i+ch%C3%ADnh+n%C4%83m+ki%E1%BB%83m+to%C3%A1n+h%E1%BB%A3p+nh%E1%BA%A5t%22+2024+filetype%3Apdf,https://www.google.com/search?q=site%3Amasanhightechmaterials.com+%22MSR%22+%22b%C3%A1o+c%C3%A1o+t%C3%A0i+ch%C3%ADnh+n%C4%83m+ki%E1%BB%83m+to%C3%A1n+h%E1%BB%A3p+nh%E1%BA%A5t%22+2024+filetype%3Apdf
msr,MSR,2024,governance,"""MSR"" ""báo cáo tình hình quản trị công ty cả năm"" 2024 filetype:pdf",https://www.google.com/search?q=%22MSR%22+%22b%C3%A1o+c%C3%A1o+t%C3%ACnh+h%C3%ACnh+qu%E1%BA%A3n+tr%E1%BB%8B+c%C3%B4ng+ty+c%E1%BA%A3+n%C4%83m%22+2024+filetype%3Apdf,https://www.google.com/search?q=site%3Amasanhightechmaterials.com+%22MSR%22+%22b%C3%A1o+c%C3%A1o+t%C3%ACnh+h%C3%ACnh+qu%E1%BA%A3n+tr%E1%BB%8B+c%C3%B4ng+ty+c%E1%BA%A3+n%C4%83m%22+2024+filetype%3Apdf
msr,MSR,2024,environmental,"""MSR"" ""giấy phép môi trường quan trắc xử phạt môi trường"" 2024 filetype:pdf",https://www.google.com/search?q=%22MSR%22+%22gi%E1%BA%A5y+ph%C3%A9p+m%C3%B4i+tr%C6%B0%E1%BB%9Dng+quan+tr%E1%BA%AFc+x%E1%BB%AD+ph%E1%BA%A1t+m%C3%B4i+tr%C6%B0%E1%BB%9Dng%22+2024+filetype%3Apdf,https://www.google.com/search?q=site%3Amasanhightechmaterials.com+%22MSR%22+%22gi%E1%BA%A5y+ph%C3%A9p+m%C3%B4i+tr%C6%B0%E1%BB%9Dng+quan+tr%E1%BA%AFc+x%E1%BB%AD+ph%E1%BA%A1t+m%C3%B4i+tr%C6%B0%E1%BB%9Dng%22+2024+filetype%3Apdf
msr,MSR,2025,annual,"""MSR"" ""báo cáo thường niên"" 2025 filetype:pdf",https://www.google.com/search?q=%22MSR%22+%22b%C3%A1o+c%C3%A1o+th%C6%B0%E1%BB%9Dng+ni%C3%AAn%22+2025+filetype%3Apdf,https://www.google.com/search?q=site%3Amasanhightechmaterials.com+%22MSR%22+%22b%C3%A1o+c%C3%A1o+th%C6%B0%E1%BB%9Dng+ni%C3%AAn%22+2025+filetype%3Apdf
msr,MSR,2025,sustainability,"""MSR"" ""báo cáo phát triển bền vững ESG"" 2025 filetype:pdf",https://www.google.com/search?q=%22MSR%22+%22b%C3%A1o+c%C3%A1o+ph%C3%A1t+tri%E1%BB%83n+b%E1%BB%81n+v%E1%BB%AFng+ESG%22+2025+filetype%3Apdf,https://www.google.com/search?q=site%3Amasanhightechmaterials.com+%22MSR%22+%22b%C3%A1o+c%C3%A1o+ph%C3%A1t+tri%E1%BB%83n+b%E1%BB%81n+v%E1%BB%AFng+ESG%22+2025+filetype%3Apdf
msr,MSR,2025,financial,"""MSR"" ""báo cáo tài chính năm kiểm toán hợp nhất"" 2025 filetype:pdf",https://www.google.com/search?q=%22MSR%22+%22b%C3%A1o+c%C3%A1o+t%C3%A0i+ch%C3%ADnh+n%C4%83m+ki%E1%BB%83m+to%C3%A1n+h%E1%BB%A3p+nh%E1%BA%A5t%22+2025+filetype%3Apdf,https://www.google.com/search?q=site%3Amasanhightechmaterials.com+%22MSR%22+%22b%C3%A1o+c%C3%A1o+t%C3%A0i+ch%C3%ADnh+n%C4%83m+ki%E1%BB%83m+to%C3%A1n+h%E1%BB%A3p+nh%E1%BA%A5t%22+2025+filetype%3Apdf
msr,MSR,2025,governance,"""MSR"" ""báo cáo tình hình quản trị công ty cả năm"" 2025 filetype:pdf",https://www.google.com/search?q=%22MSR%22+%22b%C3%A1o+c%C3%A1o+t%C3%ACnh+h%C3%ACnh+qu%E1%BA%A3n+tr%E1%BB%8B+c%C3%B4ng+ty+c%E1%BA%A3+n%C4%83m%22+2025+filetype%3Apdf,https://www.google.com/search?q=site%3Amasanhightechmaterials.com+%22MSR%22+%22b%C3%A1o+c%C3%A1o+t%C3%ACnh+h%C3%ACnh+qu%E1%BA%A3n+tr%E1%BB%8B+c%C3%B4ng+ty+c%E1%BA%A3+n%C4%83m%22+2025+filetype%3Apdf
msr,MSR,2025,environmental,"""MSR"" ""giấy phép môi trường quan trắc xử phạt môi trường"" 2025 filetype:pdf",https://www.google.com/search?q=%22MSR%22+%22gi%E1%BA%A5y+ph%C3%A9p+m%C3%B4i+tr%C6%B0%E1%BB%9Dng+quan+tr%E1%BA%AFc+x%E1%BB%AD+ph%E1%BA%A1t+m%C3%B4i+tr%C6%B0%E1%BB%9Dng%22+2025+filetype%3Apdf,https://www.google.com/search?q=site%3Amasanhightechmaterials.com+%22MSR%22+%22gi%E1%BA%A5y+ph%C3%A9p+m%C3%B4i+tr%C6%B0%E1%BB%9Dng+quan+tr%E1%BA%AFc+x%E1%BB%AD+ph%E1%BA%A1t+m%C3%B4i+tr%C6%B0%E1%BB%9Dng%22+2025+filetype%3Apdf
pow,POW,2021,annual,"""POW"" ""báo cáo thường niên"" 2021 filetype:pdf",https://www.google.com/search?q=%22POW%22+%22b%C3%A1o+c%C3%A1o+th%C6%B0%E1%BB%9Dng+ni%C3%AAn%22+2021+filetype%3Apdf,https://www.google.com/search?q=site%3Apvpower.vn+%22POW%22+%22b%C3%A1o+c%C3%A1o+th%C6%B0%E1%BB%9Dng+ni%C3%AAn%22+2021+filetype%3Apdf
pow,POW,2021,sustainability,"""POW"" ""báo cáo phát triển bền vững ESG"" 2021 filetype:pdf",https://www.google.com/search?q=%22POW%22+%22b%C3%A1o+c%C3%A1o+ph%C3%A1t+tri%E1%BB%83n+b%E1%BB%81n+v%E1%BB%AFng+ESG%22+2021+filetype%3Apdf,https://www.google.com/search?q=site%3Apvpower.vn+%22POW%22+%22b%C3%A1o+c%C3%A1o+ph%C3%A1t+tri%E1%BB%83n+b%E1%BB%81n+v%E1%BB%AFng+ESG%22+2021+filetype%3Apdf
pow,POW,2021,financial,"""POW"" ""báo cáo tài chính năm kiểm toán hợp nhất"" 2021 filetype:pdf",https://www.google.com/search?q=%22POW%22+%22b%C3%A1o+c%C3%A1o+t%C3%A0i+ch%C3%ADnh+n%C4%83m+ki%E1%BB%83m+to%C3%A1n+h%E1%BB%A3p+nh%E1%BA%A5t%22+2021+filetype%3Apdf,https://www.google.com/search?q=site%3Apvpower.vn+%22POW%22+%22b%C3%A1o+c%C3%A1o+t%C3%A0i+ch%C3%ADnh+n%C4%83m+ki%E1%BB%83m+to%C3%A1n+h%E1%BB%A3p+nh%E1%BA%A5t%22+2021+filetype%3Apdf
pow,POW,2021,governance,"""POW"" ""báo cáo tình hình quản trị công ty cả năm"" 2021 filetype:pdf",https://www.google.com/search?q=%22POW%22+%22b%C3%A1o+c%C3%A1o+t%C3%ACnh+h%C3%ACnh+qu%E1%BA%A3n+tr%E1%BB%8B+c%C3%B4ng+ty+c%E1%BA%A3+n%C4%83m%22+2021+filetype%3Apdf,https://www.google.com/search?q=site%3Apvpower.vn+%22POW%22+%22b%C3%A1o+c%C3%A1o+t%C3%ACnh+h%C3%ACnh+qu%E1%BA%A3n+tr%E1%BB%8B+c%C3%B4ng+ty+c%E1%BA%A3+n%C4%83m%22+2021+filetype%3Apdf
pow,POW,2021,environmental,"""POW"" ""giấy phép môi trường quan trắc xử phạt môi trường"" 2021 filetype:pdf",https://www.google.com/search?q=%22POW%22+%22gi%E1%BA%A5y+ph%C3%A9p+m%C3%B4i+tr%C6%B0%E1%BB%9Dng+quan+tr%E1%BA%AFc+x%E1%BB%AD+ph%E1%BA%A1t+m%C3%B4i+tr%C6%B0%E1%BB%9Dng%22+2021+filetype%3Apdf,https://www.google.com/search?q=site%3Apvpower.vn+%22POW%22+%22gi%E1%BA%A5y+ph%C3%A9p+m%C3%B4i+tr%C6%B0%E1%BB%9Dng+quan+tr%E1%BA%AFc+x%E1%BB%AD+ph%E1%BA%A1t+m%C3%B4i+tr%C6%B0%E1%BB%9Dng%22+2021+filetype%3Apdf
pow,POW,2022,annual,"""POW"" ""báo cáo thường niên"" 2022 filetype:pdf",https://www.google.com/search?q=%22POW%22+%22b%C3%A1o+c%C3%A1o+th%C6%B0%E1%BB%9Dng+ni%C3%AAn%22+2022+filetype%3Apdf,https://www.google.com/search?q=site%3Apvpower.vn+%22POW%22+%22b%C3%A1o+c%C3%A1o+th%C6%B0%E1%BB%9Dng+ni%C3%AAn%22+2022+filetype%3Apdf
pow,POW,2022,sustainability,"""POW"" ""báo cáo phát triển bền vững ESG"" 2022 filetype:pdf",https://www.google.com/search?q=%22POW%22+%22b%C3%A1o+c%C3%A1o+ph%C3%A1t+tri%E1%BB%83n+b%E1%BB%81n+v%E1%BB%AFng+ESG%22+2022+filetype%3Apdf,https://www.google.com/search?q=site%3Apvpower.vn+%22POW%22+%22b%C3%A1o+c%C3%A1o+ph%C3%A1t+tri%E1%BB%83n+b%E1%BB%81n+v%E1%BB%AFng+ESG%22+2022+filetype%3Apdf
pow,POW,2022,financial,"""POW"" ""báo cáo tài chính năm kiểm toán hợp nhất"" 2022 filetype:pdf",https://www.google.com/search?q=%22POW%22+%22b%C3%A1o+c%C3%A1o+t%C3%A0i+ch%C3%ADnh+n%C4%83m+ki%E1%BB%83m+to%C3%A1n+h%E1%BB%A3p+nh%E1%BA%A5t%22+2022+filetype%3Apdf,https://www.google.com/search?q=site%3Apvpower.vn+%22POW%22+%22b%C3%A1o+c%C3%A1o+t%C3%A0i+ch%C3%ADnh+n%C4%83m+ki%E1%BB%83m+to%C3%A1n+h%E1%BB%A3p+nh%E1%BA%A5t%22+2022+filetype%3Apdf
pow,POW,2022,governance,"""POW"" ""báo cáo tình hình quản trị công ty cả năm"" 2022 filetype:pdf",https://www.google.com/search?q=%22POW%22+%22b%C3%A1o+c%C3%A1o+t%C3%ACnh+h%C3%ACnh+qu%E1%BA%A3n+tr%E1%BB%8B+c%C3%B4ng+ty+c%E1%BA%A3+n%C4%83m%22+2022+filetype%3Apdf,https://www.google.com/search?q=site%3Apvpower.vn+%22POW%22+%22b%C3%A1o+c%C3%A1o+t%C3%ACnh+h%C3%ACnh+qu%E1%BA%A3n+tr%E1%BB%8B+c%C3%B4ng+ty+c%E1%BA%A3+n%C4%83m%22+2022+filetype%3Apdf
pow,POW,2022,environmental,"""POW"" ""giấy phép môi trường quan trắc xử phạt môi trường"" 2022 filetype:pdf",https://www.google.com/search?q=%22POW%22+%22gi%E1%BA%A5y+ph%C3%A9p+m%C3%B4i+tr%C6%B0%E1%BB%9Dng+quan+tr%E1%BA%AFc+x%E1%BB%AD+ph%E1%BA%A1t+m%C3%B4i+tr%C6%B0%E1%BB%9Dng%22+2022+filetype%3Apdf,https://www.google.com/search?q=site%3Apvpower.vn+%22POW%22+%22gi%E1%BA%A5y+ph%C3%A9p+m%C3%B4i+tr%C6%B0%E1%BB%9Dng+quan+tr%E1%BA%AFc+x%E1%BB%AD+ph%E1%BA%A1t+m%C3%B4i+tr%C6%B0%E1%BB%9Dng%22+2022+filetype%3Apdf
pow,POW,2023,annual,"""POW"" ""báo cáo thường niên"" 2023 filetype:pdf",https://www.google.com/search?q=%22POW%22+%22b%C3%A1o+c%C3%A1o+th%C6%B0%E1%BB%9Dng+ni%C3%AAn%22+2023+filetype%3Apdf,https://www.google.com/search?q=site%3Apvpower.vn+%22POW%22+%22b%C3%A1o+c%C3%A1o+th%C6%B0%E1%BB%9Dng+ni%C3%AAn%22+2023+filetype%3Apdf
pow,POW,2023,sustainability,"""POW"" ""báo cáo phát triển bền vững ESG"" 2023 filetype:pdf",https://www.google.com/search?q=%22POW%22+%22b%C3%A1o+c%C3%A1o+ph%C3%A1t+tri%E1%BB%83n+b%E1%BB%81n+v%E1%BB%AFng+ESG%22+2023+filetype%3Apdf,https://www.google.com/search?q=site%3Apvpower.vn+%22POW%22+%22b%C3%A1o+c%C3%A1o+ph%C3%A1t+tri%E1%BB%83n+b%E1%BB%81n+v%E1%BB%AFng+ESG%22+2023+filetype%3Apdf
pow,POW,2023,financial,"""POW"" ""báo cáo tài chính năm kiểm toán hợp nhất"" 2023 filetype:pdf",https://www.google.com/search?q=%22POW%22+%22b%C3%A1o+c%C3%A1o+t%C3%A0i+ch%C3%ADnh+n%C4%83m+ki%E1%BB%83m+to%C3%A1n+h%E1%BB%A3p+nh%E1%BA%A5t%22+2023+filetype%3Apdf,https://www.google.com/search?q=site%3Apvpower.vn+%22POW%22+%22b%C3%A1o+c%C3%A1o+t%C3%A0i+ch%C3%ADnh+n%C4%83m+ki%E1%BB%83m+to%C3%A1n+h%E1%BB%A3p+nh%E1%BA%A5t%22+2023+filetype%3Apdf
pow,POW,2023,governance,"""POW"" ""báo cáo tình hình quản trị công ty cả năm"" 2023 filetype:pdf",https://www.google.com/search?q=%22POW%22+%22b%C3%A1o+c%C3%A1o+t%C3%ACnh+h%C3%ACnh+qu%E1%BA%A3n+tr%E1%BB%8B+c%C3%B4ng+ty+c%E1%BA%A3+n%C4%83m%22+2023+filetype%3Apdf,https://www.google.com/search?q=site%3Apvpower.vn+%22POW%22+%22b%C3%A1o+c%C3%A1o+t%C3%ACnh+h%C3%ACnh+qu%E1%BA%A3n+tr%E1%BB%8B+c%C3%B4ng+ty+c%E1%BA%A3+n%C4%83m%22+2023+filetype%3Apdf
pow,POW,2023,environmental,"""POW"" ""giấy phép môi trường quan trắc xử phạt môi trường"" 2023 filetype:pdf",https://www.google.com/search?q=%22POW%22+%22gi%E1%BA%A5y+ph%C3%A9p+m%C3%B4i+tr%C6%B0%E1%BB%9Dng+quan+tr%E1%BA%AFc+x%E1%BB%AD+ph%E1%BA%A1t+m%C3%B4i+tr%C6%B0%E1%BB%9Dng%22+2023+filetype%3Apdf,https://www.google.com/search?q=site%3Apvpower.vn+%22POW%22+%22gi%E1%BA%A5y+ph%C3%A9p+m%C3%B4i+tr%C6%B0%E1%BB%9Dng+quan+tr%E1%BA%AFc+x%E1%BB%AD+ph%E1%BA%A1t+m%C3%B4i+tr%C6%B0%E1%BB%9Dng%22+2023+filetype%3Apdf
pow,POW,2024,annual,"""POW"" ""báo cáo thường niên"" 2024 filetype:pdf",https://www.google.com/search?q=%22POW%22+%22b%C3%A1o+c%C3%A1o+th%C6%B0%E1%BB%9Dng+ni%C3%AAn%22+2024+filetype%3Apdf,https://www.google.com/search?q=site%3Apvpower.vn+%22POW%22+%22b%C3%A1o+c%C3%A1o+th%C6%B0%E1%BB%9Dng+ni%C3%AAn%22+2024+filetype%3Apdf
pow,POW,2024,sustainability,"""POW"" ""báo cáo phát triển bền vững ESG"" 2024 filetype:pdf",https://www.google.com/search?q=%22POW%22+%22b%C3%A1o+c%C3%A1o+ph%C3%A1t+tri%E1%BB%83n+b%E1%BB%81n+v%E1%BB%AFng+ESG%22+2024+filetype%3Apdf,https://www.google.com/search?q=site%3Apvpower.vn+%22POW%22+%22b%C3%A1o+c%C3%A1o+ph%C3%A1t+tri%E1%BB%83n+b%E1%BB%81n+v%E1%BB%AFng+ESG%22+2024+filetype%3Apdf
pow,POW,2024,financial,"""POW"" ""báo cáo tài chính năm kiểm toán hợp nhất"" 2024 filetype:pdf",https://www.google.com/search?q=%22POW%22+%22b%C3%A1o+c%C3%A1o+t%C3%A0i+ch%C3%ADnh+n%C4%83m+ki%E1%BB%83m+to%C3%A1n+h%E1%BB%A3p+nh%E1%BA%A5t%22+2024+filetype%3Apdf,https://www.google.com/search?q=site%3Apvpower.vn+%22POW%22+%22b%C3%A1o+c%C3%A1o+t%C3%A0i+ch%C3%ADnh+n%C4%83m+ki%E1%BB%83m+to%C3%A1n+h%E1%BB%A3p+nh%E1%BA%A5t%22+2024+filetype%3Apdf
pow,POW,2024,governance,"""POW"" ""báo cáo tình hình quản trị công ty cả năm"" 2024 filetype:pdf",https://www.google.com/search?q=%22POW%22+%22b%C3%A1o+c%C3%A1o+t%C3%ACnh+h%C3%ACnh+qu%E1%BA%A3n+tr%E1%BB%8B+c%C3%B4ng+ty+c%E1%BA%A3+n%C4%83m%22+2024+filetype%3Apdf,https://www.google.com/search?q=site%3Apvpower.vn+%22POW%22+%22b%C3%A1o+c%C3%A1o+t%C3%ACnh+h%C3%ACnh+qu%E1%BA%A3n+tr%E1%BB%8B+c%C3%B4ng+ty+c%E1%BA%A3+n%C4%83m%22+2024+filetype%3Apdf
pow,POW,2024,environmental,"""POW"" ""giấy phép môi trường quan trắc xử phạt môi trường"" 2024 filetype:pdf",https://www.google.com/search?q=%22POW%22+%22gi%E1%BA%A5y+ph%C3%A9p+m%C3%B4i+tr%C6%B0%E1%BB%9Dng+quan+tr%E1%BA%AFc+x%E1%BB%AD+ph%E1%BA%A1t+m%C3%B4i+tr%C6%B0%E1%BB%9Dng%22+2024+filetype%3Apdf,https://www.google.com/search?q=site%3Apvpower.vn+%22POW%22+%22gi%E1%BA%A5y+ph%C3%A9p+m%C3%B4i+tr%C6%B0%E1%BB%9Dng+quan+tr%E1%BA%AFc+x%E1%BB%AD+ph%E1%BA%A1t+m%C3%B4i+tr%C6%B0%E1%BB%9Dng%22+2024+filetype%3Apdf
pow,POW,2025,annual,"""POW"" ""báo cáo thường niên"" 2025 filetype:pdf",https://www.google.com/search?q=%22POW%22+%22b%C3%A1o+c%C3%A1o+th%C6%B0%E1%BB%9Dng+ni%C3%AAn%22+2025+filetype%3Apdf,https://www.google.com/search?q=site%3Apvpower.vn+%22POW%22+%22b%C3%A1o+c%C3%A1o+th%C6%B0%E1%BB%9Dng+ni%C3%AAn%22+2025+filetype%3Apdf
pow,POW,2025,sustainability,"""POW"" ""báo cáo phát triển bền vững ESG"" 2025 filetype:pdf",https://www.google.com/search?q=%22POW%22+%22b%C3%A1o+c%C3%A1o+ph%C3%A1t+tri%E1%BB%83n+b%E1%BB%81n+v%E1%BB%AFng+ESG%22+2025+filetype%3Apdf,https://www.google.com/search?q=site%3Apvpower.vn+%22POW%22+%22b%C3%A1o+c%C3%A1o+ph%C3%A1t+tri%E1%BB%83n+b%E1%BB%81n+v%E1%BB%AFng+ESG%22+2025+filetype%3Apdf
pow,POW,2025,financial,"""POW"" ""báo cáo tài chính năm kiểm toán hợp nhất"" 2025 filetype:pdf",https://www.google.com/search?q=%22POW%22+%22b%C3%A1o+c%C3%A1o+t%C3%A0i+ch%C3%ADnh+n%C4%83m+ki%E1%BB%83m+to%C3%A1n+h%E1%BB%A3p+nh%E1%BA%A5t%22+2025+filetype%3Apdf,https://www.google.com/search?q=site%3Apvpower.vn+%22POW%22+%22b%C3%A1o+c%C3%A1o+t%C3%A0i+ch%C3%ADnh+n%C4%83m+ki%E1%BB%83m+to%C3%A1n+h%E1%BB%A3p+nh%E1%BA%A5t%22+2025+filetype%3Apdf
pow,POW,2025,governance,"""POW"" ""báo cáo tình hình quản trị công ty cả năm"" 2025 filetype:pdf",https://www.google.com/search?q=%22POW%22+%22b%C3%A1o+c%C3%A1o+t%C3%ACnh+h%C3%ACnh+qu%E1%BA%A3n+tr%E1%BB%8B+c%C3%B4ng+ty+c%E1%BA%A3+n%C4%83m%22+2025+filetype%3Apdf,https://www.google.com/search?q=site%3Apvpower.vn+%22POW%22+%22b%C3%A1o+c%C3%A1o+t%C3%ACnh+h%C3%ACnh+qu%E1%BA%A3n+tr%E1%BB%8B+c%C3%B4ng+ty+c%E1%BA%A3+n%C4%83m%22+2025+filetype%3Apdf
pow,POW,2025,environmental,"""POW"" ""giấy phép môi trường quan trắc xử phạt môi trường"" 2025 filetype:pdf",https://www.google.com/search?q=%22POW%22+%22gi%E1%BA%A5y+ph%C3%A9p+m%C3%B4i+tr%C6%B0%E1%BB%9Dng+quan+tr%E1%BA%AFc+x%E1%BB%AD+ph%E1%BA%A1t+m%C3%B4i+tr%C6%B0%E1%BB%9Dng%22+2025+filetype%3Apdf,https://www.google.com/search?q=site%3Apvpower.vn+%22POW%22+%22gi%E1%BA%A5y+ph%C3%A9p+m%C3%B4i+tr%C6%B0%E1%BB%9Dng+quan+tr%E1%BA%AFc+x%E1%BB%AD+ph%E1%BA%A1t+m%C3%B4i+tr%C6%B0%E1%BB%9Dng%22+2025+filetype%3Apdf
nt2,NT2,2021,annual,"""NT2"" ""báo cáo thường niên"" 2021 filetype:pdf",https://www.google.com/search?q=%22NT2%22+%22b%C3%A1o+c%C3%A1o+th%C6%B0%E1%BB%9Dng+ni%C3%AAn%22+2021+filetype%3Apdf,https://www.google.com/search?q=site%3Apvpowernt2.vn+%22NT2%22+%22b%C3%A1o+c%C3%A1o+th%C6%B0%E1%BB%9Dng+ni%C3%AAn%22+2021+filetype%3Apdf
nt2,NT2,2021,sustainability,"""NT2"" ""báo cáo phát triển bền vững ESG"" 2021 filetype:pdf",https://www.google.com/search?q=%22NT2%22+%22b%C3%A1o+c%C3%A1o+ph%C3%A1t+tri%E1%BB%83n+b%E1%BB%81n+v%E1%BB%AFng+ESG%22+2021+filetype%3Apdf,https://www.google.com/search?q=site%3Apvpowernt2.vn+%22NT2%22+%22b%C3%A1o+c%C3%A1o+ph%C3%A1t+tri%E1%BB%83n+b%E1%BB%81n+v%E1%BB%AFng+ESG%22+2021+filetype%3Apdf
nt2,NT2,2021,financial,"""NT2"" ""báo cáo tài chính năm kiểm toán hợp nhất"" 2021 filetype:pdf",https://www.google.com/search?q=%22NT2%22+%22b%C3%A1o+c%C3%A1o+t%C3%A0i+ch%C3%ADnh+n%C4%83m+ki%E1%BB%83m+to%C3%A1n+h%E1%BB%A3p+nh%E1%BA%A5t%22+2021+filetype%3Apdf,https://www.google.com/search?q=site%3Apvpowernt2.vn+%22NT2%22+%22b%C3%A1o+c%C3%A1o+t%C3%A0i+ch%C3%ADnh+n%C4%83m+ki%E1%BB%83m+to%C3%A1n+h%E1%BB%A3p+nh%E1%BA%A5t%22+2021+filetype%3Apdf
nt2,NT2,2021,governance,"""NT2"" ""báo cáo tình hình quản trị công ty cả năm"" 2021 filetype:pdf",https://www.google.com/search?q=%22NT2%22+%22b%C3%A1o+c%C3%A1o+t%C3%ACnh+h%C3%ACnh+qu%E1%BA%A3n+tr%E1%BB%8B+c%C3%B4ng+ty+c%E1%BA%A3+n%C4%83m%22+2021+filetype%3Apdf,https://www.google.com/search?q=site%3Apvpowernt2.vn+%22NT2%22+%22b%C3%A1o+c%C3%A1o+t%C3%ACnh+h%C3%ACnh+qu%E1%BA%A3n+tr%E1%BB%8B+c%C3%B4ng+ty+c%E1%BA%A3+n%C4%83m%22+2021+filetype%3Apdf
nt2,NT2,2021,environmental,"""NT2"" ""giấy phép môi trường quan trắc xử phạt môi trường"" 2021 filetype:pdf",https://www.google.com/search?q=%22NT2%22+%22gi%E1%BA%A5y+ph%C3%A9p+m%C3%B4i+tr%C6%B0%E1%BB%9Dng+quan+tr%E1%BA%AFc+x%E1%BB%AD+ph%E1%BA%A1t+m%C3%B4i+tr%C6%B0%E1%BB%9Dng%22+2021+filetype%3Apdf,https://www.google.com/search?q=site%3Apvpowernt2.vn+%22NT2%22+%22gi%E1%BA%A5y+ph%C3%A9p+m%C3%B4i+tr%C6%B0%E1%BB%9Dng+quan+tr%E1%BA%AFc+x%E1%BB%AD+ph%E1%BA%A1t+m%C3%B4i+tr%C6%B0%E1%BB%9Dng%22+2021+filetype%3Apdf
nt2,NT2,2022,annual,"""NT2"" ""báo cáo thường niên"" 2022 filetype:pdf",https://www.google.com/search?q=%22NT2%22+%22b%C3%A1o+c%C3%A1o+th%C6%B0%E1%BB%9Dng+ni%C3%AAn%22+2022+filetype%3Apdf,https://www.google.com/search?q=site%3Apvpowernt2.vn+%22NT2%22+%22b%C3%A1o+c%C3%A1o+th%C6%B0%E1%BB%9Dng+ni%C3%AAn%22+2022+filetype%3Apdf
nt2,NT2,2022,sustainability,"""NT2"" ""báo cáo phát triển bền vững ESG"" 2022 filetype:pdf",https://www.google.com/search?q=%22NT2%22+%22b%C3%A1o+c%C3%A1o+ph%C3%A1t+tri%E1%BB%83n+b%E1%BB%81n+v%E1%BB%AFng+ESG%22+2022+filetype%3Apdf,https://www.google.com/search?q=site%3Apvpowernt2.vn+%22NT2%22+%22b%C3%A1o+c%C3%A1o+ph%C3%A1t+tri%E1%BB%83n+b%E1%BB%81n+v%E1%BB%AFng+ESG%22+2022+filetype%3Apdf
nt2,NT2,2022,financial,"""NT2"" ""báo cáo tài chính năm kiểm toán hợp nhất"" 2022 filetype:pdf",https://www.google.com/search?q=%22NT2%22+%22b%C3%A1o+c%C3%A1o+t%C3%A0i+ch%C3%ADnh+n%C4%83m+ki%E1%BB%83m+to%C3%A1n+h%E1%BB%A3p+nh%E1%BA%A5t%22+2022+filetype%3Apdf,https://www.google.com/search?q=site%3Apvpowernt2.vn+%22NT2%22+%22b%C3%A1o+c%C3%A1o+t%C3%A0i+ch%C3%ADnh+n%C4%83m+ki%E1%BB%83m+to%C3%A1n+h%E1%BB%A3p+nh%E1%BA%A5t%22+2022+filetype%3Apdf
nt2,NT2,2022,governance,"""NT2"" ""báo cáo tình hình quản trị công ty cả năm"" 2022 filetype:pdf",https://www.google.com/search?q=%22NT2%22+%22b%C3%A1o+c%C3%A1o+t%C3%ACnh+h%C3%ACnh+qu%E1%BA%A3n+tr%E1%BB%8B+c%C3%B4ng+ty+c%E1%BA%A3+n%C4%83m%22+2022+filetype%3Apdf,https://www.google.com/search?q=site%3Apvpowernt2.vn+%22NT2%22+%22b%C3%A1o+c%C3%A1o+t%C3%ACnh+h%C3%ACnh+qu%E1%BA%A3n+tr%E1%BB%8B+c%C3%B4ng+ty+c%E1%BA%A3+n%C4%83m%22+2022+filetype%3Apdf
nt2,NT2,2022,environmental,"""NT2"" ""giấy phép môi trường quan trắc xử phạt môi trường"" 2022 filetype:pdf",https://www.google.com/search?q=%22NT2%22+%22gi%E1%BA%A5y+ph%C3%A9p+m%C3%B4i+tr%C6%B0%E1%BB%9Dng+quan+tr%E1%BA%AFc+x%E1%BB%AD+ph%E1%BA%A1t+m%C3%B4i+tr%C6%B0%E1%BB%9Dng%22+2022+filetype%3Apdf,https://www.google.com/search?q=site%3Apvpowernt2.vn+%22NT2%22+%22gi%E1%BA%A5y+ph%C3%A9p+m%C3%B4i+tr%C6%B0%E1%BB%9Dng+quan+tr%E1%BA%AFc+x%E1%BB%AD+ph%E1%BA%A1t+m%C3%B4i+tr%C6%B0%E1%BB%9Dng%22+2022+filetype%3Apdf
nt2,NT2,2023,annual,"""NT2"" ""báo cáo thường niên"" 2023 filetype:pdf",https://www.google.com/search?q=%22NT2%22+%22b%C3%A1o+c%C3%A1o+th%C6%B0%E1%BB%9Dng+ni%C3%AAn%22+2023+filetype%3Apdf,https://www.google.com/search?q=site%3Apvpowernt2.vn+%22NT2%22+%22b%C3%A1o+c%C3%A1o+th%C6%B0%E1%BB%9Dng+ni%C3%AAn%22+2023+filetype%3Apdf
nt2,NT2,2023,sustainability,"""NT2"" ""báo cáo phát triển bền vững ESG"" 2023 filetype:pdf",https://www.google.com/search?q=%22NT2%22+%22b%C3%A1o+c%C3%A1o+ph%C3%A1t+tri%E1%BB%83n+b%E1%BB%81n+v%E1%BB%AFng+ESG%22+2023+filetype%3Apdf,https://www.google.com/search?q=site%3Apvpowernt2.vn+%22NT2%22+%22b%C3%A1o+c%C3%A1o+ph%C3%A1t+tri%E1%BB%83n+b%E1%BB%81n+v%E1%BB%AFng+ESG%22+2023+filetype%3Apdf
nt2,NT2,2023,financial,"""NT2"" ""báo cáo tài chính năm kiểm toán hợp nhất"" 2023 filetype:pdf",https://www.google.com/search?q=%22NT2%22+%22b%C3%A1o+c%C3%A1o+t%C3%A0i+ch%C3%ADnh+n%C4%83m+ki%E1%BB%83m+to%C3%A1n+h%E1%BB%A3p+nh%E1%BA%A5t%22+2023+filetype%3Apdf,https://www.google.com/search?q=site%3Apvpowernt2.vn+%22NT2%22+%22b%C3%A1o+c%C3%A1o+t%C3%A0i+ch%C3%ADnh+n%C4%83m+ki%E1%BB%83m+to%C3%A1n+h%E1%BB%A3p+nh%E1%BA%A5t%22+2023+filetype%3Apdf
nt2,NT2,2023,governance,"""NT2"" ""báo cáo tình hình quản trị công ty cả năm"" 2023 filetype:pdf",https://www.google.com/search?q=%22NT2%22+%22b%C3%A1o+c%C3%A1o+t%C3%ACnh+h%C3%ACnh+qu%E1%BA%A3n+tr%E1%BB%8B+c%C3%B4ng+ty+c%E1%BA%A3+n%C4%83m%22+2023+filetype%3Apdf,https://www.google.com/search?q=site%3Apvpowernt2.vn+%22NT2%22+%22b%C3%A1o+c%C3%A1o+t%C3%ACnh+h%C3%ACnh+qu%E1%BA%A3n+tr%E1%BB%8B+c%C3%B4ng+ty+c%E1%BA%A3+n%C4%83m%22+2023+filetype%3Apdf
nt2,NT2,2023,environmental,"""NT2"" ""giấy phép môi trường quan trắc xử phạt môi trường"" 2023 filetype:pdf",https://www.google.com/search?q=%22NT2%22+%22gi%E1%BA%A5y+ph%C3%A9p+m%C3%B4i+tr%C6%B0%E1%BB%9Dng+quan+tr%E1%BA%AFc+x%E1%BB%AD+ph%E1%BA%A1t+m%C3%B4i+tr%C6%B0%E1%BB%9Dng%22+2023+filetype%3Apdf,https://www.google.com/search?q=site%3Apvpowernt2.vn+%22NT2%22+%22gi%E1%BA%A5y+ph%C3%A9p+m%C3%B4i+tr%C6%B0%E1%BB%9Dng+quan+tr%E1%BA%AFc+x%E1%BB%AD+ph%E1%BA%A1t+m%C3%B4i+tr%C6%B0%E1%BB%9Dng%22+2023+filetype%3Apdf
nt2,NT2,2024,annual,"""NT2"" ""báo cáo thường niên"" 2024 filetype:pdf",https://www.google.com/search?q=%22NT2%22+%22b%C3%A1o+c%C3%A1o+th%C6%B0%E1%BB%9Dng+ni%C3%AAn%22+2024+filetype%3Apdf,https://www.google.com/search?q=site%3Apvpowernt2.vn+%22NT2%22+%22b%C3%A1o+c%C3%A1o+th%C6%B0%E1%BB%9Dng+ni%C3%AAn%22+2024+filetype%3Apdf
nt2,NT2,2024,sustainability,"""NT2"" ""báo cáo phát triển bền vững ESG"" 2024 filetype:pdf",https://www.google.com/search?q=%22NT2%22+%22b%C3%A1o+c%C3%A1o+ph%C3%A1t+tri%E1%BB%83n+b%E1%BB%81n+v%E1%BB%AFng+ESG%22+2024+filetype%3Apdf,https://www.google.com/search?q=site%3Apvpowernt2.vn+%22NT2%22+%22b%C3%A1o+c%C3%A1o+ph%C3%A1t+tri%E1%BB%83n+b%E1%BB%81n+v%E1%BB%AFng+ESG%22+2024+filetype%3Apdf
nt2,NT2,2024,financial,"""NT2"" ""báo cáo tài chính năm kiểm toán hợp nhất"" 2024 filetype:pdf",https://www.google.com/search?q=%22NT2%22+%22b%C3%A1o+c%C3%A1o+t%C3%A0i+ch%C3%ADnh+n%C4%83m+ki%E1%BB%83m+to%C3%A1n+h%E1%BB%A3p+nh%E1%BA%A5t%22+2024+filetype%3Apdf,https://www.google.com/search?q=site%3Apvpowernt2.vn+%22NT2%22+%22b%C3%A1o+c%C3%A1o+t%C3%A0i+ch%C3%ADnh+n%C4%83m+ki%E1%BB%83m+to%C3%A1n+h%E1%BB%A3p+nh%E1%BA%A5t%22+2024+filetype%3Apdf
nt2,NT2,2024,governance,"""NT2"" ""báo cáo tình hình quản trị công ty cả năm"" 2024 filetype:pdf",https://www.google.com/search?q=%22NT2%22+%22b%C3%A1o+c%C3%A1o+t%C3%ACnh+h%C3%ACnh+qu%E1%BA%A3n+tr%E1%BB%8B+c%C3%B4ng+ty+c%E1%BA%A3+n%C4%83m%22+2024+filetype%3Apdf,https://www.google.com/search?q=site%3Apvpowernt2.vn+%22NT2%22+%22b%C3%A1o+c%C3%A1o+t%C3%ACnh+h%C3%ACnh+qu%E1%BA%A3n+tr%E1%BB%8B+c%C3%B4ng+ty+c%E1%BA%A3+n%C4%83m%22+2024+filetype%3Apdf
nt2,NT2,2024,environmental,"""NT2"" ""giấy phép môi trường quan trắc xử phạt môi trường"" 2024 filetype:pdf",https://www.google.com/search?q=%22NT2%22+%22gi%E1%BA%A5y+ph%C3%A9p+m%C3%B4i+tr%C6%B0%E1%BB%9Dng+quan+tr%E1%BA%AFc+x%E1%BB%AD+ph%E1%BA%A1t+m%C3%B4i+tr%C6%B0%E1%BB%9Dng%22+2024+filetype%3Apdf,https://www.google.com/search?q=site%3Apvpowernt2.vn+%22NT2%22+%22gi%E1%BA%A5y+ph%C3%A9p+m%C3%B4i+tr%C6%B0%E1%BB%9Dng+quan+tr%E1%BA%AFc+x%E1%BB%AD+ph%E1%BA%A1t+m%C3%B4i+tr%C6%B0%E1%BB%9Dng%22+2024+filetype%3Apdf
nt2,NT2,2025,annual,"""NT2"" ""báo cáo thường niên"" 2025 filetype:pdf",https://www.google.com/search?q=%22NT2%22+%22b%C3%A1o+c%C3%A1o+th%C6%B0%E1%BB%9Dng+ni%C3%AAn%22+2025+filetype%3Apdf,https://www.google.com/search?q=site%3Apvpowernt2.vn+%22NT2%22+%22b%C3%A1o+c%C3%A1o+th%C6%B0%E1%BB%9Dng+ni%C3%AAn%22+2025+filetype%3Apdf
nt2,NT2,2025,sustainability,"""NT2"" ""báo cáo phát triển bền vững ESG"" 2025 filetype:pdf",https://www.google.com/search?q=%22NT2%22+%22b%C3%A1o+c%C3%A1o+ph%C3%A1t+tri%E1%BB%83n+b%E1%BB%81n+v%E1%BB%AFng+ESG%22+2025+filetype%3Apdf,https://www.google.com/search?q=site%3Apvpowernt2.vn+%22NT2%22+%22b%C3%A1o+c%C3%A1o+ph%C3%A1t+tri%E1%BB%83n+b%E1%BB%81n+v%E1%BB%AFng+ESG%22+2025+filetype%3Apdf
nt2,NT2,2025,financial,"""NT2"" ""báo cáo tài chính năm kiểm toán hợp nhất"" 2025 filetype:pdf",https://www.google.com/search?q=%22NT2%22+%22b%C3%A1o+c%C3%A1o+t%C3%A0i+ch%C3%ADnh+n%C4%83m+ki%E1%BB%83m+to%C3%A1n+h%E1%BB%A3p+nh%E1%BA%A5t%22+2025+filetype%3Apdf,https://www.google.com/search?q=site%3Apvpowernt2.vn+%22NT2%22+%22b%C3%A1o+c%C3%A1o+t%C3%A0i+ch%C3%ADnh+n%C4%83m+ki%E1%BB%83m+to%C3%A1n+h%E1%BB%A3p+nh%E1%BA%A5t%22+2025+filetype%3Apdf
nt2,NT2,2025,governance,"""NT2"" ""báo cáo tình hình quản trị công ty cả năm"" 2025 filetype:pdf",https://www.google.com/search?q=%22NT2%22+%22b%C3%A1o+c%C3%A1o+t%C3%ACnh+h%C3%ACnh+qu%E1%BA%A3n+tr%E1%BB%8B+c%C3%B4ng+ty+c%E1%BA%A3+n%C4%83m%22+2025+filetype%3Apdf,https://www.google.com/search?q=site%3Apvpowernt2.vn+%22NT2%22+%22b%C3%A1o+c%C3%A1o+t%C3%ACnh+h%C3%ACnh+qu%E1%BA%A3n+tr%E1%BB%8B+c%C3%B4ng+ty+c%E1%BA%A3+n%C4%83m%22+2025+filetype%3Apdf
nt2,NT2,2025,environmental,"""NT2"" ""giấy phép môi trường quan trắc xử phạt môi trường"" 2025 filetype:pdf",https://www.google.com/search?q=%22NT2%22+%22gi%E1%BA%A5y+ph%C3%A9p+m%C3%B4i+tr%C6%B0%E1%BB%9Dng+quan+tr%E1%BA%AFc+x%E1%BB%AD+ph%E1%BA%A1t+m%C3%B4i+tr%C6%B0%E1%BB%9Dng%22+2025+filetype%3Apdf,https://www.google.com/search?q=site%3Apvpowernt2.vn+%22NT2%22+%22gi%E1%BA%A5y+ph%C3%A9p+m%C3%B4i+tr%C6%B0%E1%BB%9Dng+quan+tr%E1%BA%AFc+x%E1%BB%AD+ph%E1%BA%A1t+m%C3%B4i+tr%C6%B0%E1%BB%9Dng%22+2025+filetype%3Apdf
qns,QNS,2021,annual,"""QNS"" ""báo cáo thường niên"" 2021 filetype:pdf",https://www.google.com/search?q=%22QNS%22+%22b%C3%A1o+c%C3%A1o+th%C6%B0%E1%BB%9Dng+ni%C3%AAn%22+2021+filetype%3Apdf,https://www.google.com/search?q=site%3Aqns.com.vn+%22QNS%22+%22b%C3%A1o+c%C3%A1o+th%C6%B0%E1%BB%9Dng+ni%C3%AAn%22+2021+filetype%3Apdf
qns,QNS,2021,sustainability,"""QNS"" ""báo cáo phát triển bền vững ESG"" 2021 filetype:pdf",https://www.google.com/search?q=%22QNS%22+%22b%C3%A1o+c%C3%A1o+ph%C3%A1t+tri%E1%BB%83n+b%E1%BB%81n+v%E1%BB%AFng+ESG%22+2021+filetype%3Apdf,https://www.google.com/search?q=site%3Aqns.com.vn+%22QNS%22+%22b%C3%A1o+c%C3%A1o+ph%C3%A1t+tri%E1%BB%83n+b%E1%BB%81n+v%E1%BB%AFng+ESG%22+2021+filetype%3Apdf
qns,QNS,2021,financial,"""QNS"" ""báo cáo tài chính năm kiểm toán hợp nhất"" 2021 filetype:pdf",https://www.google.com/search?q=%22QNS%22+%22b%C3%A1o+c%C3%A1o+t%C3%A0i+ch%C3%ADnh+n%C4%83m+ki%E1%BB%83m+to%C3%A1n+h%E1%BB%A3p+nh%E1%BA%A5t%22+2021+filetype%3Apdf,https://www.google.com/search?q=site%3Aqns.com.vn+%22QNS%22+%22b%C3%A1o+c%C3%A1o+t%C3%A0i+ch%C3%ADnh+n%C4%83m+ki%E1%BB%83m+to%C3%A1n+h%E1%BB%A3p+nh%E1%BA%A5t%22+2021+filetype%3Apdf
qns,QNS,2021,governance,"""QNS"" ""báo cáo tình hình quản trị công ty cả năm"" 2021 filetype:pdf",https://www.google.com/search?q=%22QNS%22+%22b%C3%A1o+c%C3%A1o+t%C3%ACnh+h%C3%ACnh+qu%E1%BA%A3n+tr%E1%BB%8B+c%C3%B4ng+ty+c%E1%BA%A3+n%C4%83m%22+2021+filetype%3Apdf,https://www.google.com/search?q=site%3Aqns.com.vn+%22QNS%22+%22b%C3%A1o+c%C3%A1o+t%C3%ACnh+h%C3%ACnh+qu%E1%BA%A3n+tr%E1%BB%8B+c%C3%B4ng+ty+c%E1%BA%A3+n%C4%83m%22+2021+filetype%3Apdf
qns,QNS,2021,environmental,"""QNS"" ""giấy phép môi trường quan trắc xử phạt môi trường"" 2021 filetype:pdf",https://www.google.com/search?q=%22QNS%22+%22gi%E1%BA%A5y+ph%C3%A9p+m%C3%B4i+tr%C6%B0%E1%BB%9Dng+quan+tr%E1%BA%AFc+x%E1%BB%AD+ph%E1%BA%A1t+m%C3%B4i+tr%C6%B0%E1%BB%9Dng%22+2021+filetype%3Apdf,https://www.google.com/search?q=site%3Aqns.com.vn+%22QNS%22+%22gi%E1%BA%A5y+ph%C3%A9p+m%C3%B4i+tr%C6%B0%E1%BB%9Dng+quan+tr%E1%BA%AFc+x%E1%BB%AD+ph%E1%BA%A1t+m%C3%B4i+tr%C6%B0%E1%BB%9Dng%22+2021+filetype%3Apdf
qns,QNS,2022,annual,"""QNS"" ""báo cáo thường niên"" 2022 filetype:pdf",https://www.google.com/search?q=%22QNS%22+%22b%C3%A1o+c%C3%A1o+th%C6%B0%E1%BB%9Dng+ni%C3%AAn%22+2022+filetype%3Apdf,https://www.google.com/search?q=site%3Aqns.com.vn+%22QNS%22+%22b%C3%A1o+c%C3%A1o+th%C6%B0%E1%BB%9Dng+ni%C3%AAn%22+2022+filetype%3Apdf
qns,QNS,2022,sustainability,"""QNS"" ""báo cáo phát triển bền vững ESG"" 2022 filetype:pdf",https://www.google.com/search?q=%22QNS%22+%22b%C3%A1o+c%C3%A1o+ph%C3%A1t+tri%E1%BB%83n+b%E1%BB%81n+v%E1%BB%AFng+ESG%22+2022+filetype%3Apdf,https://www.google.com/search?q=site%3Aqns.com.vn+%22QNS%22+%22b%C3%A1o+c%C3%A1o+ph%C3%A1t+tri%E1%BB%83n+b%E1%BB%81n+v%E1%BB%AFng+ESG%22+2022+filetype%3Apdf
qns,QNS,2022,financial,"""QNS"" ""báo cáo tài chính năm kiểm toán hợp nhất"" 2022 filetype:pdf",https://www.google.com/search?q=%22QNS%22+%22b%C3%A1o+c%C3%A1o+t%C3%A0i+ch%C3%ADnh+n%C4%83m+ki%E1%BB%83m+to%C3%A1n+h%E1%BB%A3p+nh%E1%BA%A5t%22+2022+filetype%3Apdf,https://www.google.com/search?q=site%3Aqns.com.vn+%22QNS%22+%22b%C3%A1o+c%C3%A1o+t%C3%A0i+ch%C3%ADnh+n%C4%83m+ki%E1%BB%83m+to%C3%A1n+h%E1%BB%A3p+nh%E1%BA%A5t%22+2022+filetype%3Apdf
qns,QNS,2022,governance,"""QNS"" ""báo cáo tình hình quản trị công ty cả năm"" 2022 filetype:pdf",https://www.google.com/search?q=%22QNS%22+%22b%C3%A1o+c%C3%A1o+t%C3%ACnh+h%C3%ACnh+qu%E1%BA%A3n+tr%E1%BB%8B+c%C3%B4ng+ty+c%E1%BA%A3+n%C4%83m%22+2022+filetype%3Apdf,https://www.google.com/search?q=site%3Aqns.com.vn+%22QNS%22+%22b%C3%A1o+c%C3%A1o+t%C3%ACnh+h%C3%ACnh+qu%E1%BA%A3n+tr%E1%BB%8B+c%C3%B4ng+ty+c%E1%BA%A3+n%C4%83m%22+2022+filetype%3Apdf
qns,QNS,2022,environmental,"""QNS"" ""giấy phép môi trường quan trắc xử phạt môi trường"" 2022 filetype:pdf",https://www.google.com/search?q=%22QNS%22+%22gi%E1%BA%A5y+ph%C3%A9p+m%C3%B4i+tr%C6%B0%E1%BB%9Dng+quan+tr%E1%BA%AFc+x%E1%BB%AD+ph%E1%BA%A1t+m%C3%B4i+tr%C6%B0%E1%BB%9Dng%22+2022+filetype%3Apdf,https://www.google.com/search?q=site%3Aqns.com.vn+%22QNS%22+%22gi%E1%BA%A5y+ph%C3%A9p+m%C3%B4i+tr%C6%B0%E1%BB%9Dng+quan+tr%E1%BA%AFc+x%E1%BB%AD+ph%E1%BA%A1t+m%C3%B4i+tr%C6%B0%E1%BB%9Dng%22+2022+filetype%3Apdf
qns,QNS,2023,annual,"""QNS"" ""báo cáo thường niên"" 2023 filetype:pdf",https://www.google.com/search?q=%22QNS%22+%22b%C3%A1o+c%C3%A1o+th%C6%B0%E1%BB%9Dng+ni%C3%AAn%22+2023+filetype%3Apdf,https://www.google.com/search?q=site%3Aqns.com.vn+%22QNS%22+%22b%C3%A1o+c%C3%A1o+th%C6%B0%E1%BB%9Dng+ni%C3%AAn%22+2023+filetype%3Apdf
qns,QNS,2023,sustainability,"""QNS"" ""báo cáo phát triển bền vững ESG"" 2023 filetype:pdf",https://www.google.com/search?q=%22QNS%22+%22b%C3%A1o+c%C3%A1o+ph%C3%A1t+tri%E1%BB%83n+b%E1%BB%81n+v%E1%BB%AFng+ESG%22+2023+filetype%3Apdf,https://www.google.com/search?q=site%3Aqns.com.vn+%22QNS%22+%22b%C3%A1o+c%C3%A1o+ph%C3%A1t+tri%E1%BB%83n+b%E1%BB%81n+v%E1%BB%AFng+ESG%22+2023+filetype%3Apdf
qns,QNS,2023,financial,"""QNS"" ""báo cáo tài chính năm kiểm toán hợp nhất"" 2023 filetype:pdf",https://www.google.com/search?q=%22QNS%22+%22b%C3%A1o+c%C3%A1o+t%C3%A0i+ch%C3%ADnh+n%C4%83m+ki%E1%BB%83m+to%C3%A1n+h%E1%BB%A3p+nh%E1%BA%A5t%22+2023+filetype%3Apdf,https://www.google.com/search?q=site%3Aqns.com.vn+%22QNS%22+%22b%C3%A1o+c%C3%A1o+t%C3%A0i+ch%C3%ADnh+n%C4%83m+ki%E1%BB%83m+to%C3%A1n+h%E1%BB%A3p+nh%E1%BA%A5t%22+2023+filetype%3Apdf
qns,QNS,2023,governance,"""QNS"" ""báo cáo tình hình quản trị công ty cả năm"" 2023 filetype:pdf",https://www.google.com/search?q=%22QNS%22+%22b%C3%A1o+c%C3%A1o+t%C3%ACnh+h%C3%ACnh+qu%E1%BA%A3n+tr%E1%BB%8B+c%C3%B4ng+ty+c%E1%BA%A3+n%C4%83m%22+2023+filetype%3Apdf,https://www.google.com/search?q=site%3Aqns.com.vn+%22QNS%22+%22b%C3%A1o+c%C3%A1o+t%C3%ACnh+h%C3%ACnh+qu%E1%BA%A3n+tr%E1%BB%8B+c%C3%B4ng+ty+c%E1%BA%A3+n%C4%83m%22+2023+filetype%3Apdf
qns,QNS,2023,environmental,"""QNS"" ""giấy phép môi trường quan trắc xử phạt môi trường"" 2023 filetype:pdf",https://www.google.com/search?q=%22QNS%22+%22gi%E1%BA%A5y+ph%C3%A9p+m%C3%B4i+tr%C6%B0%E1%BB%9Dng+quan+tr%E1%BA%AFc+x%E1%BB%AD+ph%E1%BA%A1t+m%C3%B4i+tr%C6%B0%E1%BB%9Dng%22+2023+filetype%3Apdf,https://www.google.com/search?q=site%3Aqns.com.vn+%22QNS%22+%22gi%E1%BA%A5y+ph%C3%A9p+m%C3%B4i+tr%C6%B0%E1%BB%9Dng+quan+tr%E1%BA%AFc+x%E1%BB%AD+ph%E1%BA%A1t+m%C3%B4i+tr%C6%B0%E1%BB%9Dng%22+2023+filetype%3Apdf
qns,QNS,2024,annual,"""QNS"" ""báo cáo thường niên"" 2024 filetype:pdf",https://www.google.com/search?q=%22QNS%22+%22b%C3%A1o+c%C3%A1o+th%C6%B0%E1%BB%9Dng+ni%C3%AAn%22+2024+filetype%3Apdf,https://www.google.com/search?q=site%3Aqns.com.vn+%22QNS%22+%22b%C3%A1o+c%C3%A1o+th%C6%B0%E1%BB%9Dng+ni%C3%AAn%22+2024+filetype%3Apdf
qns,QNS,2024,sustainability,"""QNS"" ""báo cáo phát triển bền vững ESG"" 2024 filetype:pdf",https://www.google.com/search?q=%22QNS%22+%22b%C3%A1o+c%C3%A1o+ph%C3%A1t+tri%E1%BB%83n+b%E1%BB%81n+v%E1%BB%AFng+ESG%22+2024+filetype%3Apdf,https://www.google.com/search?q=site%3Aqns.com.vn+%22QNS%22+%22b%C3%A1o+c%C3%A1o+ph%C3%A1t+tri%E1%BB%83n+b%E1%BB%81n+v%E1%BB%AFng+ESG%22+2024+filetype%3Apdf
qns,QNS,2024,financial,"""QNS"" ""báo cáo tài chính năm kiểm toán hợp nhất"" 2024 filetype:pdf",https://www.google.com/search?q=%22QNS%22+%22b%C3%A1o+c%C3%A1o+t%C3%A0i+ch%C3%ADnh+n%C4%83m+ki%E1%BB%83m+to%C3%A1n+h%E1%BB%A3p+nh%E1%BA%A5t%22+2024+filetype%3Apdf,https://www.google.com/search?q=site%3Aqns.com.vn+%22QNS%22+%22b%C3%A1o+c%C3%A1o+t%C3%A0i+ch%C3%ADnh+n%C4%83m+ki%E1%BB%83m+to%C3%A1n+h%E1%BB%A3p+nh%E1%BA%A5t%22+2024+filetype%3Apdf
qns,QNS,2024,governance,"""QNS"" ""báo cáo tình hình quản trị công ty cả năm"" 2024 filetype:pdf",https://www.google.com/search?q=%22QNS%22+%22b%C3%A1o+c%C3%A1o+t%C3%ACnh+h%C3%ACnh+qu%E1%BA%A3n+tr%E1%BB%8B+c%C3%B4ng+ty+c%E1%BA%A3+n%C4%83m%22+2024+filetype%3Apdf,https://www.google.com/search?q=site%3Aqns.com.vn+%22QNS%22+%22b%C3%A1o+c%C3%A1o+t%C3%ACnh+h%C3%ACnh+qu%E1%BA%A3n+tr%E1%BB%8B+c%C3%B4ng+ty+c%E1%BA%A3+n%C4%83m%22+2024+filetype%3Apdf
qns,QNS,2024,environmental,"""QNS"" ""giấy phép môi trường quan trắc xử phạt môi trường"" 2024 filetype:pdf",https://www.google.com/search?q=%22QNS%22+%22gi%E1%BA%A5y+ph%C3%A9p+m%C3%B4i+tr%C6%B0%E1%BB%9Dng+quan+tr%E1%BA%AFc+x%E1%BB%AD+ph%E1%BA%A1t+m%C3%B4i+tr%C6%B0%E1%BB%9Dng%22+2024+filetype%3Apdf,https://www.google.com/search?q=site%3Aqns.com.vn+%22QNS%22+%22gi%E1%BA%A5y+ph%C3%A9p+m%C3%B4i+tr%C6%B0%E1%BB%9Dng+quan+tr%E1%BA%AFc+x%E1%BB%AD+ph%E1%BA%A1t+m%C3%B4i+tr%C6%B0%E1%BB%9Dng%22+2024+filetype%3Apdf
qns,QNS,2025,annual,"""QNS"" ""báo cáo thường niên"" 2025 filetype:pdf",https://www.google.com/search?q=%22QNS%22+%22b%C3%A1o+c%C3%A1o+th%C6%B0%E1%BB%9Dng+ni%C3%AAn%22+2025+filetype%3Apdf,https://www.google.com/search?q=site%3Aqns.com.vn+%22QNS%22+%22b%C3%A1o+c%C3%A1o+th%C6%B0%E1%BB%9Dng+ni%C3%AAn%22+2025+filetype%3Apdf
qns,QNS,2025,sustainability,"""QNS"" ""báo cáo phát triển bền vững ESG"" 2025 filetype:pdf",https://www.google.com/search?q=%22QNS%22+%22b%C3%A1o+c%C3%A1o+ph%C3%A1t+tri%E1%BB%83n+b%E1%BB%81n+v%E1%BB%AFng+ESG%22+2025+filetype%3Apdf,https://www.google.com/search?q=site%3Aqns.com.vn+%22QNS%22+%22b%C3%A1o+c%C3%A1o+ph%C3%A1t+tri%E1%BB%83n+b%E1%BB%81n+v%E1%BB%AFng+ESG%22+2025+filetype%3Apdf
qns,QNS,2025,financial,"""QNS"" ""báo cáo tài chính năm kiểm toán hợp nhất"" 2025 filetype:pdf",https://www.google.com/search?q=%22QNS%22+%22b%C3%A1o+c%C3%A1o+t%C3%A0i+ch%C3%ADnh+n%C4%83m+ki%E1%BB%83m+to%C3%A1n+h%E1%BB%A3p+nh%E1%BA%A5t%22+2025+filetype%3Apdf,https://www.google.com/search?q=site%3Aqns.com.vn+%22QNS%22+%22b%C3%A1o+c%C3%A1o+t%C3%A0i+ch%C3%ADnh+n%C4%83m+ki%E1%BB%83m+to%C3%A1n+h%E1%BB%A3p+nh%E1%BA%A5t%22+2025+filetype%3Apdf
qns,QNS,2025,governance,"""QNS"" ""báo cáo tình hình quản trị công ty cả năm"" 2025 filetype:pdf",https://www.google.com/search?q=%22QNS%22+%22b%C3%A1o+c%C3%A1o+t%C3%ACnh+h%C3%ACnh+qu%E1%BA%A3n+tr%E1%BB%8B+c%C3%B4ng+ty+c%E1%BA%A3+n%C4%83m%22+2025+filetype%3Apdf,https://www.google.com/search?q=site%3Aqns.com.vn+%22QNS%22+%22b%C3%A1o+c%C3%A1o+t%C3%ACnh+h%C3%ACnh+qu%E1%BA%A3n+tr%E1%BB%8B+c%C3%B4ng+ty+c%E1%BA%A3+n%C4%83m%22+2025+filetype%3Apdf
qns,QNS,2025,environmental,"""QNS"" ""giấy phép môi trường quan trắc xử phạt môi trường"" 2025 filetype:pdf",https://www.google.com/search?q=%22QNS%22+%22gi%E1%BA%A5y+ph%C3%A9p+m%C3%B4i+tr%C6%B0%E1%BB%9Dng+quan+tr%E1%BA%AFc+x%E1%BB%AD+ph%E1%BA%A1t+m%C3%B4i+tr%C6%B0%E1%BB%9Dng%22+2025+filetype%3Apdf,https://www.google.com/search?q=site%3Aqns.com.vn+%22QNS%22+%22gi%E1%BA%A5y+ph%C3%A9p+m%C3%B4i+tr%C6%B0%E1%BB%9Dng+quan+tr%E1%BA%AFc+x%E1%BB%AD+ph%E1%BA%A1t+m%C3%B4i+tr%C6%B0%E1%BB%9Dng%22+2025+filetype%3Apdf
hdb,HDB,2021,annual,"""HDB"" ""báo cáo thường niên"" 2021 filetype:pdf",https://www.google.com/search?q=%22HDB%22+%22b%C3%A1o+c%C3%A1o+th%C6%B0%E1%BB%9Dng+ni%C3%AAn%22+2021+filetype%3Apdf,https://www.google.com/search?q=site%3Ahdbank.com.vn+%22HDB%22+%22b%C3%A1o+c%C3%A1o+th%C6%B0%E1%BB%9Dng+ni%C3%AAn%22+2021+filetype%3Apdf
hdb,HDB,2021,sustainability,"""HDB"" ""báo cáo phát triển bền vững ESG"" 2021 filetype:pdf",https://www.google.com/search?q=%22HDB%22+%22b%C3%A1o+c%C3%A1o+ph%C3%A1t+tri%E1%BB%83n+b%E1%BB%81n+v%E1%BB%AFng+ESG%22+2021+filetype%3Apdf,https://www.google.com/search?q=site%3Ahdbank.com.vn+%22HDB%22+%22b%C3%A1o+c%C3%A1o+ph%C3%A1t+tri%E1%BB%83n+b%E1%BB%81n+v%E1%BB%AFng+ESG%22+2021+filetype%3Apdf
hdb,HDB,2021,financial,"""HDB"" ""báo cáo tài chính năm kiểm toán hợp nhất"" 2021 filetype:pdf",https://www.google.com/search?q=%22HDB%22+%22b%C3%A1o+c%C3%A1o+t%C3%A0i+ch%C3%ADnh+n%C4%83m+ki%E1%BB%83m+to%C3%A1n+h%E1%BB%A3p+nh%E1%BA%A5t%22+2021+filetype%3Apdf,https://www.google.com/search?q=site%3Ahdbank.com.vn+%22HDB%22+%22b%C3%A1o+c%C3%A1o+t%C3%A0i+ch%C3%ADnh+n%C4%83m+ki%E1%BB%83m+to%C3%A1n+h%E1%BB%A3p+nh%E1%BA%A5t%22+2021+filetype%3Apdf
hdb,HDB,2021,governance,"""HDB"" ""báo cáo tình hình quản trị công ty cả năm"" 2021 filetype:pdf",https://www.google.com/search?q=%22HDB%22+%22b%C3%A1o+c%C3%A1o+t%C3%ACnh+h%C3%ACnh+qu%E1%BA%A3n+tr%E1%BB%8B+c%C3%B4ng+ty+c%E1%BA%A3+n%C4%83m%22+2021+filetype%3Apdf,https://www.google.com/search?q=site%3Ahdbank.com.vn+%22HDB%22+%22b%C3%A1o+c%C3%A1o+t%C3%ACnh+h%C3%ACnh+qu%E1%BA%A3n+tr%E1%BB%8B+c%C3%B4ng+ty+c%E1%BA%A3+n%C4%83m%22+2021+filetype%3Apdf
hdb,HDB,2021,environmental,"""HDB"" ""giấy phép môi trường quan trắc xử phạt môi trường"" 2021 filetype:pdf",https://www.google.com/search?q=%22HDB%22+%22gi%E1%BA%A5y+ph%C3%A9p+m%C3%B4i+tr%C6%B0%E1%BB%9Dng+quan+tr%E1%BA%AFc+x%E1%BB%AD+ph%E1%BA%A1t+m%C3%B4i+tr%C6%B0%E1%BB%9Dng%22+2021+filetype%3Apdf,https://www.google.com/search?q=site%3Ahdbank.com.vn+%22HDB%22+%22gi%E1%BA%A5y+ph%C3%A9p+m%C3%B4i+tr%C6%B0%E1%BB%9Dng+quan+tr%E1%BA%AFc+x%E1%BB%AD+ph%E1%BA%A1t+m%C3%B4i+tr%C6%B0%E1%BB%9Dng%22+2021+filetype%3Apdf
hdb,HDB,2022,annual,"""HDB"" ""báo cáo thường niên"" 2022 filetype:pdf",https://www.google.com/search?q=%22HDB%22+%22b%C3%A1o+c%C3%A1o+th%C6%B0%E1%BB%9Dng+ni%C3%AAn%22+2022+filetype%3Apdf,https://www.google.com/search?q=site%3Ahdbank.com.vn+%22HDB%22+%22b%C3%A1o+c%C3%A1o+th%C6%B0%E1%BB%9Dng+ni%C3%AAn%22+2022+filetype%3Apdf
hdb,HDB,2022,sustainability,"""HDB"" ""báo cáo phát triển bền vững ESG"" 2022 filetype:pdf",https://www.google.com/search?q=%22HDB%22+%22b%C3%A1o+c%C3%A1o+ph%C3%A1t+tri%E1%BB%83n+b%E1%BB%81n+v%E1%BB%AFng+ESG%22+2022+filetype%3Apdf,https://www.google.com/search?q=site%3Ahdbank.com.vn+%22HDB%22+%22b%C3%A1o+c%C3%A1o+ph%C3%A1t+tri%E1%BB%83n+b%E1%BB%81n+v%E1%BB%AFng+ESG%22+2022+filetype%3Apdf
hdb,HDB,2022,financial,"""HDB"" ""báo cáo tài chính năm kiểm toán hợp nhất"" 2022 filetype:pdf",https://www.google.com/search?q=%22HDB%22+%22b%C3%A1o+c%C3%A1o+t%C3%A0i+ch%C3%ADnh+n%C4%83m+ki%E1%BB%83m+to%C3%A1n+h%E1%BB%A3p+nh%E1%BA%A5t%22+2022+filetype%3Apdf,https://www.google.com/search?q=site%3Ahdbank.com.vn+%22HDB%22+%22b%C3%A1o+c%C3%A1o+t%C3%A0i+ch%C3%ADnh+n%C4%83m+ki%E1%BB%83m+to%C3%A1n+h%E1%BB%A3p+nh%E1%BA%A5t%22+2022+filetype%3Apdf
hdb,HDB,2022,governance,"""HDB"" ""báo cáo tình hình quản trị công ty cả năm"" 2022 filetype:pdf",https://www.google.com/search?q=%22HDB%22+%22b%C3%A1o+c%C3%A1o+t%C3%ACnh+h%C3%ACnh+qu%E1%BA%A3n+tr%E1%BB%8B+c%C3%B4ng+ty+c%E1%BA%A3+n%C4%83m%22+2022+filetype%3Apdf,https://www.google.com/search?q=site%3Ahdbank.com.vn+%22HDB%22+%22b%C3%A1o+c%C3%A1o+t%C3%ACnh+h%C3%ACnh+qu%E1%BA%A3n+tr%E1%BB%8B+c%C3%B4ng+ty+c%E1%BA%A3+n%C4%83m%22+2022+filetype%3Apdf
hdb,HDB,2022,environmental,"""HDB"" ""giấy phép môi trường quan trắc xử phạt môi trường"" 2022 filetype:pdf",https://www.google.com/search?q=%22HDB%22+%22gi%E1%BA%A5y+ph%C3%A9p+m%C3%B4i+tr%C6%B0%E1%BB%9Dng+quan+tr%E1%BA%AFc+x%E1%BB%AD+ph%E1%BA%A1t+m%C3%B4i+tr%C6%B0%E1%BB%9Dng%22+2022+filetype%3Apdf,https://www.google.com/search?q=site%3Ahdbank.com.vn+%22HDB%22+%22gi%E1%BA%A5y+ph%C3%A9p+m%C3%B4i+tr%C6%B0%E1%BB%9Dng+quan+tr%E1%BA%AFc+x%E1%BB%AD+ph%E1%BA%A1t+m%C3%B4i+tr%C6%B0%E1%BB%9Dng%22+2022+filetype%3Apdf
hdb,HDB,2023,annual,"""HDB"" ""báo cáo thường niên"" 2023 filetype:pdf",https://www.google.com/search?q=%22HDB%22+%22b%C3%A1o+c%C3%A1o+th%C6%B0%E1%BB%9Dng+ni%C3%AAn%22+2023+filetype%3Apdf,https://www.google.com/search?q=site%3Ahdbank.com.vn+%22HDB%22+%22b%C3%A1o+c%C3%A1o+th%C6%B0%E1%BB%9Dng+ni%C3%AAn%22+2023+filetype%3Apdf
hdb,HDB,2023,sustainability,"""HDB"" ""báo cáo phát triển bền vững ESG"" 2023 filetype:pdf",https://www.google.com/search?q=%22HDB%22+%22b%C3%A1o+c%C3%A1o+ph%C3%A1t+tri%E1%BB%83n+b%E1%BB%81n+v%E1%BB%AFng+ESG%22+2023+filetype%3Apdf,https://www.google.com/search?q=site%3Ahdbank.com.vn+%22HDB%22+%22b%C3%A1o+c%C3%A1o+ph%C3%A1t+tri%E1%BB%83n+b%E1%BB%81n+v%E1%BB%AFng+ESG%22+2023+filetype%3Apdf
hdb,HDB,2023,financial,"""HDB"" ""báo cáo tài chính năm kiểm toán hợp nhất"" 2023 filetype:pdf",https://www.google.com/search?q=%22HDB%22+%22b%C3%A1o+c%C3%A1o+t%C3%A0i+ch%C3%ADnh+n%C4%83m+ki%E1%BB%83m+to%C3%A1n+h%E1%BB%A3p+nh%E1%BA%A5t%22+2023+filetype%3Apdf,https://www.google.com/search?q=site%3Ahdbank.com.vn+%22HDB%22+%22b%C3%A1o+c%C3%A1o+t%C3%A0i+ch%C3%ADnh+n%C4%83m+ki%E1%BB%83m+to%C3%A1n+h%E1%BB%A3p+nh%E1%BA%A5t%22+2023+filetype%3Apdf
hdb,HDB,2023,governance,"""HDB"" ""báo cáo tình hình quản trị công ty cả năm"" 2023 filetype:pdf",https://www.google.com/search?q=%22HDB%22+%22b%C3%A1o+c%C3%A1o+t%C3%ACnh+h%C3%ACnh+qu%E1%BA%A3n+tr%E1%BB%8B+c%C3%B4ng+ty+c%E1%BA%A3+n%C4%83m%22+2023+filetype%3Apdf,https://www.google.com/search?q=site%3Ahdbank.com.vn+%22HDB%22+%22b%C3%A1o+c%C3%A1o+t%C3%ACnh+h%C3%ACnh+qu%E1%BA%A3n+tr%E1%BB%8B+c%C3%B4ng+ty+c%E1%BA%A3+n%C4%83m%22+2023+filetype%3Apdf
hdb,HDB,2023,environmental,"""HDB"" ""giấy phép môi trường quan trắc xử phạt môi trường"" 2023 filetype:pdf",https://www.google.com/search?q=%22HDB%22+%22gi%E1%BA%A5y+ph%C3%A9p+m%C3%B4i+tr%C6%B0%E1%BB%9Dng+quan+tr%E1%BA%AFc+x%E1%BB%AD+ph%E1%BA%A1t+m%C3%B4i+tr%C6%B0%E1%BB%9Dng%22+2023+filetype%3Apdf,https://www.google.com/search?q=site%3Ahdbank.com.vn+%22HDB%22+%22gi%E1%BA%A5y+ph%C3%A9p+m%C3%B4i+tr%C6%B0%E1%BB%9Dng+quan+tr%E1%BA%AFc+x%E1%BB%AD+ph%E1%BA%A1t+m%C3%B4i+tr%C6%B0%E1%BB%9Dng%22+2023+filetype%3Apdf
hdb,HDB,2024,annual,"""HDB"" ""báo cáo thường niên"" 2024 filetype:pdf",https://www.google.com/search?q=%22HDB%22+%22b%C3%A1o+c%C3%A1o+th%C6%B0%E1%BB%9Dng+ni%C3%AAn%22+2024+filetype%3Apdf,https://www.google.com/search?q=site%3Ahdbank.com.vn+%22HDB%22+%22b%C3%A1o+c%C3%A1o+th%C6%B0%E1%BB%9Dng+ni%C3%AAn%22+2024+filetype%3Apdf
hdb,HDB,2024,sustainability,"""HDB"" ""báo cáo phát triển bền vững ESG"" 2024 filetype:pdf",https://www.google.com/search?q=%22HDB%22+%22b%C3%A1o+c%C3%A1o+ph%C3%A1t+tri%E1%BB%83n+b%E1%BB%81n+v%E1%BB%AFng+ESG%22+2024+filetype%3Apdf,https://www.google.com/search?q=site%3Ahdbank.com.vn+%22HDB%22+%22b%C3%A1o+c%C3%A1o+ph%C3%A1t+tri%E1%BB%83n+b%E1%BB%81n+v%E1%BB%AFng+ESG%22+2024+filetype%3Apdf
hdb,HDB,2024,financial,"""HDB"" ""báo cáo tài chính năm kiểm toán hợp nhất"" 2024 filetype:pdf",https://www.google.com/search?q=%22HDB%22+%22b%C3%A1o+c%C3%A1o+t%C3%A0i+ch%C3%ADnh+n%C4%83m+ki%E1%BB%83m+to%C3%A1n+h%E1%BB%A3p+nh%E1%BA%A5t%22+2024+filetype%3Apdf,https://www.google.com/search?q=site%3Ahdbank.com.vn+%22HDB%22+%22b%C3%A1o+c%C3%A1o+t%C3%A0i+ch%C3%ADnh+n%C4%83m+ki%E1%BB%83m+to%C3%A1n+h%E1%BB%A3p+nh%E1%BA%A5t%22+2024+filetype%3Apdf
hdb,HDB,2024,governance,"""HDB"" ""báo cáo tình hình quản trị công ty cả năm"" 2024 filetype:pdf",https://www.google.com/search?q=%22HDB%22+%22b%C3%A1o+c%C3%A1o+t%C3%ACnh+h%C3%ACnh+qu%E1%BA%A3n+tr%E1%BB%8B+c%C3%B4ng+ty+c%E1%BA%A3+n%C4%83m%22+2024+filetype%3Apdf,https://www.google.com/search?q=site%3Ahdbank.com.vn+%22HDB%22+%22b%C3%A1o+c%C3%A1o+t%C3%ACnh+h%C3%ACnh+qu%E1%BA%A3n+tr%E1%BB%8B+c%C3%B4ng+ty+c%E1%BA%A3+n%C4%83m%22+2024+filetype%3Apdf
hdb,HDB,2024,environmental,"""HDB"" ""giấy phép môi trường quan trắc xử phạt môi trường"" 2024 filetype:pdf",https://www.google.com/search?q=%22HDB%22+%22gi%E1%BA%A5y+ph%C3%A9p+m%C3%B4i+tr%C6%B0%E1%BB%9Dng+quan+tr%E1%BA%AFc+x%E1%BB%AD+ph%E1%BA%A1t+m%C3%B4i+tr%C6%B0%E1%BB%9Dng%22+2024+filetype%3Apdf,https://www.google.com/search?q=site%3Ahdbank.com.vn+%22HDB%22+%22gi%E1%BA%A5y+ph%C3%A9p+m%C3%B4i+tr%C6%B0%E1%BB%9Dng+quan+tr%E1%BA%AFc+x%E1%BB%AD+ph%E1%BA%A1t+m%C3%B4i+tr%C6%B0%E1%BB%9Dng%22+2024+filetype%3Apdf
hdb,HDB,2025,annual,"""HDB"" ""báo cáo thường niên"" 2025 filetype:pdf",https://www.google.com/search?q=%22HDB%22+%22b%C3%A1o+c%C3%A1o+th%C6%B0%E1%BB%9Dng+ni%C3%AAn%22+2025+filetype%3Apdf,https://www.google.com/search?q=site%3Ahdbank.com.vn+%22HDB%22+%22b%C3%A1o+c%C3%A1o+th%C6%B0%E1%BB%9Dng+ni%C3%AAn%22+2025+filetype%3Apdf
hdb,HDB,2025,sustainability,"""HDB"" ""báo cáo phát triển bền vững ESG"" 2025 filetype:pdf",https://www.google.com/search?q=%22HDB%22+%22b%C3%A1o+c%C3%A1o+ph%C3%A1t+tri%E1%BB%83n+b%E1%BB%81n+v%E1%BB%AFng+ESG%22+2025+filetype%3Apdf,https://www.google.com/search?q=site%3Ahdbank.com.vn+%22HDB%22+%22b%C3%A1o+c%C3%A1o+ph%C3%A1t+tri%E1%BB%83n+b%E1%BB%81n+v%E1%BB%AFng+ESG%22+2025+filetype%3Apdf
hdb,HDB,2025,financial,"""HDB"" ""báo cáo tài chính năm kiểm toán hợp nhất"" 2025 filetype:pdf",https://www.google.com/search?q=%22HDB%22+%22b%C3%A1o+c%C3%A1o+t%C3%A0i+ch%C3%ADnh+n%C4%83m+ki%E1%BB%83m+to%C3%A1n+h%E1%BB%A3p+nh%E1%BA%A5t%22+2025+filetype%3Apdf,https://www.google.com/search?q=site%3Ahdbank.com.vn+%22HDB%22+%22b%C3%A1o+c%C3%A1o+t%C3%A0i+ch%C3%ADnh+n%C4%83m+ki%E1%BB%83m+to%C3%A1n+h%E1%BB%A3p+nh%E1%BA%A5t%22+2025+filetype%3Apdf
hdb,HDB,2025,governance,"""HDB"" ""báo cáo tình hình quản trị công ty cả năm"" 2025 filetype:pdf",https://www.google.com/search?q=%22HDB%22+%22b%C3%A1o+c%C3%A1o+t%C3%ACnh+h%C3%ACnh+qu%E1%BA%A3n+tr%E1%BB%8B+c%C3%B4ng+ty+c%E1%BA%A3+n%C4%83m%22+2025+filetype%3Apdf,https://www.google.com/search?q=site%3Ahdbank.com.vn+%22HDB%22+%22b%C3%A1o+c%C3%A1o+t%C3%ACnh+h%C3%ACnh+qu%E1%BA%A3n+tr%E1%BB%8B+c%C3%B4ng+ty+c%E1%BA%A3+n%C4%83m%22+2025+filetype%3Apdf
hdb,HDB,2025,environmental,"""HDB"" ""giấy phép môi trường quan trắc xử phạt môi trường"" 2025 filetype:pdf",https://www.google.com/search?q=%22HDB%22+%22gi%E1%BA%A5y+ph%C3%A9p+m%C3%B4i+tr%C6%B0%E1%BB%9Dng+quan+tr%E1%BA%AFc+x%E1%BB%AD+ph%E1%BA%A1t+m%C3%B4i+tr%C6%B0%E1%BB%9Dng%22+2025+filetype%3Apdf,https://www.google.com/search?q=site%3Ahdbank.com.vn+%22HDB%22+%22gi%E1%BA%A5y+ph%C3%A9p+m%C3%B4i+tr%C6%B0%E1%BB%9Dng+quan+tr%E1%BA%AFc+x%E1%BB%AD+ph%E1%BA%A1t+m%C3%B4i+tr%C6%B0%E1%BB%9Dng%22+2025+filetype%3Apdf
mwg,MWG,2021,annual,"""MWG"" ""báo cáo thường niên"" 2021 filetype:pdf",https://www.google.com/search?q=%22MWG%22+%22b%C3%A1o+c%C3%A1o+th%C6%B0%E1%BB%9Dng+ni%C3%AAn%22+2021+filetype%3Apdf,https://www.google.com/search?q=site%3Amwg.vn+%22MWG%22+%22b%C3%A1o+c%C3%A1o+th%C6%B0%E1%BB%9Dng+ni%C3%AAn%22+2021+filetype%3Apdf
mwg,MWG,2021,sustainability,"""MWG"" ""báo cáo phát triển bền vững ESG"" 2021 filetype:pdf",https://www.google.com/search?q=%22MWG%22+%22b%C3%A1o+c%C3%A1o+ph%C3%A1t+tri%E1%BB%83n+b%E1%BB%81n+v%E1%BB%AFng+ESG%22+2021+filetype%3Apdf,https://www.google.com/search?q=site%3Amwg.vn+%22MWG%22+%22b%C3%A1o+c%C3%A1o+ph%C3%A1t+tri%E1%BB%83n+b%E1%BB%81n+v%E1%BB%AFng+ESG%22+2021+filetype%3Apdf
mwg,MWG,2021,financial,"""MWG"" ""báo cáo tài chính năm kiểm toán hợp nhất"" 2021 filetype:pdf",https://www.google.com/search?q=%22MWG%22+%22b%C3%A1o+c%C3%A1o+t%C3%A0i+ch%C3%ADnh+n%C4%83m+ki%E1%BB%83m+to%C3%A1n+h%E1%BB%A3p+nh%E1%BA%A5t%22+2021+filetype%3Apdf,https://www.google.com/search?q=site%3Amwg.vn+%22MWG%22+%22b%C3%A1o+c%C3%A1o+t%C3%A0i+ch%C3%ADnh+n%C4%83m+ki%E1%BB%83m+to%C3%A1n+h%E1%BB%A3p+nh%E1%BA%A5t%22+2021+filetype%3Apdf
mwg,MWG,2021,governance,"""MWG"" ""báo cáo tình hình quản trị công ty cả năm"" 2021 filetype:pdf",https://www.google.com/search?q=%22MWG%22+%22b%C3%A1o+c%C3%A1o+t%C3%ACnh+h%C3%ACnh+qu%E1%BA%A3n+tr%E1%BB%8B+c%C3%B4ng+ty+c%E1%BA%A3+n%C4%83m%22+2021+filetype%3Apdf,https://www.google.com/search?q=site%3Amwg.vn+%22MWG%22+%22b%C3%A1o+c%C3%A1o+t%C3%ACnh+h%C3%ACnh+qu%E1%BA%A3n+tr%E1%BB%8B+c%C3%B4ng+ty+c%E1%BA%A3+n%C4%83m%22+2021+filetype%3Apdf
mwg,MWG,2021,environmental,"""MWG"" ""giấy phép môi trường quan trắc xử phạt môi trường"" 2021 filetype:pdf",https://www.google.com/search?q=%22MWG%22+%22gi%E1%BA%A5y+ph%C3%A9p+m%C3%B4i+tr%C6%B0%E1%BB%9Dng+quan+tr%E1%BA%AFc+x%E1%BB%AD+ph%E1%BA%A1t+m%C3%B4i+tr%C6%B0%E1%BB%9Dng%22+2021+filetype%3Apdf,https://www.google.com/search?q=site%3Amwg.vn+%22MWG%22+%22gi%E1%BA%A5y+ph%C3%A9p+m%C3%B4i+tr%C6%B0%E1%BB%9Dng+quan+tr%E1%BA%AFc+x%E1%BB%AD+ph%E1%BA%A1t+m%C3%B4i+tr%C6%B0%E1%BB%9Dng%22+2021+filetype%3Apdf
mwg,MWG,2022,annual,"""MWG"" ""báo cáo thường niên"" 2022 filetype:pdf",https://www.google.com/search?q=%22MWG%22+%22b%C3%A1o+c%C3%A1o+th%C6%B0%E1%BB%9Dng+ni%C3%AAn%22+2022+filetype%3Apdf,https://www.google.com/search?q=site%3Amwg.vn+%22MWG%22+%22b%C3%A1o+c%C3%A1o+th%C6%B0%E1%BB%9Dng+ni%C3%AAn%22+2022+filetype%3Apdf
mwg,MWG,2022,sustainability,"""MWG"" ""báo cáo phát triển bền vững ESG"" 2022 filetype:pdf",https://www.google.com/search?q=%22MWG%22+%22b%C3%A1o+c%C3%A1o+ph%C3%A1t+tri%E1%BB%83n+b%E1%BB%81n+v%E1%BB%AFng+ESG%22+2022+filetype%3Apdf,https://www.google.com/search?q=site%3Amwg.vn+%22MWG%22+%22b%C3%A1o+c%C3%A1o+ph%C3%A1t+tri%E1%BB%83n+b%E1%BB%81n+v%E1%BB%AFng+ESG%22+2022+filetype%3Apdf
mwg,MWG,2022,financial,"""MWG"" ""báo cáo tài chính năm kiểm toán hợp nhất"" 2022 filetype:pdf",https://www.google.com/search?q=%22MWG%22+%22b%C3%A1o+c%C3%A1o+t%C3%A0i+ch%C3%ADnh+n%C4%83m+ki%E1%BB%83m+to%C3%A1n+h%E1%BB%A3p+nh%E1%BA%A5t%22+2022+filetype%3Apdf,https://www.google.com/search?q=site%3Amwg.vn+%22MWG%22+%22b%C3%A1o+c%C3%A1o+t%C3%A0i+ch%C3%ADnh+n%C4%83m+ki%E1%BB%83m+to%C3%A1n+h%E1%BB%A3p+nh%E1%BA%A5t%22+2022+filetype%3Apdf
mwg,MWG,2022,governance,"""MWG"" ""báo cáo tình hình quản trị công ty cả năm"" 2022 filetype:pdf",https://www.google.com/search?q=%22MWG%22+%22b%C3%A1o+c%C3%A1o+t%C3%ACnh+h%C3%ACnh+qu%E1%BA%A3n+tr%E1%BB%8B+c%C3%B4ng+ty+c%E1%BA%A3+n%C4%83m%22+2022+filetype%3Apdf,https://www.google.com/search?q=site%3Amwg.vn+%22MWG%22+%22b%C3%A1o+c%C3%A1o+t%C3%ACnh+h%C3%ACnh+qu%E1%BA%A3n+tr%E1%BB%8B+c%C3%B4ng+ty+c%E1%BA%A3+n%C4%83m%22+2022+filetype%3Apdf
mwg,MWG,2022,environmental,"""MWG"" ""giấy phép môi trường quan trắc xử phạt môi trường"" 2022 filetype:pdf",https://www.google.com/search?q=%22MWG%22+%22gi%E1%BA%A5y+ph%C3%A9p+m%C3%B4i+tr%C6%B0%E1%BB%9Dng+quan+tr%E1%BA%AFc+x%E1%BB%AD+ph%E1%BA%A1t+m%C3%B4i+tr%C6%B0%E1%BB%9Dng%22+2022+filetype%3Apdf,https://www.google.com/search?q=site%3Amwg.vn+%22MWG%22+%22gi%E1%BA%A5y+ph%C3%A9p+m%C3%B4i+tr%C6%B0%E1%BB%9Dng+quan+tr%E1%BA%AFc+x%E1%BB%AD+ph%E1%BA%A1t+m%C3%B4i+tr%C6%B0%E1%BB%9Dng%22+2022+filetype%3Apdf
mwg,MWG,2023,annual,"""MWG"" ""báo cáo thường niên"" 2023 filetype:pdf",https://www.google.com/search?q=%22MWG%22+%22b%C3%A1o+c%C3%A1o+th%C6%B0%E1%BB%9Dng+ni%C3%AAn%22+2023+filetype%3Apdf,https://www.google.com/search?q=site%3Amwg.vn+%22MWG%22+%22b%C3%A1o+c%C3%A1o+th%C6%B0%E1%BB%9Dng+ni%C3%AAn%22+2023+filetype%3Apdf
mwg,MWG,2023,sustainability,"""MWG"" ""báo cáo phát triển bền vững ESG"" 2023 filetype:pdf",https://www.google.com/search?q=%22MWG%22+%22b%C3%A1o+c%C3%A1o+ph%C3%A1t+tri%E1%BB%83n+b%E1%BB%81n+v%E1%BB%AFng+ESG%22+2023+filetype%3Apdf,https://www.google.com/search?q=site%3Amwg.vn+%22MWG%22+%22b%C3%A1o+c%C3%A1o+ph%C3%A1t+tri%E1%BB%83n+b%E1%BB%81n+v%E1%BB%AFng+ESG%22+2023+filetype%3Apdf
mwg,MWG,2023,financial,"""MWG"" ""báo cáo tài chính năm kiểm toán hợp nhất"" 2023 filetype:pdf",https://www.google.com/search?q=%22MWG%22+%22b%C3%A1o+c%C3%A1o+t%C3%A0i+ch%C3%ADnh+n%C4%83m+ki%E1%BB%83m+to%C3%A1n+h%E1%BB%A3p+nh%E1%BA%A5t%22+2023+filetype%3Apdf,https://www.google.com/search?q=site%3Amwg.vn+%22MWG%22+%22b%C3%A1o+c%C3%A1o+t%C3%A0i+ch%C3%ADnh+n%C4%83m+ki%E1%BB%83m+to%C3%A1n+h%E1%BB%A3p+nh%E1%BA%A5t%22+2023+filetype%3Apdf
mwg,MWG,2023,governance,"""MWG"" ""báo cáo tình hình quản trị công ty cả năm"" 2023 filetype:pdf",https://www.google.com/search?q=%22MWG%22+%22b%C3%A1o+c%C3%A1o+t%C3%ACnh+h%C3%ACnh+qu%E1%BA%A3n+tr%E1%BB%8B+c%C3%B4ng+ty+c%E1%BA%A3+n%C4%83m%22+2023+filetype%3Apdf,https://www.google.com/search?q=site%3Amwg.vn+%22MWG%22+%22b%C3%A1o+c%C3%A1o+t%C3%ACnh+h%C3%ACnh+qu%E1%BA%A3n+tr%E1%BB%8B+c%C3%B4ng+ty+c%E1%BA%A3+n%C4%83m%22+2023+filetype%3Apdf
mwg,MWG,2023,environmental,"""MWG"" ""giấy phép môi trường quan trắc xử phạt môi trường"" 2023 filetype:pdf",https://www.google.com/search?q=%22MWG%22+%22gi%E1%BA%A5y+ph%C3%A9p+m%C3%B4i+tr%C6%B0%E1%BB%9Dng+quan+tr%E1%BA%AFc+x%E1%BB%AD+ph%E1%BA%A1t+m%C3%B4i+tr%C6%B0%E1%BB%9Dng%22+2023+filetype%3Apdf,https://www.google.com/search?q=site%3Amwg.vn+%22MWG%22+%22gi%E1%BA%A5y+ph%C3%A9p+m%C3%B4i+tr%C6%B0%E1%BB%9Dng+quan+tr%E1%BA%AFc+x%E1%BB%AD+ph%E1%BA%A1t+m%C3%B4i+tr%C6%B0%E1%BB%9Dng%22+2023+filetype%3Apdf
mwg,MWG,2024,annual,"""MWG"" ""báo cáo thường niên"" 2024 filetype:pdf",https://www.google.com/search?q=%22MWG%22+%22b%C3%A1o+c%C3%A1o+th%C6%B0%E1%BB%9Dng+ni%C3%AAn%22+2024+filetype%3Apdf,https://www.google.com/search?q=site%3Amwg.vn+%22MWG%22+%22b%C3%A1o+c%C3%A1o+th%C6%B0%E1%BB%9Dng+ni%C3%AAn%22+2024+filetype%3Apdf
mwg,MWG,2024,sustainability,"""MWG"" ""báo cáo phát triển bền vững ESG"" 2024 filetype:pdf",https://www.google.com/search?q=%22MWG%22+%22b%C3%A1o+c%C3%A1o+ph%C3%A1t+tri%E1%BB%83n+b%E1%BB%81n+v%E1%BB%AFng+ESG%22+2024+filetype%3Apdf,https://www.google.com/search?q=site%3Amwg.vn+%22MWG%22+%22b%C3%A1o+c%C3%A1o+ph%C3%A1t+tri%E1%BB%83n+b%E1%BB%81n+v%E1%BB%AFng+ESG%22+2024+filetype%3Apdf
mwg,MWG,2024,financial,"""MWG"" ""báo cáo tài chính năm kiểm toán hợp nhất"" 2024 filetype:pdf",https://www.google.com/search?q=%22MWG%22+%22b%C3%A1o+c%C3%A1o+t%C3%A0i+ch%C3%ADnh+n%C4%83m+ki%E1%BB%83m+to%C3%A1n+h%E1%BB%A3p+nh%E1%BA%A5t%22+2024+filetype%3Apdf,https://www.google.com/search?q=site%3Amwg.vn+%22MWG%22+%22b%C3%A1o+c%C3%A1o+t%C3%A0i+ch%C3%ADnh+n%C4%83m+ki%E1%BB%83m+to%C3%A1n+h%E1%BB%A3p+nh%E1%BA%A5t%22+2024+filetype%3Apdf
mwg,MWG,2024,governance,"""MWG"" ""báo cáo tình hình quản trị công ty cả năm"" 2024 filetype:pdf",https://www.google.com/search?q=%22MWG%22+%22b%C3%A1o+c%C3%A1o+t%C3%ACnh+h%C3%ACnh+qu%E1%BA%A3n+tr%E1%BB%8B+c%C3%B4ng+ty+c%E1%BA%A3+n%C4%83m%22+2024+filetype%3Apdf,https://www.google.com/search?q=site%3Amwg.vn+%22MWG%22+%22b%C3%A1o+c%C3%A1o+t%C3%ACnh+h%C3%ACnh+qu%E1%BA%A3n+tr%E1%BB%8B+c%C3%B4ng+ty+c%E1%BA%A3+n%C4%83m%22+2024+filetype%3Apdf
mwg,MWG,2024,environmental,"""MWG"" ""giấy phép môi trường quan trắc xử phạt môi trường"" 2024 filetype:pdf",https://www.google.com/search?q=%22MWG%22+%22gi%E1%BA%A5y+ph%C3%A9p+m%C3%B4i+tr%C6%B0%E1%BB%9Dng+quan+tr%E1%BA%AFc+x%E1%BB%AD+ph%E1%BA%A1t+m%C3%B4i+tr%C6%B0%E1%BB%9Dng%22+2024+filetype%3Apdf,https://www.google.com/search?q=site%3Amwg.vn+%22MWG%22+%22gi%E1%BA%A5y+ph%C3%A9p+m%C3%B4i+tr%C6%B0%E1%BB%9Dng+quan+tr%E1%BA%AFc+x%E1%BB%AD+ph%E1%BA%A1t+m%C3%B4i+tr%C6%B0%E1%BB%9Dng%22+2024+filetype%3Apdf
mwg,MWG,2025,annual,"""MWG"" ""báo cáo thường niên"" 2025 filetype:pdf",https://www.google.com/search?q=%22MWG%22+%22b%C3%A1o+c%C3%A1o+th%C6%B0%E1%BB%9Dng+ni%C3%AAn%22+2025+filetype%3Apdf,https://www.google.com/search?q=site%3Amwg.vn+%22MWG%22+%22b%C3%A1o+c%C3%A1o+th%C6%B0%E1%BB%9Dng+ni%C3%AAn%22+2025+filetype%3Apdf
mwg,MWG,2025,sustainability,"""MWG"" ""báo cáo phát triển bền vững ESG"" 2025 filetype:pdf",https://www.google.com/search?q=%22MWG%22+%22b%C3%A1o+c%C3%A1o+ph%C3%A1t+tri%E1%BB%83n+b%E1%BB%81n+v%E1%BB%AFng+ESG%22+2025+filetype%3Apdf,https://www.google.com/search?q=site%3Amwg.vn+%22MWG%22+%22b%C3%A1o+c%C3%A1o+ph%C3%A1t+tri%E1%BB%83n+b%E1%BB%81n+v%E1%BB%AFng+ESG%22+2025+filetype%3Apdf
mwg,MWG,2025,financial,"""MWG"" ""báo cáo tài chính năm kiểm toán hợp nhất"" 2025 filetype:pdf",https://www.google.com/search?q=%22MWG%22+%22b%C3%A1o+c%C3%A1o+t%C3%A0i+ch%C3%ADnh+n%C4%83m+ki%E1%BB%83m+to%C3%A1n+h%E1%BB%A3p+nh%E1%BA%A5t%22+2025+filetype%3Apdf,https://www.google.com/search?q=site%3Amwg.vn+%22MWG%22+%22b%C3%A1o+c%C3%A1o+t%C3%A0i+ch%C3%ADnh+n%C4%83m+ki%E1%BB%83m+to%C3%A1n+h%E1%BB%A3p+nh%E1%BA%A5t%22+2025+filetype%3Apdf
mwg,MWG,2025,governance,"""MWG"" ""báo cáo tình hình quản trị công ty cả năm"" 2025 filetype:pdf",https://www.google.com/search?q=%22MWG%22+%22b%C3%A1o+c%C3%A1o+t%C3%ACnh+h%C3%ACnh+qu%E1%BA%A3n+tr%E1%BB%8B+c%C3%B4ng+ty+c%E1%BA%A3+n%C4%83m%22+2025+filetype%3Apdf,https://www.google.com/search?q=site%3Amwg.vn+%22MWG%22+%22b%C3%A1o+c%C3%A1o+t%C3%ACnh+h%C3%ACnh+qu%E1%BA%A3n+tr%E1%BB%8B+c%C3%B4ng+ty+c%E1%BA%A3+n%C4%83m%22+2025+filetype%3Apdf
mwg,MWG,2025,environmental,"""MWG"" ""giấy phép môi trường quan trắc xử phạt môi trường"" 2025 filetype:pdf",https://www.google.com/search?q=%22MWG%22+%22gi%E1%BA%A5y+ph%C3%A9p+m%C3%B4i+tr%C6%B0%E1%BB%9Dng+quan+tr%E1%BA%AFc+x%E1%BB%AD+ph%E1%BA%A1t+m%C3%B4i+tr%C6%B0%E1%BB%9Dng%22+2025+filetype%3Apdf,https://www.google.com/search?q=site%3Amwg.vn+%22MWG%22+%22gi%E1%BA%A5y+ph%C3%A9p+m%C3%B4i+tr%C6%B0%E1%BB%9Dng+quan+tr%E1%BA%AFc+x%E1%BB%AD+ph%E1%BA%A1t+m%C3%B4i+tr%C6%B0%E1%BB%9Dng%22+2025+filetype%3Apdf
tlg,TLG,2021,annual,"""TLG"" ""báo cáo thường niên"" 2021 filetype:pdf",https://www.google.com/search?q=%22TLG%22+%22b%C3%A1o+c%C3%A1o+th%C6%B0%E1%BB%9Dng+ni%C3%AAn%22+2021+filetype%3Apdf,https://www.google.com/search?q=site%3Athienlonggroup.com+%22TLG%22+%22b%C3%A1o+c%C3%A1o+th%C6%B0%E1%BB%9Dng+ni%C3%AAn%22+2021+filetype%3Apdf
tlg,TLG,2021,sustainability,"""TLG"" ""báo cáo phát triển bền vững ESG"" 2021 filetype:pdf",https://www.google.com/search?q=%22TLG%22+%22b%C3%A1o+c%C3%A1o+ph%C3%A1t+tri%E1%BB%83n+b%E1%BB%81n+v%E1%BB%AFng+ESG%22+2021+filetype%3Apdf,https://www.google.com/search?q=site%3Athienlonggroup.com+%22TLG%22+%22b%C3%A1o+c%C3%A1o+ph%C3%A1t+tri%E1%BB%83n+b%E1%BB%81n+v%E1%BB%AFng+ESG%22+2021+filetype%3Apdf
tlg,TLG,2021,financial,"""TLG"" ""báo cáo tài chính năm kiểm toán hợp nhất"" 2021 filetype:pdf",https://www.google.com/search?q=%22TLG%22+%22b%C3%A1o+c%C3%A1o+t%C3%A0i+ch%C3%ADnh+n%C4%83m+ki%E1%BB%83m+to%C3%A1n+h%E1%BB%A3p+nh%E1%BA%A5t%22+2021+filetype%3Apdf,https://www.google.com/search?q=site%3Athienlonggroup.com+%22TLG%22+%22b%C3%A1o+c%C3%A1o+t%C3%A0i+ch%C3%ADnh+n%C4%83m+ki%E1%BB%83m+to%C3%A1n+h%E1%BB%A3p+nh%E1%BA%A5t%22+2021+filetype%3Apdf
tlg,TLG,2021,governance,"""TLG"" ""báo cáo tình hình quản trị công ty cả năm"" 2021 filetype:pdf",https://www.google.com/search?q=%22TLG%22+%22b%C3%A1o+c%C3%A1o+t%C3%ACnh+h%C3%ACnh+qu%E1%BA%A3n+tr%E1%BB%8B+c%C3%B4ng+ty+c%E1%BA%A3+n%C4%83m%22+2021+filetype%3Apdf,https://www.google.com/search?q=site%3Athienlonggroup.com+%22TLG%22+%22b%C3%A1o+c%C3%A1o+t%C3%ACnh+h%C3%ACnh+qu%E1%BA%A3n+tr%E1%BB%8B+c%C3%B4ng+ty+c%E1%BA%A3+n%C4%83m%22+2021+filetype%3Apdf
tlg,TLG,2021,environmental,"""TLG"" ""giấy phép môi trường quan trắc xử phạt môi trường"" 2021 filetype:pdf",https://www.google.com/search?q=%22TLG%22+%22gi%E1%BA%A5y+ph%C3%A9p+m%C3%B4i+tr%C6%B0%E1%BB%9Dng+quan+tr%E1%BA%AFc+x%E1%BB%AD+ph%E1%BA%A1t+m%C3%B4i+tr%C6%B0%E1%BB%9Dng%22+2021+filetype%3Apdf,https://www.google.com/search?q=site%3Athienlonggroup.com+%22TLG%22+%22gi%E1%BA%A5y+ph%C3%A9p+m%C3%B4i+tr%C6%B0%E1%BB%9Dng+quan+tr%E1%BA%AFc+x%E1%BB%AD+ph%E1%BA%A1t+m%C3%B4i+tr%C6%B0%E1%BB%9Dng%22+2021+filetype%3Apdf
tlg,TLG,2022,annual,"""TLG"" ""báo cáo thường niên"" 2022 filetype:pdf",https://www.google.com/search?q=%22TLG%22+%22b%C3%A1o+c%C3%A1o+th%C6%B0%E1%BB%9Dng+ni%C3%AAn%22+2022+filetype%3Apdf,https://www.google.com/search?q=site%3Athienlonggroup.com+%22TLG%22+%22b%C3%A1o+c%C3%A1o+th%C6%B0%E1%BB%9Dng+ni%C3%AAn%22+2022+filetype%3Apdf
tlg,TLG,2022,sustainability,"""TLG"" ""báo cáo phát triển bền vững ESG"" 2022 filetype:pdf",https://www.google.com/search?q=%22TLG%22+%22b%C3%A1o+c%C3%A1o+ph%C3%A1t+tri%E1%BB%83n+b%E1%BB%81n+v%E1%BB%AFng+ESG%22+2022+filetype%3Apdf,https://www.google.com/search?q=site%3Athienlonggroup.com+%22TLG%22+%22b%C3%A1o+c%C3%A1o+ph%C3%A1t+tri%E1%BB%83n+b%E1%BB%81n+v%E1%BB%AFng+ESG%22+2022+filetype%3Apdf
tlg,TLG,2022,financial,"""TLG"" ""báo cáo tài chính năm kiểm toán hợp nhất"" 2022 filetype:pdf",https://www.google.com/search?q=%22TLG%22+%22b%C3%A1o+c%C3%A1o+t%C3%A0i+ch%C3%ADnh+n%C4%83m+ki%E1%BB%83m+to%C3%A1n+h%E1%BB%A3p+nh%E1%BA%A5t%22+2022+filetype%3Apdf,https://www.google.com/search?q=site%3Athienlonggroup.com+%22TLG%22+%22b%C3%A1o+c%C3%A1o+t%C3%A0i+ch%C3%ADnh+n%C4%83m+ki%E1%BB%83m+to%C3%A1n+h%E1%BB%A3p+nh%E1%BA%A5t%22+2022+filetype%3Apdf
tlg,TLG,2022,governance,"""TLG"" ""báo cáo tình hình quản trị công ty cả năm"" 2022 filetype:pdf",https://www.google.com/search?q=%22TLG%22+%22b%C3%A1o+c%C3%A1o+t%C3%ACnh+h%C3%ACnh+qu%E1%BA%A3n+tr%E1%BB%8B+c%C3%B4ng+ty+c%E1%BA%A3+n%C4%83m%22+2022+filetype%3Apdf,https://www.google.com/search?q=site%3Athienlonggroup.com+%22TLG%22+%22b%C3%A1o+c%C3%A1o+t%C3%ACnh+h%C3%ACnh+qu%E1%BA%A3n+tr%E1%BB%8B+c%C3%B4ng+ty+c%E1%BA%A3+n%C4%83m%22+2022+filetype%3Apdf
tlg,TLG,2022,environmental,"""TLG"" ""giấy phép môi trường quan trắc xử phạt môi trường"" 2022 filetype:pdf",https://www.google.com/search?q=%22TLG%22+%22gi%E1%BA%A5y+ph%C3%A9p+m%C3%B4i+tr%C6%B0%E1%BB%9Dng+quan+tr%E1%BA%AFc+x%E1%BB%AD+ph%E1%BA%A1t+m%C3%B4i+tr%C6%B0%E1%BB%9Dng%22+2022+filetype%3Apdf,https://www.google.com/search?q=site%3Athienlonggroup.com+%22TLG%22+%22gi%E1%BA%A5y+ph%C3%A9p+m%C3%B4i+tr%C6%B0%E1%BB%9Dng+quan+tr%E1%BA%AFc+x%E1%BB%AD+ph%E1%BA%A1t+m%C3%B4i+tr%C6%B0%E1%BB%9Dng%22+2022+filetype%3Apdf
tlg,TLG,2023,annual,"""TLG"" ""báo cáo thường niên"" 2023 filetype:pdf",https://www.google.com/search?q=%22TLG%22+%22b%C3%A1o+c%C3%A1o+th%C6%B0%E1%BB%9Dng+ni%C3%AAn%22+2023+filetype%3Apdf,https://www.google.com/search?q=site%3Athienlonggroup.com+%22TLG%22+%22b%C3%A1o+c%C3%A1o+th%C6%B0%E1%BB%9Dng+ni%C3%AAn%22+2023+filetype%3Apdf
tlg,TLG,2023,sustainability,"""TLG"" ""báo cáo phát triển bền vững ESG"" 2023 filetype:pdf",https://www.google.com/search?q=%22TLG%22+%22b%C3%A1o+c%C3%A1o+ph%C3%A1t+tri%E1%BB%83n+b%E1%BB%81n+v%E1%BB%AFng+ESG%22+2023+filetype%3Apdf,https://www.google.com/search?q=site%3Athienlonggroup.com+%22TLG%22+%22b%C3%A1o+c%C3%A1o+ph%C3%A1t+tri%E1%BB%83n+b%E1%BB%81n+v%E1%BB%AFng+ESG%22+2023+filetype%3Apdf
tlg,TLG,2023,financial,"""TLG"" ""báo cáo tài chính năm kiểm toán hợp nhất"" 2023 filetype:pdf",https://www.google.com/search?q=%22TLG%22+%22b%C3%A1o+c%C3%A1o+t%C3%A0i+ch%C3%ADnh+n%C4%83m+ki%E1%BB%83m+to%C3%A1n+h%E1%BB%A3p+nh%E1%BA%A5t%22+2023+filetype%3Apdf,https://www.google.com/search?q=site%3Athienlonggroup.com+%22TLG%22+%22b%C3%A1o+c%C3%A1o+t%C3%A0i+ch%C3%ADnh+n%C4%83m+ki%E1%BB%83m+to%C3%A1n+h%E1%BB%A3p+nh%E1%BA%A5t%22+2023+filetype%3Apdf
tlg,TLG,2023,governance,"""TLG"" ""báo cáo tình hình quản trị công ty cả năm"" 2023 filetype:pdf",https://www.google.com/search?q=%22TLG%22+%22b%C3%A1o+c%C3%A1o+t%C3%ACnh+h%C3%ACnh+qu%E1%BA%A3n+tr%E1%BB%8B+c%C3%B4ng+ty+c%E1%BA%A3+n%C4%83m%22+2023+filetype%3Apdf,https://www.google.com/search?q=site%3Athienlonggroup.com+%22TLG%22+%22b%C3%A1o+c%C3%A1o+t%C3%ACnh+h%C3%ACnh+qu%E1%BA%A3n+tr%E1%BB%8B+c%C3%B4ng+ty+c%E1%BA%A3+n%C4%83m%22+2023+filetype%3Apdf
tlg,TLG,2023,environmental,"""TLG"" ""giấy phép môi trường quan trắc xử phạt môi trường"" 2023 filetype:pdf",https://www.google.com/search?q=%22TLG%22+%22gi%E1%BA%A5y+ph%C3%A9p+m%C3%B4i+tr%C6%B0%E1%BB%9Dng+quan+tr%E1%BA%AFc+x%E1%BB%AD+ph%E1%BA%A1t+m%C3%B4i+tr%C6%B0%E1%BB%9Dng%22+2023+filetype%3Apdf,https://www.google.com/search?q=site%3Athienlonggroup.com+%22TLG%22+%22gi%E1%BA%A5y+ph%C3%A9p+m%C3%B4i+tr%C6%B0%E1%BB%9Dng+quan+tr%E1%BA%AFc+x%E1%BB%AD+ph%E1%BA%A1t+m%C3%B4i+tr%C6%B0%E1%BB%9Dng%22+2023+filetype%3Apdf
tlg,TLG,2024,annual,"""TLG"" ""báo cáo thường niên"" 2024 filetype:pdf",https://www.google.com/search?q=%22TLG%22+%22b%C3%A1o+c%C3%A1o+th%C6%B0%E1%BB%9Dng+ni%C3%AAn%22+2024+filetype%3Apdf,https://www.google.com/search?q=site%3Athienlonggroup.com+%22TLG%22+%22b%C3%A1o+c%C3%A1o+th%C6%B0%E1%BB%9Dng+ni%C3%AAn%22+2024+filetype%3Apdf
tlg,TLG,2024,sustainability,"""TLG"" ""báo cáo phát triển bền vững ESG"" 2024 filetype:pdf",https://www.google.com/search?q=%22TLG%22+%22b%C3%A1o+c%C3%A1o+ph%C3%A1t+tri%E1%BB%83n+b%E1%BB%81n+v%E1%BB%AFng+ESG%22+2024+filetype%3Apdf,https://www.google.com/search?q=site%3Athienlonggroup.com+%22TLG%22+%22b%C3%A1o+c%C3%A1o+ph%C3%A1t+tri%E1%BB%83n+b%E1%BB%81n+v%E1%BB%AFng+ESG%22+2024+filetype%3Apdf
tlg,TLG,2024,financial,"""TLG"" ""báo cáo tài chính năm kiểm toán hợp nhất"" 2024 filetype:pdf",https://www.google.com/search?q=%22TLG%22+%22b%C3%A1o+c%C3%A1o+t%C3%A0i+ch%C3%ADnh+n%C4%83m+ki%E1%BB%83m+to%C3%A1n+h%E1%BB%A3p+nh%E1%BA%A5t%22+2024+filetype%3Apdf,https://www.google.com/search?q=site%3Athienlonggroup.com+%22TLG%22+%22b%C3%A1o+c%C3%A1o+t%C3%A0i+ch%C3%ADnh+n%C4%83m+ki%E1%BB%83m+to%C3%A1n+h%E1%BB%A3p+nh%E1%BA%A5t%22+2024+filetype%3Apdf
tlg,TLG,2024,governance,"""TLG"" ""báo cáo tình hình quản trị công ty cả năm"" 2024 filetype:pdf",https://www.google.com/search?q=%22TLG%22+%22b%C3%A1o+c%C3%A1o+t%C3%ACnh+h%C3%ACnh+qu%E1%BA%A3n+tr%E1%BB%8B+c%C3%B4ng+ty+c%E1%BA%A3+n%C4%83m%22+2024+filetype%3Apdf,https://www.google.com/search?q=site%3Athienlonggroup.com+%22TLG%22+%22b%C3%A1o+c%C3%A1o+t%C3%ACnh+h%C3%ACnh+qu%E1%BA%A3n+tr%E1%BB%8B+c%C3%B4ng+ty+c%E1%BA%A3+n%C4%83m%22+2024+filetype%3Apdf
tlg,TLG,2024,environmental,"""TLG"" ""giấy phép môi trường quan trắc xử phạt môi trường"" 2024 filetype:pdf",https://www.google.com/search?q=%22TLG%22+%22gi%E1%BA%A5y+ph%C3%A9p+m%C3%B4i+tr%C6%B0%E1%BB%9Dng+quan+tr%E1%BA%AFc+x%E1%BB%AD+ph%E1%BA%A1t+m%C3%B4i+tr%C6%B0%E1%BB%9Dng%22+2024+filetype%3Apdf,https://www.google.com/search?q=site%3Athienlonggroup.com+%22TLG%22+%22gi%E1%BA%A5y+ph%C3%A9p+m%C3%B4i+tr%C6%B0%E1%BB%9Dng+quan+tr%E1%BA%AFc+x%E1%BB%AD+ph%E1%BA%A1t+m%C3%B4i+tr%C6%B0%E1%BB%9Dng%22+2024+filetype%3Apdf
tlg,TLG,2025,annual,"""TLG"" ""báo cáo thường niên"" 2025 filetype:pdf",https://www.google.com/search?q=%22TLG%22+%22b%C3%A1o+c%C3%A1o+th%C6%B0%E1%BB%9Dng+ni%C3%AAn%22+2025+filetype%3Apdf,https://www.google.com/search?q=site%3Athienlonggroup.com+%22TLG%22+%22b%C3%A1o+c%C3%A1o+th%C6%B0%E1%BB%9Dng+ni%C3%AAn%22+2025+filetype%3Apdf
tlg,TLG,2025,sustainability,"""TLG"" ""báo cáo phát triển bền vững ESG"" 2025 filetype:pdf",https://www.google.com/search?q=%22TLG%22+%22b%C3%A1o+c%C3%A1o+ph%C3%A1t+tri%E1%BB%83n+b%E1%BB%81n+v%E1%BB%AFng+ESG%22+2025+filetype%3Apdf,https://www.google.com/search?q=site%3Athienlonggroup.com+%22TLG%22+%22b%C3%A1o+c%C3%A1o+ph%C3%A1t+tri%E1%BB%83n+b%E1%BB%81n+v%E1%BB%AFng+ESG%22+2025+filetype%3Apdf
tlg,TLG,2025,financial,"""TLG"" ""báo cáo tài chính năm kiểm toán hợp nhất"" 2025 filetype:pdf",https://www.google.com/search?q=%22TLG%22+%22b%C3%A1o+c%C3%A1o+t%C3%A0i+ch%C3%ADnh+n%C4%83m+ki%E1%BB%83m+to%C3%A1n+h%E1%BB%A3p+nh%E1%BA%A5t%22+2025+filetype%3Apdf,https://www.google.com/search?q=site%3Athienlonggroup.com+%22TLG%22+%22b%C3%A1o+c%C3%A1o+t%C3%A0i+ch%C3%ADnh+n%C4%83m+ki%E1%BB%83m+to%C3%A1n+h%E1%BB%A3p+nh%E1%BA%A5t%22+2025+filetype%3Apdf
tlg,TLG,2025,governance,"""TLG"" ""báo cáo tình hình quản trị công ty cả năm"" 2025 filetype:pdf",https://www.google.com/search?q=%22TLG%22+%22b%C3%A1o+c%C3%A1o+t%C3%ACnh+h%C3%ACnh+qu%E1%BA%A3n+tr%E1%BB%8B+c%C3%B4ng+ty+c%E1%BA%A3+n%C4%83m%22+2025+filetype%3Apdf,https://www.google.com/search?q=site%3Athienlonggroup.com+%22TLG%22+%22b%C3%A1o+c%C3%A1o+t%C3%ACnh+h%C3%ACnh+qu%E1%BA%A3n+tr%E1%BB%8B+c%C3%B4ng+ty+c%E1%BA%A3+n%C4%83m%22+2025+filetype%3Apdf
tlg,TLG,2025,environmental,"""TLG"" ""giấy phép môi trường quan trắc xử phạt môi trường"" 2025 filetype:pdf",https://www.google.com/search?q=%22TLG%22+%22gi%E1%BA%A5y+ph%C3%A9p+m%C3%B4i+tr%C6%B0%E1%BB%9Dng+quan+tr%E1%BA%AFc+x%E1%BB%AD+ph%E1%BA%A1t+m%C3%B4i+tr%C6%B0%E1%BB%9Dng%22+2025+filetype%3Apdf,https://www.google.com/search?q=site%3Athienlonggroup.com+%22TLG%22+%22gi%E1%BA%A5y+ph%C3%A9p+m%C3%B4i+tr%C6%B0%E1%BB%9Dng+quan+tr%E1%BA%AFc+x%E1%BB%AD+ph%E1%BA%A1t+m%C3%B4i+tr%C6%B0%E1%BB%9Dng%22+2025+filetype%3Apdf
acg,ACG,2021,annual,"""ACG"" ""báo cáo thường niên"" 2021 filetype:pdf",https://www.google.com/search?q=%22ACG%22+%22b%C3%A1o+c%C3%A1o+th%C6%B0%E1%BB%9Dng+ni%C3%AAn%22+2021+filetype%3Apdf,https://www.google.com/search?q=site%3Aancuong.com+%22ACG%22+%22b%C3%A1o+c%C3%A1o+th%C6%B0%E1%BB%9Dng+ni%C3%AAn%22+2021+filetype%3Apdf
acg,ACG,2021,sustainability,"""ACG"" ""báo cáo phát triển bền vững ESG"" 2021 filetype:pdf",https://www.google.com/search?q=%22ACG%22+%22b%C3%A1o+c%C3%A1o+ph%C3%A1t+tri%E1%BB%83n+b%E1%BB%81n+v%E1%BB%AFng+ESG%22+2021+filetype%3Apdf,https://www.google.com/search?q=site%3Aancuong.com+%22ACG%22+%22b%C3%A1o+c%C3%A1o+ph%C3%A1t+tri%E1%BB%83n+b%E1%BB%81n+v%E1%BB%AFng+ESG%22+2021+filetype%3Apdf
acg,ACG,2021,financial,"""ACG"" ""báo cáo tài chính năm kiểm toán hợp nhất"" 2021 filetype:pdf",https://www.google.com/search?q=%22ACG%22+%22b%C3%A1o+c%C3%A1o+t%C3%A0i+ch%C3%ADnh+n%C4%83m+ki%E1%BB%83m+to%C3%A1n+h%E1%BB%A3p+nh%E1%BA%A5t%22+2021+filetype%3Apdf,https://www.google.com/search?q=site%3Aancuong.com+%22ACG%22+%22b%C3%A1o+c%C3%A1o+t%C3%A0i+ch%C3%ADnh+n%C4%83m+ki%E1%BB%83m+to%C3%A1n+h%E1%BB%A3p+nh%E1%BA%A5t%22+2021+filetype%3Apdf
acg,ACG,2021,governance,"""ACG"" ""báo cáo tình hình quản trị công ty cả năm"" 2021 filetype:pdf",https://www.google.com/search?q=%22ACG%22+%22b%C3%A1o+c%C3%A1o+t%C3%ACnh+h%C3%ACnh+qu%E1%BA%A3n+tr%E1%BB%8B+c%C3%B4ng+ty+c%E1%BA%A3+n%C4%83m%22+2021+filetype%3Apdf,https://www.google.com/search?q=site%3Aancuong.com+%22ACG%22+%22b%C3%A1o+c%C3%A1o+t%C3%ACnh+h%C3%ACnh+qu%E1%BA%A3n+tr%E1%BB%8B+c%C3%B4ng+ty+c%E1%BA%A3+n%C4%83m%22+2021+filetype%3Apdf
acg,ACG,2021,environmental,"""ACG"" ""giấy phép môi trường quan trắc xử phạt môi trường"" 2021 filetype:pdf",https://www.google.com/search?q=%22ACG%22+%22gi%E1%BA%A5y+ph%C3%A9p+m%C3%B4i+tr%C6%B0%E1%BB%9Dng+quan+tr%E1%BA%AFc+x%E1%BB%AD+ph%E1%BA%A1t+m%C3%B4i+tr%C6%B0%E1%BB%9Dng%22+2021+filetype%3Apdf,https://www.google.com/search?q=site%3Aancuong.com+%22ACG%22+%22gi%E1%BA%A5y+ph%C3%A9p+m%C3%B4i+tr%C6%B0%E1%BB%9Dng+quan+tr%E1%BA%AFc+x%E1%BB%AD+ph%E1%BA%A1t+m%C3%B4i+tr%C6%B0%E1%BB%9Dng%22+2021+filetype%3Apdf
acg,ACG,2022,annual,"""ACG"" ""báo cáo thường niên"" 2022 filetype:pdf",https://www.google.com/search?q=%22ACG%22+%22b%C3%A1o+c%C3%A1o+th%C6%B0%E1%BB%9Dng+ni%C3%AAn%22+2022+filetype%3Apdf,https://www.google.com/search?q=site%3Aancuong.com+%22ACG%22+%22b%C3%A1o+c%C3%A1o+th%C6%B0%E1%BB%9Dng+ni%C3%AAn%22+2022+filetype%3Apdf
acg,ACG,2022,sustainability,"""ACG"" ""báo cáo phát triển bền vững ESG"" 2022 filetype:pdf",https://www.google.com/search?q=%22ACG%22+%22b%C3%A1o+c%C3%A1o+ph%C3%A1t+tri%E1%BB%83n+b%E1%BB%81n+v%E1%BB%AFng+ESG%22+2022+filetype%3Apdf,https://www.google.com/search?q=site%3Aancuong.com+%22ACG%22+%22b%C3%A1o+c%C3%A1o+ph%C3%A1t+tri%E1%BB%83n+b%E1%BB%81n+v%E1%BB%AFng+ESG%22+2022+filetype%3Apdf
acg,ACG,2022,financial,"""ACG"" ""báo cáo tài chính năm kiểm toán hợp nhất"" 2022 filetype:pdf",https://www.google.com/search?q=%22ACG%22+%22b%C3%A1o+c%C3%A1o+t%C3%A0i+ch%C3%ADnh+n%C4%83m+ki%E1%BB%83m+to%C3%A1n+h%E1%BB%A3p+nh%E1%BA%A5t%22+2022+filetype%3Apdf,https://www.google.com/search?q=site%3Aancuong.com+%22ACG%22+%22b%C3%A1o+c%C3%A1o+t%C3%A0i+ch%C3%ADnh+n%C4%83m+ki%E1%BB%83m+to%C3%A1n+h%E1%BB%A3p+nh%E1%BA%A5t%22+2022+filetype%3Apdf
acg,ACG,2022,governance,"""ACG"" ""báo cáo tình hình quản trị công ty cả năm"" 2022 filetype:pdf",https://www.google.com/search?q=%22ACG%22+%22b%C3%A1o+c%C3%A1o+t%C3%ACnh+h%C3%ACnh+qu%E1%BA%A3n+tr%E1%BB%8B+c%C3%B4ng+ty+c%E1%BA%A3+n%C4%83m%22+2022+filetype%3Apdf,https://www.google.com/search?q=site%3Aancuong.com+%22ACG%22+%22b%C3%A1o+c%C3%A1o+t%C3%ACnh+h%C3%ACnh+qu%E1%BA%A3n+tr%E1%BB%8B+c%C3%B4ng+ty+c%E1%BA%A3+n%C4%83m%22+2022+filetype%3Apdf
acg,ACG,2022,environmental,"""ACG"" ""giấy phép môi trường quan trắc xử phạt môi trường"" 2022 filetype:pdf",https://www.google.com/search?q=%22ACG%22+%22gi%E1%BA%A5y+ph%C3%A9p+m%C3%B4i+tr%C6%B0%E1%BB%9Dng+quan+tr%E1%BA%AFc+x%E1%BB%AD+ph%E1%BA%A1t+m%C3%B4i+tr%C6%B0%E1%BB%9Dng%22+2022+filetype%3Apdf,https://www.google.com/search?q=site%3Aancuong.com+%22ACG%22+%22gi%E1%BA%A5y+ph%C3%A9p+m%C3%B4i+tr%C6%B0%E1%BB%9Dng+quan+tr%E1%BA%AFc+x%E1%BB%AD+ph%E1%BA%A1t+m%C3%B4i+tr%C6%B0%E1%BB%9Dng%22+2022+filetype%3Apdf
acg,ACG,2023,annual,"""ACG"" ""báo cáo thường niên"" 2023 filetype:pdf",https://www.google.com/search?q=%22ACG%22+%22b%C3%A1o+c%C3%A1o+th%C6%B0%E1%BB%9Dng+ni%C3%AAn%22+2023+filetype%3Apdf,https://www.google.com/search?q=site%3Aancuong.com+%22ACG%22+%22b%C3%A1o+c%C3%A1o+th%C6%B0%E1%BB%9Dng+ni%C3%AAn%22+2023+filetype%3Apdf
acg,ACG,2023,sustainability,"""ACG"" ""báo cáo phát triển bền vững ESG"" 2023 filetype:pdf",https://www.google.com/search?q=%22ACG%22+%22b%C3%A1o+c%C3%A1o+ph%C3%A1t+tri%E1%BB%83n+b%E1%BB%81n+v%E1%BB%AFng+ESG%22+2023+filetype%3Apdf,https://www.google.com/search?q=site%3Aancuong.com+%22ACG%22+%22b%C3%A1o+c%C3%A1o+ph%C3%A1t+tri%E1%BB%83n+b%E1%BB%81n+v%E1%BB%AFng+ESG%22+2023+filetype%3Apdf
acg,ACG,2023,financial,"""ACG"" ""báo cáo tài chính năm kiểm toán hợp nhất"" 2023 filetype:pdf",https://www.google.com/search?q=%22ACG%22+%22b%C3%A1o+c%C3%A1o+t%C3%A0i+ch%C3%ADnh+n%C4%83m+ki%E1%BB%83m+to%C3%A1n+h%E1%BB%A3p+nh%E1%BA%A5t%22+2023+filetype%3Apdf,https://www.google.com/search?q=site%3Aancuong.com+%22ACG%22+%22b%C3%A1o+c%C3%A1o+t%C3%A0i+ch%C3%ADnh+n%C4%83m+ki%E1%BB%83m+to%C3%A1n+h%E1%BB%A3p+nh%E1%BA%A5t%22+2023+filetype%3Apdf
acg,ACG,2023,governance,"""ACG"" ""báo cáo tình hình quản trị công ty cả năm"" 2023 filetype:pdf",https://www.google.com/search?q=%22ACG%22+%22b%C3%A1o+c%C3%A1o+t%C3%ACnh+h%C3%ACnh+qu%E1%BA%A3n+tr%E1%BB%8B+c%C3%B4ng+ty+c%E1%BA%A3+n%C4%83m%22+2023+filetype%3Apdf,https://www.google.com/search?q=site%3Aancuong.com+%22ACG%22+%22b%C3%A1o+c%C3%A1o+t%C3%ACnh+h%C3%ACnh+qu%E1%BA%A3n+tr%E1%BB%8B+c%C3%B4ng+ty+c%E1%BA%A3+n%C4%83m%22+2023+filetype%3Apdf
acg,ACG,2023,environmental,"""ACG"" ""giấy phép môi trường quan trắc xử phạt môi trường"" 2023 filetype:pdf",https://www.google.com/search?q=%22ACG%22+%22gi%E1%BA%A5y+ph%C3%A9p+m%C3%B4i+tr%C6%B0%E1%BB%9Dng+quan+tr%E1%BA%AFc+x%E1%BB%AD+ph%E1%BA%A1t+m%C3%B4i+tr%C6%B0%E1%BB%9Dng%22+2023+filetype%3Apdf,https://www.google.com/search?q=site%3Aancuong.com+%22ACG%22+%22gi%E1%BA%A5y+ph%C3%A9p+m%C3%B4i+tr%C6%B0%E1%BB%9Dng+quan+tr%E1%BA%AFc+x%E1%BB%AD+ph%E1%BA%A1t+m%C3%B4i+tr%C6%B0%E1%BB%9Dng%22+2023+filetype%3Apdf
acg,ACG,2024,annual,"""ACG"" ""báo cáo thường niên"" 2024 filetype:pdf",https://www.google.com/search?q=%22ACG%22+%22b%C3%A1o+c%C3%A1o+th%C6%B0%E1%BB%9Dng+ni%C3%AAn%22+2024+filetype%3Apdf,https://www.google.com/search?q=site%3Aancuong.com+%22ACG%22+%22b%C3%A1o+c%C3%A1o+th%C6%B0%E1%BB%9Dng+ni%C3%AAn%22+2024+filetype%3Apdf
acg,ACG,2024,sustainability,"""ACG"" ""báo cáo phát triển bền vững ESG"" 2024 filetype:pdf",https://www.google.com/search?q=%22ACG%22+%22b%C3%A1o+c%C3%A1o+ph%C3%A1t+tri%E1%BB%83n+b%E1%BB%81n+v%E1%BB%AFng+ESG%22+2024+filetype%3Apdf,https://www.google.com/search?q=site%3Aancuong.com+%22ACG%22+%22b%C3%A1o+c%C3%A1o+ph%C3%A1t+tri%E1%BB%83n+b%E1%BB%81n+v%E1%BB%AFng+ESG%22+2024+filetype%3Apdf
acg,ACG,2024,financial,"""ACG"" ""báo cáo tài chính năm kiểm toán hợp nhất"" 2024 filetype:pdf",https://www.google.com/search?q=%22ACG%22+%22b%C3%A1o+c%C3%A1o+t%C3%A0i+ch%C3%ADnh+n%C4%83m+ki%E1%BB%83m+to%C3%A1n+h%E1%BB%A3p+nh%E1%BA%A5t%22+2024+filetype%3Apdf,https://www.google.com/search?q=site%3Aancuong.com+%22ACG%22+%22b%C3%A1o+c%C3%A1o+t%C3%A0i+ch%C3%ADnh+n%C4%83m+ki%E1%BB%83m+to%C3%A1n+h%E1%BB%A3p+nh%E1%BA%A5t%22+2024+filetype%3Apdf
acg,ACG,2024,governance,"""ACG"" ""báo cáo tình hình quản trị công ty cả năm"" 2024 filetype:pdf",https://www.google.com/search?q=%22ACG%22+%22b%C3%A1o+c%C3%A1o+t%C3%ACnh+h%C3%ACnh+qu%E1%BA%A3n+tr%E1%BB%8B+c%C3%B4ng+ty+c%E1%BA%A3+n%C4%83m%22+2024+filetype%3Apdf,https://www.google.com/search?q=site%3Aancuong.com+%22ACG%22+%22b%C3%A1o+c%C3%A1o+t%C3%ACnh+h%C3%ACnh+qu%E1%BA%A3n+tr%E1%BB%8B+c%C3%B4ng+ty+c%E1%BA%A3+n%C4%83m%22+2024+filetype%3Apdf
acg,ACG,2024,environmental,"""ACG"" ""giấy phép môi trường quan trắc xử phạt môi trường"" 2024 filetype:pdf",https://www.google.com/search?q=%22ACG%22+%22gi%E1%BA%A5y+ph%C3%A9p+m%C3%B4i+tr%C6%B0%E1%BB%9Dng+quan+tr%E1%BA%AFc+x%E1%BB%AD+ph%E1%BA%A1t+m%C3%B4i+tr%C6%B0%E1%BB%9Dng%22+2024+filetype%3Apdf,https://www.google.com/search?q=site%3Aancuong.com+%22ACG%22+%22gi%E1%BA%A5y+ph%C3%A9p+m%C3%B4i+tr%C6%B0%E1%BB%9Dng+quan+tr%E1%BA%AFc+x%E1%BB%AD+ph%E1%BA%A1t+m%C3%B4i+tr%C6%B0%E1%BB%9Dng%22+2024+filetype%3Apdf
acg,ACG,2025,annual,"""ACG"" ""báo cáo thường niên"" 2025 filetype:pdf",https://www.google.com/search?q=%22ACG%22+%22b%C3%A1o+c%C3%A1o+th%C6%B0%E1%BB%9Dng+ni%C3%AAn%22+2025+filetype%3Apdf,https://www.google.com/search?q=site%3Aancuong.com+%22ACG%22+%22b%C3%A1o+c%C3%A1o+th%C6%B0%E1%BB%9Dng+ni%C3%AAn%22+2025+filetype%3Apdf
acg,ACG,2025,sustainability,"""ACG"" ""báo cáo phát triển bền vững ESG"" 2025 filetype:pdf",https://www.google.com/search?q=%22ACG%22+%22b%C3%A1o+c%C3%A1o+ph%C3%A1t+tri%E1%BB%83n+b%E1%BB%81n+v%E1%BB%AFng+ESG%22+2025+filetype%3Apdf,https://www.google.com/search?q=site%3Aancuong.com+%22ACG%22+%22b%C3%A1o+c%C3%A1o+ph%C3%A1t+tri%E1%BB%83n+b%E1%BB%81n+v%E1%BB%AFng+ESG%22+2025+filetype%3Apdf
acg,ACG,2025,financial,"""ACG"" ""báo cáo tài chính năm kiểm toán hợp nhất"" 2025 filetype:pdf",https://www.google.com/search?q=%22ACG%22+%22b%C3%A1o+c%C3%A1o+t%C3%A0i+ch%C3%ADnh+n%C4%83m+ki%E1%BB%83m+to%C3%A1n+h%E1%BB%A3p+nh%E1%BA%A5t%22+2025+filetype%3Apdf,https://www.google.com/search?q=site%3Aancuong.com+%22ACG%22+%22b%C3%A1o+c%C3%A1o+t%C3%A0i+ch%C3%ADnh+n%C4%83m+ki%E1%BB%83m+to%C3%A1n+h%E1%BB%A3p+nh%E1%BA%A5t%22+2025+filetype%3Apdf
acg,ACG,2025,governance,"""ACG"" ""báo cáo tình hình quản trị công ty cả năm"" 2025 filetype:pdf",https://www.google.com/search?q=%22ACG%22+%22b%C3%A1o+c%C3%A1o+t%C3%ACnh+h%C3%ACnh+qu%E1%BA%A3n+tr%E1%BB%8B+c%C3%B4ng+ty+c%E1%BA%A3+n%C4%83m%22+2025+filetype%3Apdf,https://www.google.com/search?q=site%3Aancuong.com+%22ACG%22+%22b%C3%A1o+c%C3%A1o+t%C3%ACnh+h%C3%ACnh+qu%E1%BA%A3n+tr%E1%BB%8B+c%C3%B4ng+ty+c%E1%BA%A3+n%C4%83m%22+2025+filetype%3Apdf
acg,ACG,2025,environmental,"""ACG"" ""giấy phép môi trường quan trắc xử phạt môi trường"" 2025 filetype:pdf",https://www.google.com/search?q=%22ACG%22+%22gi%E1%BA%A5y+ph%C3%A9p+m%C3%B4i+tr%C6%B0%E1%BB%9Dng+quan+tr%E1%BA%AFc+x%E1%BB%AD+ph%E1%BA%A1t+m%C3%B4i+tr%C6%B0%E1%BB%9Dng%22+2025+filetype%3Apdf,https://www.google.com/search?q=site%3Aancuong.com+%22ACG%22+%22gi%E1%BA%A5y+ph%C3%A9p+m%C3%B4i+tr%C6%B0%E1%BB%9Dng+quan+tr%E1%BA%AFc+x%E1%BB%AD+ph%E1%BA%A1t+m%C3%B4i+tr%C6%B0%E1%BB%9Dng%22+2025+filetype%3Apdf
phr,PHR,2021,annual,"""PHR"" ""báo cáo thường niên"" 2021 filetype:pdf",https://www.google.com/search?q=%22PHR%22+%22b%C3%A1o+c%C3%A1o+th%C6%B0%E1%BB%9Dng+ni%C3%AAn%22+2021+filetype%3Apdf,https://www.google.com/search?q=site%3Aphr.vn+%22PHR%22+%22b%C3%A1o+c%C3%A1o+th%C6%B0%E1%BB%9Dng+ni%C3%AAn%22+2021+filetype%3Apdf
phr,PHR,2021,sustainability,"""PHR"" ""báo cáo phát triển bền vững ESG"" 2021 filetype:pdf",https://www.google.com/search?q=%22PHR%22+%22b%C3%A1o+c%C3%A1o+ph%C3%A1t+tri%E1%BB%83n+b%E1%BB%81n+v%E1%BB%AFng+ESG%22+2021+filetype%3Apdf,https://www.google.com/search?q=site%3Aphr.vn+%22PHR%22+%22b%C3%A1o+c%C3%A1o+ph%C3%A1t+tri%E1%BB%83n+b%E1%BB%81n+v%E1%BB%AFng+ESG%22+2021+filetype%3Apdf
phr,PHR,2021,financial,"""PHR"" ""báo cáo tài chính năm kiểm toán hợp nhất"" 2021 filetype:pdf",https://www.google.com/search?q=%22PHR%22+%22b%C3%A1o+c%C3%A1o+t%C3%A0i+ch%C3%ADnh+n%C4%83m+ki%E1%BB%83m+to%C3%A1n+h%E1%BB%A3p+nh%E1%BA%A5t%22+2021+filetype%3Apdf,https://www.google.com/search?q=site%3Aphr.vn+%22PHR%22+%22b%C3%A1o+c%C3%A1o+t%C3%A0i+ch%C3%ADnh+n%C4%83m+ki%E1%BB%83m+to%C3%A1n+h%E1%BB%A3p+nh%E1%BA%A5t%22+2021+filetype%3Apdf
phr,PHR,2021,governance,"""PHR"" ""báo cáo tình hình quản trị công ty cả năm"" 2021 filetype:pdf",https://www.google.com/search?q=%22PHR%22+%22b%C3%A1o+c%C3%A1o+t%C3%ACnh+h%C3%ACnh+qu%E1%BA%A3n+tr%E1%BB%8B+c%C3%B4ng+ty+c%E1%BA%A3+n%C4%83m%22+2021+filetype%3Apdf,https://www.google.com/search?q=site%3Aphr.vn+%22PHR%22+%22b%C3%A1o+c%C3%A1o+t%C3%ACnh+h%C3%ACnh+qu%E1%BA%A3n+tr%E1%BB%8B+c%C3%B4ng+ty+c%E1%BA%A3+n%C4%83m%22+2021+filetype%3Apdf
phr,PHR,2021,environmental,"""PHR"" ""giấy phép môi trường quan trắc xử phạt môi trường"" 2021 filetype:pdf",https://www.google.com/search?q=%22PHR%22+%22gi%E1%BA%A5y+ph%C3%A9p+m%C3%B4i+tr%C6%B0%E1%BB%9Dng+quan+tr%E1%BA%AFc+x%E1%BB%AD+ph%E1%BA%A1t+m%C3%B4i+tr%C6%B0%E1%BB%9Dng%22+2021+filetype%3Apdf,https://www.google.com/search?q=site%3Aphr.vn+%22PHR%22+%22gi%E1%BA%A5y+ph%C3%A9p+m%C3%B4i+tr%C6%B0%E1%BB%9Dng+quan+tr%E1%BA%AFc+x%E1%BB%AD+ph%E1%BA%A1t+m%C3%B4i+tr%C6%B0%E1%BB%9Dng%22+2021+filetype%3Apdf
phr,PHR,2022,annual,"""PHR"" ""báo cáo thường niên"" 2022 filetype:pdf",https://www.google.com/search?q=%22PHR%22+%22b%C3%A1o+c%C3%A1o+th%C6%B0%E1%BB%9Dng+ni%C3%AAn%22+2022+filetype%3Apdf,https://www.google.com/search?q=site%3Aphr.vn+%22PHR%22+%22b%C3%A1o+c%C3%A1o+th%C6%B0%E1%BB%9Dng+ni%C3%AAn%22+2022+filetype%3Apdf
phr,PHR,2022,sustainability,"""PHR"" ""báo cáo phát triển bền vững ESG"" 2022 filetype:pdf",https://www.google.com/search?q=%22PHR%22+%22b%C3%A1o+c%C3%A1o+ph%C3%A1t+tri%E1%BB%83n+b%E1%BB%81n+v%E1%BB%AFng+ESG%22+2022+filetype%3Apdf,https://www.google.com/search?q=site%3Aphr.vn+%22PHR%22+%22b%C3%A1o+c%C3%A1o+ph%C3%A1t+tri%E1%BB%83n+b%E1%BB%81n+v%E1%BB%AFng+ESG%22+2022+filetype%3Apdf
phr,PHR,2022,financial,"""PHR"" ""báo cáo tài chính năm kiểm toán hợp nhất"" 2022 filetype:pdf",https://www.google.com/search?q=%22PHR%22+%22b%C3%A1o+c%C3%A1o+t%C3%A0i+ch%C3%ADnh+n%C4%83m+ki%E1%BB%83m+to%C3%A1n+h%E1%BB%A3p+nh%E1%BA%A5t%22+2022+filetype%3Apdf,https://www.google.com/search?q=site%3Aphr.vn+%22PHR%22+%22b%C3%A1o+c%C3%A1o+t%C3%A0i+ch%C3%ADnh+n%C4%83m+ki%E1%BB%83m+to%C3%A1n+h%E1%BB%A3p+nh%E1%BA%A5t%22+2022+filetype%3Apdf
phr,PHR,2022,governance,"""PHR"" ""báo cáo tình hình quản trị công ty cả năm"" 2022 filetype:pdf",https://www.google.com/search?q=%22PHR%22+%22b%C3%A1o+c%C3%A1o+t%C3%ACnh+h%C3%ACnh+qu%E1%BA%A3n+tr%E1%BB%8B+c%C3%B4ng+ty+c%E1%BA%A3+n%C4%83m%22+2022+filetype%3Apdf,https://www.google.com/search?q=site%3Aphr.vn+%22PHR%22+%22b%C3%A1o+c%C3%A1o+t%C3%ACnh+h%C3%ACnh+qu%E1%BA%A3n+tr%E1%BB%8B+c%C3%B4ng+ty+c%E1%BA%A3+n%C4%83m%22+2022+filetype%3Apdf
phr,PHR,2022,environmental,"""PHR"" ""giấy phép môi trường quan trắc xử phạt môi trường"" 2022 filetype:pdf",https://www.google.com/search?q=%22PHR%22+%22gi%E1%BA%A5y+ph%C3%A9p+m%C3%B4i+tr%C6%B0%E1%BB%9Dng+quan+tr%E1%BA%AFc+x%E1%BB%AD+ph%E1%BA%A1t+m%C3%B4i+tr%C6%B0%E1%BB%9Dng%22+2022+filetype%3Apdf,https://www.google.com/search?q=site%3Aphr.vn+%22PHR%22+%22gi%E1%BA%A5y+ph%C3%A9p+m%C3%B4i+tr%C6%B0%E1%BB%9Dng+quan+tr%E1%BA%AFc+x%E1%BB%AD+ph%E1%BA%A1t+m%C3%B4i+tr%C6%B0%E1%BB%9Dng%22+2022+filetype%3Apdf
phr,PHR,2023,annual,"""PHR"" ""báo cáo thường niên"" 2023 filetype:pdf",https://www.google.com/search?q=%22PHR%22+%22b%C3%A1o+c%C3%A1o+th%C6%B0%E1%BB%9Dng+ni%C3%AAn%22+2023+filetype%3Apdf,https://www.google.com/search?q=site%3Aphr.vn+%22PHR%22+%22b%C3%A1o+c%C3%A1o+th%C6%B0%E1%BB%9Dng+ni%C3%AAn%22+2023+filetype%3Apdf
phr,PHR,2023,sustainability,"""PHR"" ""báo cáo phát triển bền vững ESG"" 2023 filetype:pdf",https://www.google.com/search?q=%22PHR%22+%22b%C3%A1o+c%C3%A1o+ph%C3%A1t+tri%E1%BB%83n+b%E1%BB%81n+v%E1%BB%AFng+ESG%22+2023+filetype%3Apdf,https://www.google.com/search?q=site%3Aphr.vn+%22PHR%22+%22b%C3%A1o+c%C3%A1o+ph%C3%A1t+tri%E1%BB%83n+b%E1%BB%81n+v%E1%BB%AFng+ESG%22+2023+filetype%3Apdf
phr,PHR,2023,financial,"""PHR"" ""báo cáo tài chính năm kiểm toán hợp nhất"" 2023 filetype:pdf",https://www.google.com/search?q=%22PHR%22+%22b%C3%A1o+c%C3%A1o+t%C3%A0i+ch%C3%ADnh+n%C4%83m+ki%E1%BB%83m+to%C3%A1n+h%E1%BB%A3p+nh%E1%BA%A5t%22+2023+filetype%3Apdf,https://www.google.com/search?q=site%3Aphr.vn+%22PHR%22+%22b%C3%A1o+c%C3%A1o+t%C3%A0i+ch%C3%ADnh+n%C4%83m+ki%E1%BB%83m+to%C3%A1n+h%E1%BB%A3p+nh%E1%BA%A5t%22+2023+filetype%3Apdf
phr,PHR,2023,governance,"""PHR"" ""báo cáo tình hình quản trị công ty cả năm"" 2023 filetype:pdf",https://www.google.com/search?q=%22PHR%22+%22b%C3%A1o+c%C3%A1o+t%C3%ACnh+h%C3%ACnh+qu%E1%BA%A3n+tr%E1%BB%8B+c%C3%B4ng+ty+c%E1%BA%A3+n%C4%83m%22+2023+filetype%3Apdf,https://www.google.com/search?q=site%3Aphr.vn+%22PHR%22+%22b%C3%A1o+c%C3%A1o+t%C3%ACnh+h%C3%ACnh+qu%E1%BA%A3n+tr%E1%BB%8B+c%C3%B4ng+ty+c%E1%BA%A3+n%C4%83m%22+2023+filetype%3Apdf
phr,PHR,2023,environmental,"""PHR"" ""giấy phép môi trường quan trắc xử phạt môi trường"" 2023 filetype:pdf",https://www.google.com/search?q=%22PHR%22+%22gi%E1%BA%A5y+ph%C3%A9p+m%C3%B4i+tr%C6%B0%E1%BB%9Dng+quan+tr%E1%BA%AFc+x%E1%BB%AD+ph%E1%BA%A1t+m%C3%B4i+tr%C6%B0%E1%BB%9Dng%22+2023+filetype%3Apdf,https://www.google.com/search?q=site%3Aphr.vn+%22PHR%22+%22gi%E1%BA%A5y+ph%C3%A9p+m%C3%B4i+tr%C6%B0%E1%BB%9Dng+quan+tr%E1%BA%AFc+x%E1%BB%AD+ph%E1%BA%A1t+m%C3%B4i+tr%C6%B0%E1%BB%9Dng%22+2023+filetype%3Apdf
phr,PHR,2024,annual,"""PHR"" ""báo cáo thường niên"" 2024 filetype:pdf",https://www.google.com/search?q=%22PHR%22+%22b%C3%A1o+c%C3%A1o+th%C6%B0%E1%BB%9Dng+ni%C3%AAn%22+2024+filetype%3Apdf,https://www.google.com/search?q=site%3Aphr.vn+%22PHR%22+%22b%C3%A1o+c%C3%A1o+th%C6%B0%E1%BB%9Dng+ni%C3%AAn%22+2024+filetype%3Apdf
phr,PHR,2024,sustainability,"""PHR"" ""báo cáo phát triển bền vững ESG"" 2024 filetype:pdf",https://www.google.com/search?q=%22PHR%22+%22b%C3%A1o+c%C3%A1o+ph%C3%A1t+tri%E1%BB%83n+b%E1%BB%81n+v%E1%BB%AFng+ESG%22+2024+filetype%3Apdf,https://www.google.com/search?q=site%3Aphr.vn+%22PHR%22+%22b%C3%A1o+c%C3%A1o+ph%C3%A1t+tri%E1%BB%83n+b%E1%BB%81n+v%E1%BB%AFng+ESG%22+2024+filetype%3Apdf
phr,PHR,2024,financial,"""PHR"" ""báo cáo tài chính năm kiểm toán hợp nhất"" 2024 filetype:pdf",https://www.google.com/search?q=%22PHR%22+%22b%C3%A1o+c%C3%A1o+t%C3%A0i+ch%C3%ADnh+n%C4%83m+ki%E1%BB%83m+to%C3%A1n+h%E1%BB%A3p+nh%E1%BA%A5t%22+2024+filetype%3Apdf,https://www.google.com/search?q=site%3Aphr.vn+%22PHR%22+%22b%C3%A1o+c%C3%A1o+t%C3%A0i+ch%C3%ADnh+n%C4%83m+ki%E1%BB%83m+to%C3%A1n+h%E1%BB%A3p+nh%E1%BA%A5t%22+2024+filetype%3Apdf
phr,PHR,2024,governance,"""PHR"" ""báo cáo tình hình quản trị công ty cả năm"" 2024 filetype:pdf",https://www.google.com/search?q=%22PHR%22+%22b%C3%A1o+c%C3%A1o+t%C3%ACnh+h%C3%ACnh+qu%E1%BA%A3n+tr%E1%BB%8B+c%C3%B4ng+ty+c%E1%BA%A3+n%C4%83m%22+2024+filetype%3Apdf,https://www.google.com/search?q=site%3Aphr.vn+%22PHR%22+%22b%C3%A1o+c%C3%A1o+t%C3%ACnh+h%C3%ACnh+qu%E1%BA%A3n+tr%E1%BB%8B+c%C3%B4ng+ty+c%E1%BA%A3+n%C4%83m%22+2024+filetype%3Apdf
phr,PHR,2024,environmental,"""PHR"" ""giấy phép môi trường quan trắc xử phạt môi trường"" 2024 filetype:pdf",https://www.google.com/search?q=%22PHR%22+%22gi%E1%BA%A5y+ph%C3%A9p+m%C3%B4i+tr%C6%B0%E1%BB%9Dng+quan+tr%E1%BA%AFc+x%E1%BB%AD+ph%E1%BA%A1t+m%C3%B4i+tr%C6%B0%E1%BB%9Dng%22+2024+filetype%3Apdf,https://www.google.com/search?q=site%3Aphr.vn+%22PHR%22+%22gi%E1%BA%A5y+ph%C3%A9p+m%C3%B4i+tr%C6%B0%E1%BB%9Dng+quan+tr%E1%BA%AFc+x%E1%BB%AD+ph%E1%BA%A1t+m%C3%B4i+tr%C6%B0%E1%BB%9Dng%22+2024+filetype%3Apdf
phr,PHR,2025,annual,"""PHR"" ""báo cáo thường niên"" 2025 filetype:pdf",https://www.google.com/search?q=%22PHR%22+%22b%C3%A1o+c%C3%A1o+th%C6%B0%E1%BB%9Dng+ni%C3%AAn%22+2025+filetype%3Apdf,https://www.google.com/search?q=site%3Aphr.vn+%22PHR%22+%22b%C3%A1o+c%C3%A1o+th%C6%B0%E1%BB%9Dng+ni%C3%AAn%22+2025+filetype%3Apdf
phr,PHR,2025,sustainability,"""PHR"" ""báo cáo phát triển bền vững ESG"" 2025 filetype:pdf",https://www.google.com/search?q=%22PHR%22+%22b%C3%A1o+c%C3%A1o+ph%C3%A1t+tri%E1%BB%83n+b%E1%BB%81n+v%E1%BB%AFng+ESG%22+2025+filetype%3Apdf,https://www.google.com/search?q=site%3Aphr.vn+%22PHR%22+%22b%C3%A1o+c%C3%A1o+ph%C3%A1t+tri%E1%BB%83n+b%E1%BB%81n+v%E1%BB%AFng+ESG%22+2025+filetype%3Apdf
phr,PHR,2025,financial,"""PHR"" ""báo cáo tài chính năm kiểm toán hợp nhất"" 2025 filetype:pdf",https://www.google.com/search?q=%22PHR%22+%22b%C3%A1o+c%C3%A1o+t%C3%A0i+ch%C3%ADnh+n%C4%83m+ki%E1%BB%83m+to%C3%A1n+h%E1%BB%A3p+nh%E1%BA%A5t%22+2025+filetype%3Apdf,https://www.google.com/search?q=site%3Aphr.vn+%22PHR%22+%22b%C3%A1o+c%C3%A1o+t%C3%A0i+ch%C3%ADnh+n%C4%83m+ki%E1%BB%83m+to%C3%A1n+h%E1%BB%A3p+nh%E1%BA%A5t%22+2025+filetype%3Apdf
phr,PHR,2025,governance,"""PHR"" ""báo cáo tình hình quản trị công ty cả năm"" 2025 filetype:pdf",https://www.google.com/search?q=%22PHR%22+%22b%C3%A1o+c%C3%A1o+t%C3%ACnh+h%C3%ACnh+qu%E1%BA%A3n+tr%E1%BB%8B+c%C3%B4ng+ty+c%E1%BA%A3+n%C4%83m%22+2025+filetype%3Apdf,https://www.google.com/search?q=site%3Aphr.vn+%22PHR%22+%22b%C3%A1o+c%C3%A1o+t%C3%ACnh+h%C3%ACnh+qu%E1%BA%A3n+tr%E1%BB%8B+c%C3%B4ng+ty+c%E1%BA%A3+n%C4%83m%22+2025+filetype%3Apdf
phr,PHR,2025,environmental,"""PHR"" ""giấy phép môi trường quan trắc xử phạt môi trường"" 2025 filetype:pdf",https://www.google.com/search?q=%22PHR%22+%22gi%E1%BA%A5y+ph%C3%A9p+m%C3%B4i+tr%C6%B0%E1%BB%9Dng+quan+tr%E1%BA%AFc+x%E1%BB%AD+ph%E1%BA%A1t+m%C3%B4i+tr%C6%B0%E1%BB%9Dng%22+2025+filetype%3Apdf,https://www.google.com/search?q=site%3Aphr.vn+%22PHR%22+%22gi%E1%BA%A5y+ph%C3%A9p+m%C3%B4i+tr%C6%B0%E1%BB%9Dng+quan+tr%E1%BA%AFc+x%E1%BB%AD+ph%E1%BA%A1t+m%C3%B4i+tr%C6%B0%E1%BB%9Dng%22+2025+filetype%3Apdf
dpr,DPR,2021,annual,"""DPR"" ""báo cáo thường niên"" 2021 filetype:pdf",https://www.google.com/search?q=%22DPR%22+%22b%C3%A1o+c%C3%A1o+th%C6%B0%E1%BB%9Dng+ni%C3%AAn%22+2021+filetype%3Apdf,https://www.google.com/search?q=site%3Adoruco.com.vn+%22DPR%22+%22b%C3%A1o+c%C3%A1o+th%C6%B0%E1%BB%9Dng+ni%C3%AAn%22+2021+filetype%3Apdf
dpr,DPR,2021,sustainability,"""DPR"" ""báo cáo phát triển bền vững ESG"" 2021 filetype:pdf",https://www.google.com/search?q=%22DPR%22+%22b%C3%A1o+c%C3%A1o+ph%C3%A1t+tri%E1%BB%83n+b%E1%BB%81n+v%E1%BB%AFng+ESG%22+2021+filetype%3Apdf,https://www.google.com/search?q=site%3Adoruco.com.vn+%22DPR%22+%22b%C3%A1o+c%C3%A1o+ph%C3%A1t+tri%E1%BB%83n+b%E1%BB%81n+v%E1%BB%AFng+ESG%22+2021+filetype%3Apdf
dpr,DPR,2021,financial,"""DPR"" ""báo cáo tài chính năm kiểm toán hợp nhất"" 2021 filetype:pdf",https://www.google.com/search?q=%22DPR%22+%22b%C3%A1o+c%C3%A1o+t%C3%A0i+ch%C3%ADnh+n%C4%83m+ki%E1%BB%83m+to%C3%A1n+h%E1%BB%A3p+nh%E1%BA%A5t%22+2021+filetype%3Apdf,https://www.google.com/search?q=site%3Adoruco.com.vn+%22DPR%22+%22b%C3%A1o+c%C3%A1o+t%C3%A0i+ch%C3%ADnh+n%C4%83m+ki%E1%BB%83m+to%C3%A1n+h%E1%BB%A3p+nh%E1%BA%A5t%22+2021+filetype%3Apdf
dpr,DPR,2021,governance,"""DPR"" ""báo cáo tình hình quản trị công ty cả năm"" 2021 filetype:pdf",https://www.google.com/search?q=%22DPR%22+%22b%C3%A1o+c%C3%A1o+t%C3%ACnh+h%C3%ACnh+qu%E1%BA%A3n+tr%E1%BB%8B+c%C3%B4ng+ty+c%E1%BA%A3+n%C4%83m%22+2021+filetype%3Apdf,https://www.google.com/search?q=site%3Adoruco.com.vn+%22DPR%22+%22b%C3%A1o+c%C3%A1o+t%C3%ACnh+h%C3%ACnh+qu%E1%BA%A3n+tr%E1%BB%8B+c%C3%B4ng+ty+c%E1%BA%A3+n%C4%83m%22+2021+filetype%3Apdf
dpr,DPR,2021,environmental,"""DPR"" ""giấy phép môi trường quan trắc xử phạt môi trường"" 2021 filetype:pdf",https://www.google.com/search?q=%22DPR%22+%22gi%E1%BA%A5y+ph%C3%A9p+m%C3%B4i+tr%C6%B0%E1%BB%9Dng+quan+tr%E1%BA%AFc+x%E1%BB%AD+ph%E1%BA%A1t+m%C3%B4i+tr%C6%B0%E1%BB%9Dng%22+2021+filetype%3Apdf,https://www.google.com/search?q=site%3Adoruco.com.vn+%22DPR%22+%22gi%E1%BA%A5y+ph%C3%A9p+m%C3%B4i+tr%C6%B0%E1%BB%9Dng+quan+tr%E1%BA%AFc+x%E1%BB%AD+ph%E1%BA%A1t+m%C3%B4i+tr%C6%B0%E1%BB%9Dng%22+2021+filetype%3Apdf
dpr,DPR,2022,annual,"""DPR"" ""báo cáo thường niên"" 2022 filetype:pdf",https://www.google.com/search?q=%22DPR%22+%22b%C3%A1o+c%C3%A1o+th%C6%B0%E1%BB%9Dng+ni%C3%AAn%22+2022+filetype%3Apdf,https://www.google.com/search?q=site%3Adoruco.com.vn+%22DPR%22+%22b%C3%A1o+c%C3%A1o+th%C6%B0%E1%BB%9Dng+ni%C3%AAn%22+2022+filetype%3Apdf
dpr,DPR,2022,sustainability,"""DPR"" ""báo cáo phát triển bền vững ESG"" 2022 filetype:pdf",https://www.google.com/search?q=%22DPR%22+%22b%C3%A1o+c%C3%A1o+ph%C3%A1t+tri%E1%BB%83n+b%E1%BB%81n+v%E1%BB%AFng+ESG%22+2022+filetype%3Apdf,https://www.google.com/search?q=site%3Adoruco.com.vn+%22DPR%22+%22b%C3%A1o+c%C3%A1o+ph%C3%A1t+tri%E1%BB%83n+b%E1%BB%81n+v%E1%BB%AFng+ESG%22+2022+filetype%3Apdf
dpr,DPR,2022,financial,"""DPR"" ""báo cáo tài chính năm kiểm toán hợp nhất"" 2022 filetype:pdf",https://www.google.com/search?q=%22DPR%22+%22b%C3%A1o+c%C3%A1o+t%C3%A0i+ch%C3%ADnh+n%C4%83m+ki%E1%BB%83m+to%C3%A1n+h%E1%BB%A3p+nh%E1%BA%A5t%22+2022+filetype%3Apdf,https://www.google.com/search?q=site%3Adoruco.com.vn+%22DPR%22+%22b%C3%A1o+c%C3%A1o+t%C3%A0i+ch%C3%ADnh+n%C4%83m+ki%E1%BB%83m+to%C3%A1n+h%E1%BB%A3p+nh%E1%BA%A5t%22+2022+filetype%3Apdf
dpr,DPR,2022,governance,"""DPR"" ""báo cáo tình hình quản trị công ty cả năm"" 2022 filetype:pdf",https://www.google.com/search?q=%22DPR%22+%22b%C3%A1o+c%C3%A1o+t%C3%ACnh+h%C3%ACnh+qu%E1%BA%A3n+tr%E1%BB%8B+c%C3%B4ng+ty+c%E1%BA%A3+n%C4%83m%22+2022+filetype%3Apdf,https://www.google.com/search?q=site%3Adoruco.com.vn+%22DPR%22+%22b%C3%A1o+c%C3%A1o+t%C3%ACnh+h%C3%ACnh+qu%E1%BA%A3n+tr%E1%BB%8B+c%C3%B4ng+ty+c%E1%BA%A3+n%C4%83m%22+2022+filetype%3Apdf
dpr,DPR,2022,environmental,"""DPR"" ""giấy phép môi trường quan trắc xử phạt môi trường"" 2022 filetype:pdf",https://www.google.com/search?q=%22DPR%22+%22gi%E1%BA%A5y+ph%C3%A9p+m%C3%B4i+tr%C6%B0%E1%BB%9Dng+quan+tr%E1%BA%AFc+x%E1%BB%AD+ph%E1%BA%A1t+m%C3%B4i+tr%C6%B0%E1%BB%9Dng%22+2022+filetype%3Apdf,https://www.google.com/search?q=site%3Adoruco.com.vn+%22DPR%22+%22gi%E1%BA%A5y+ph%C3%A9p+m%C3%B4i+tr%C6%B0%E1%BB%9Dng+quan+tr%E1%BA%AFc+x%E1%BB%AD+ph%E1%BA%A1t+m%C3%B4i+tr%C6%B0%E1%BB%9Dng%22+2022+filetype%3Apdf
dpr,DPR,2023,annual,"""DPR"" ""báo cáo thường niên"" 2023 filetype:pdf",https://www.google.com/search?q=%22DPR%22+%22b%C3%A1o+c%C3%A1o+th%C6%B0%E1%BB%9Dng+ni%C3%AAn%22+2023+filetype%3Apdf,https://www.google.com/search?q=site%3Adoruco.com.vn+%22DPR%22+%22b%C3%A1o+c%C3%A1o+th%C6%B0%E1%BB%9Dng+ni%C3%AAn%22+2023+filetype%3Apdf
dpr,DPR,2023,sustainability,"""DPR"" ""báo cáo phát triển bền vững ESG"" 2023 filetype:pdf",https://www.google.com/search?q=%22DPR%22+%22b%C3%A1o+c%C3%A1o+ph%C3%A1t+tri%E1%BB%83n+b%E1%BB%81n+v%E1%BB%AFng+ESG%22+2023+filetype%3Apdf,https://www.google.com/search?q=site%3Adoruco.com.vn+%22DPR%22+%22b%C3%A1o+c%C3%A1o+ph%C3%A1t+tri%E1%BB%83n+b%E1%BB%81n+v%E1%BB%AFng+ESG%22+2023+filetype%3Apdf
dpr,DPR,2023,financial,"""DPR"" ""báo cáo tài chính năm kiểm toán hợp nhất"" 2023 filetype:pdf",https://www.google.com/search?q=%22DPR%22+%22b%C3%A1o+c%C3%A1o+t%C3%A0i+ch%C3%ADnh+n%C4%83m+ki%E1%BB%83m+to%C3%A1n+h%E1%BB%A3p+nh%E1%BA%A5t%22+2023+filetype%3Apdf,https://www.google.com/search?q=site%3Adoruco.com.vn+%22DPR%22+%22b%C3%A1o+c%C3%A1o+t%C3%A0i+ch%C3%ADnh+n%C4%83m+ki%E1%BB%83m+to%C3%A1n+h%E1%BB%A3p+nh%E1%BA%A5t%22+2023+filetype%3Apdf
dpr,DPR,2023,governance,"""DPR"" ""báo cáo tình hình quản trị công ty cả năm"" 2023 filetype:pdf",https://www.google.com/search?q=%22DPR%22+%22b%C3%A1o+c%C3%A1o+t%C3%ACnh+h%C3%ACnh+qu%E1%BA%A3n+tr%E1%BB%8B+c%C3%B4ng+ty+c%E1%BA%A3+n%C4%83m%22+2023+filetype%3Apdf,https://www.google.com/search?q=site%3Adoruco.com.vn+%22DPR%22+%22b%C3%A1o+c%C3%A1o+t%C3%ACnh+h%C3%ACnh+qu%E1%BA%A3n+tr%E1%BB%8B+c%C3%B4ng+ty+c%E1%BA%A3+n%C4%83m%22+2023+filetype%3Apdf
dpr,DPR,2023,environmental,"""DPR"" ""giấy phép môi trường quan trắc xử phạt môi trường"" 2023 filetype:pdf",https://www.google.com/search?q=%22DPR%22+%22gi%E1%BA%A5y+ph%C3%A9p+m%C3%B4i+tr%C6%B0%E1%BB%9Dng+quan+tr%E1%BA%AFc+x%E1%BB%AD+ph%E1%BA%A1t+m%C3%B4i+tr%C6%B0%E1%BB%9Dng%22+2023+filetype%3Apdf,https://www.google.com/search?q=site%3Adoruco.com.vn+%22DPR%22+%22gi%E1%BA%A5y+ph%C3%A9p+m%C3%B4i+tr%C6%B0%E1%BB%9Dng+quan+tr%E1%BA%AFc+x%E1%BB%AD+ph%E1%BA%A1t+m%C3%B4i+tr%C6%B0%E1%BB%9Dng%22+2023+filetype%3Apdf
dpr,DPR,2024,annual,"""DPR"" ""báo cáo thường niên"" 2024 filetype:pdf",https://www.google.com/search?q=%22DPR%22+%22b%C3%A1o+c%C3%A1o+th%C6%B0%E1%BB%9Dng+ni%C3%AAn%22+2024+filetype%3Apdf,https://www.google.com/search?q=site%3Adoruco.com.vn+%22DPR%22+%22b%C3%A1o+c%C3%A1o+th%C6%B0%E1%BB%9Dng+ni%C3%AAn%22+2024+filetype%3Apdf
dpr,DPR,2024,sustainability,"""DPR"" ""báo cáo phát triển bền vững ESG"" 2024 filetype:pdf",https://www.google.com/search?q=%22DPR%22+%22b%C3%A1o+c%C3%A1o+ph%C3%A1t+tri%E1%BB%83n+b%E1%BB%81n+v%E1%BB%AFng+ESG%22+2024+filetype%3Apdf,https://www.google.com/search?q=site%3Adoruco.com.vn+%22DPR%22+%22b%C3%A1o+c%C3%A1o+ph%C3%A1t+tri%E1%BB%83n+b%E1%BB%81n+v%E1%BB%AFng+ESG%22+2024+filetype%3Apdf
dpr,DPR,2024,financial,"""DPR"" ""báo cáo tài chính năm kiểm toán hợp nhất"" 2024 filetype:pdf",https://www.google.com/search?q=%22DPR%22+%22b%C3%A1o+c%C3%A1o+t%C3%A0i+ch%C3%ADnh+n%C4%83m+ki%E1%BB%83m+to%C3%A1n+h%E1%BB%A3p+nh%E1%BA%A5t%22+2024+filetype%3Apdf,https://www.google.com/search?q=site%3Adoruco.com.vn+%22DPR%22+%22b%C3%A1o+c%C3%A1o+t%C3%A0i+ch%C3%ADnh+n%C4%83m+ki%E1%BB%83m+to%C3%A1n+h%E1%BB%A3p+nh%E1%BA%A5t%22+2024+filetype%3Apdf
dpr,DPR,2024,governance,"""DPR"" ""báo cáo tình hình quản trị công ty cả năm"" 2024 filetype:pdf",https://www.google.com/search?q=%22DPR%22+%22b%C3%A1o+c%C3%A1o+t%C3%ACnh+h%C3%ACnh+qu%E1%BA%A3n+tr%E1%BB%8B+c%C3%B4ng+ty+c%E1%BA%A3+n%C4%83m%22+2024+filetype%3Apdf,https://www.google.com/search?q=site%3Adoruco.com.vn+%22DPR%22+%22b%C3%A1o+c%C3%A1o+t%C3%ACnh+h%C3%ACnh+qu%E1%BA%A3n+tr%E1%BB%8B+c%C3%B4ng+ty+c%E1%BA%A3+n%C4%83m%22+2024+filetype%3Apdf
dpr,DPR,2024,environmental,"""DPR"" ""giấy phép môi trường quan trắc xử phạt môi trường"" 2024 filetype:pdf",https://www.google.com/search?q=%22DPR%22+%22gi%E1%BA%A5y+ph%C3%A9p+m%C3%B4i+tr%C6%B0%E1%BB%9Dng+quan+tr%E1%BA%AFc+x%E1%BB%AD+ph%E1%BA%A1t+m%C3%B4i+tr%C6%B0%E1%BB%9Dng%22+2024+filetype%3Apdf,https://www.google.com/search?q=site%3Adoruco.com.vn+%22DPR%22+%22gi%E1%BA%A5y+ph%C3%A9p+m%C3%B4i+tr%C6%B0%E1%BB%9Dng+quan+tr%E1%BA%AFc+x%E1%BB%AD+ph%E1%BA%A1t+m%C3%B4i+tr%C6%B0%E1%BB%9Dng%22+2024+filetype%3Apdf
dpr,DPR,2025,annual,"""DPR"" ""báo cáo thường niên"" 2025 filetype:pdf",https://www.google.com/search?q=%22DPR%22+%22b%C3%A1o+c%C3%A1o+th%C6%B0%E1%BB%9Dng+ni%C3%AAn%22+2025+filetype%3Apdf,https://www.google.com/search?q=site%3Adoruco.com.vn+%22DPR%22+%22b%C3%A1o+c%C3%A1o+th%C6%B0%E1%BB%9Dng+ni%C3%AAn%22+2025+filetype%3Apdf
dpr,DPR,2025,sustainability,"""DPR"" ""báo cáo phát triển bền vững ESG"" 2025 filetype:pdf",https://www.google.com/search?q=%22DPR%22+%22b%C3%A1o+c%C3%A1o+ph%C3%A1t+tri%E1%BB%83n+b%E1%BB%81n+v%E1%BB%AFng+ESG%22+2025+filetype%3Apdf,https://www.google.com/search?q=site%3Adoruco.com.vn+%22DPR%22+%22b%C3%A1o+c%C3%A1o+ph%C3%A1t+tri%E1%BB%83n+b%E1%BB%81n+v%E1%BB%AFng+ESG%22+2025+filetype%3Apdf
dpr,DPR,2025,financial,"""DPR"" ""báo cáo tài chính năm kiểm toán hợp nhất"" 2025 filetype:pdf",https://www.google.com/search?q=%22DPR%22+%22b%C3%A1o+c%C3%A1o+t%C3%A0i+ch%C3%ADnh+n%C4%83m+ki%E1%BB%83m+to%C3%A1n+h%E1%BB%A3p+nh%E1%BA%A5t%22+2025+filetype%3Apdf,https://www.google.com/search?q=site%3Adoruco.com.vn+%22DPR%22+%22b%C3%A1o+c%C3%A1o+t%C3%A0i+ch%C3%ADnh+n%C4%83m+ki%E1%BB%83m+to%C3%A1n+h%E1%BB%A3p+nh%E1%BA%A5t%22+2025+filetype%3Apdf
dpr,DPR,2025,governance,"""DPR"" ""báo cáo tình hình quản trị công ty cả năm"" 2025 filetype:pdf",https://www.google.com/search?q=%22DPR%22+%22b%C3%A1o+c%C3%A1o+t%C3%ACnh+h%C3%ACnh+qu%E1%BA%A3n+tr%E1%BB%8B+c%C3%B4ng+ty+c%E1%BA%A3+n%C4%83m%22+2025+filetype%3Apdf,https://www.google.com/search?q=site%3Adoruco.com.vn+%22DPR%22+%22b%C3%A1o+c%C3%A1o+t%C3%ACnh+h%C3%ACnh+qu%E1%BA%A3n+tr%E1%BB%8B+c%C3%B4ng+ty+c%E1%BA%A3+n%C4%83m%22+2025+filetype%3Apdf
dpr,DPR,2025,environmental,"""DPR"" ""giấy phép môi trường quan trắc xử phạt môi trường"" 2025 filetype:pdf",https://www.google.com/search?q=%22DPR%22+%22gi%E1%BA%A5y+ph%C3%A9p+m%C3%B4i+tr%C6%B0%E1%BB%9Dng+quan+tr%E1%BA%AFc+x%E1%BB%AD+ph%E1%BA%A1t+m%C3%B4i+tr%C6%B0%E1%BB%9Dng%22+2025+filetype%3Apdf,https://www.google.com/search?q=site%3Adoruco.com.vn+%22DPR%22+%22gi%E1%BA%A5y+ph%C3%A9p+m%C3%B4i+tr%C6%B0%E1%BB%9Dng+quan+tr%E1%BA%AFc+x%E1%BB%AD+ph%E1%BA%A1t+m%C3%B4i+tr%C6%B0%E1%BB%9Dng%22+2025+filetype%3Apdf
fmc,FMC,2021,annual,"""FMC"" ""báo cáo thường niên"" 2021 filetype:pdf",https://www.google.com/search?q=%22FMC%22+%22b%C3%A1o+c%C3%A1o+th%C6%B0%E1%BB%9Dng+ni%C3%AAn%22+2021+filetype%3Apdf,https://www.google.com/search?q=site%3Afimexvn.com+%22FMC%22+%22b%C3%A1o+c%C3%A1o+th%C6%B0%E1%BB%9Dng+ni%C3%AAn%22+2021+filetype%3Apdf
fmc,FMC,2021,sustainability,"""FMC"" ""báo cáo phát triển bền vững ESG"" 2021 filetype:pdf",https://www.google.com/search?q=%22FMC%22+%22b%C3%A1o+c%C3%A1o+ph%C3%A1t+tri%E1%BB%83n+b%E1%BB%81n+v%E1%BB%AFng+ESG%22+2021+filetype%3Apdf,https://www.google.com/search?q=site%3Afimexvn.com+%22FMC%22+%22b%C3%A1o+c%C3%A1o+ph%C3%A1t+tri%E1%BB%83n+b%E1%BB%81n+v%E1%BB%AFng+ESG%22+2021+filetype%3Apdf
fmc,FMC,2021,financial,"""FMC"" ""báo cáo tài chính năm kiểm toán hợp nhất"" 2021 filetype:pdf",https://www.google.com/search?q=%22FMC%22+%22b%C3%A1o+c%C3%A1o+t%C3%A0i+ch%C3%ADnh+n%C4%83m+ki%E1%BB%83m+to%C3%A1n+h%E1%BB%A3p+nh%E1%BA%A5t%22+2021+filetype%3Apdf,https://www.google.com/search?q=site%3Afimexvn.com+%22FMC%22+%22b%C3%A1o+c%C3%A1o+t%C3%A0i+ch%C3%ADnh+n%C4%83m+ki%E1%BB%83m+to%C3%A1n+h%E1%BB%A3p+nh%E1%BA%A5t%22+2021+filetype%3Apdf
fmc,FMC,2021,governance,"""FMC"" ""báo cáo tình hình quản trị công ty cả năm"" 2021 filetype:pdf",https://www.google.com/search?q=%22FMC%22+%22b%C3%A1o+c%C3%A1o+t%C3%ACnh+h%C3%ACnh+qu%E1%BA%A3n+tr%E1%BB%8B+c%C3%B4ng+ty+c%E1%BA%A3+n%C4%83m%22+2021+filetype%3Apdf,https://www.google.com/search?q=site%3Afimexvn.com+%22FMC%22+%22b%C3%A1o+c%C3%A1o+t%C3%ACnh+h%C3%ACnh+qu%E1%BA%A3n+tr%E1%BB%8B+c%C3%B4ng+ty+c%E1%BA%A3+n%C4%83m%22+2021+filetype%3Apdf
fmc,FMC,2021,environmental,"""FMC"" ""giấy phép môi trường quan trắc xử phạt môi trường"" 2021 filetype:pdf",https://www.google.com/search?q=%22FMC%22+%22gi%E1%BA%A5y+ph%C3%A9p+m%C3%B4i+tr%C6%B0%E1%BB%9Dng+quan+tr%E1%BA%AFc+x%E1%BB%AD+ph%E1%BA%A1t+m%C3%B4i+tr%C6%B0%E1%BB%9Dng%22+2021+filetype%3Apdf,https://www.google.com/search?q=site%3Afimexvn.com+%22FMC%22+%22gi%E1%BA%A5y+ph%C3%A9p+m%C3%B4i+tr%C6%B0%E1%BB%9Dng+quan+tr%E1%BA%AFc+x%E1%BB%AD+ph%E1%BA%A1t+m%C3%B4i+tr%C6%B0%E1%BB%9Dng%22+2021+filetype%3Apdf
fmc,FMC,2022,annual,"""FMC"" ""báo cáo thường niên"" 2022 filetype:pdf",https://www.google.com/search?q=%22FMC%22+%22b%C3%A1o+c%C3%A1o+th%C6%B0%E1%BB%9Dng+ni%C3%AAn%22+2022+filetype%3Apdf,https://www.google.com/search?q=site%3Afimexvn.com+%22FMC%22+%22b%C3%A1o+c%C3%A1o+th%C6%B0%E1%BB%9Dng+ni%C3%AAn%22+2022+filetype%3Apdf
fmc,FMC,2022,sustainability,"""FMC"" ""báo cáo phát triển bền vững ESG"" 2022 filetype:pdf",https://www.google.com/search?q=%22FMC%22+%22b%C3%A1o+c%C3%A1o+ph%C3%A1t+tri%E1%BB%83n+b%E1%BB%81n+v%E1%BB%AFng+ESG%22+2022+filetype%3Apdf,https://www.google.com/search?q=site%3Afimexvn.com+%22FMC%22+%22b%C3%A1o+c%C3%A1o+ph%C3%A1t+tri%E1%BB%83n+b%E1%BB%81n+v%E1%BB%AFng+ESG%22+2022+filetype%3Apdf
fmc,FMC,2022,financial,"""FMC"" ""báo cáo tài chính năm kiểm toán hợp nhất"" 2022 filetype:pdf",https://www.google.com/search?q=%22FMC%22+%22b%C3%A1o+c%C3%A1o+t%C3%A0i+ch%C3%ADnh+n%C4%83m+ki%E1%BB%83m+to%C3%A1n+h%E1%BB%A3p+nh%E1%BA%A5t%22+2022+filetype%3Apdf,https://www.google.com/search?q=site%3Afimexvn.com+%22FMC%22+%22b%C3%A1o+c%C3%A1o+t%C3%A0i+ch%C3%ADnh+n%C4%83m+ki%E1%BB%83m+to%C3%A1n+h%E1%BB%A3p+nh%E1%BA%A5t%22+2022+filetype%3Apdf
fmc,FMC,2022,governance,"""FMC"" ""báo cáo tình hình quản trị công ty cả năm"" 2022 filetype:pdf",https://www.google.com/search?q=%22FMC%22+%22b%C3%A1o+c%C3%A1o+t%C3%ACnh+h%C3%ACnh+qu%E1%BA%A3n+tr%E1%BB%8B+c%C3%B4ng+ty+c%E1%BA%A3+n%C4%83m%22+2022+filetype%3Apdf,https://www.google.com/search?q=site%3Afimexvn.com+%22FMC%22+%22b%C3%A1o+c%C3%A1o+t%C3%ACnh+h%C3%ACnh+qu%E1%BA%A3n+tr%E1%BB%8B+c%C3%B4ng+ty+c%E1%BA%A3+n%C4%83m%22+2022+filetype%3Apdf
fmc,FMC,2022,environmental,"""FMC"" ""giấy phép môi trường quan trắc xử phạt môi trường"" 2022 filetype:pdf",https://www.google.com/search?q=%22FMC%22+%22gi%E1%BA%A5y+ph%C3%A9p+m%C3%B4i+tr%C6%B0%E1%BB%9Dng+quan+tr%E1%BA%AFc+x%E1%BB%AD+ph%E1%BA%A1t+m%C3%B4i+tr%C6%B0%E1%BB%9Dng%22+2022+filetype%3Apdf,https://www.google.com/search?q=site%3Afimexvn.com+%22FMC%22+%22gi%E1%BA%A5y+ph%C3%A9p+m%C3%B4i+tr%C6%B0%E1%BB%9Dng+quan+tr%E1%BA%AFc+x%E1%BB%AD+ph%E1%BA%A1t+m%C3%B4i+tr%C6%B0%E1%BB%9Dng%22+2022+filetype%3Apdf
fmc,FMC,2023,annual,"""FMC"" ""báo cáo thường niên"" 2023 filetype:pdf",https://www.google.com/search?q=%22FMC%22+%22b%C3%A1o+c%C3%A1o+th%C6%B0%E1%BB%9Dng+ni%C3%AAn%22+2023+filetype%3Apdf,https://www.google.com/search?q=site%3Afimexvn.com+%22FMC%22+%22b%C3%A1o+c%C3%A1o+th%C6%B0%E1%BB%9Dng+ni%C3%AAn%22+2023+filetype%3Apdf
fmc,FMC,2023,sustainability,"""FMC"" ""báo cáo phát triển bền vững ESG"" 2023 filetype:pdf",https://www.google.com/search?q=%22FMC%22+%22b%C3%A1o+c%C3%A1o+ph%C3%A1t+tri%E1%BB%83n+b%E1%BB%81n+v%E1%BB%AFng+ESG%22+2023+filetype%3Apdf,https://www.google.com/search?q=site%3Afimexvn.com+%22FMC%22+%22b%C3%A1o+c%C3%A1o+ph%C3%A1t+tri%E1%BB%83n+b%E1%BB%81n+v%E1%BB%AFng+ESG%22+2023+filetype%3Apdf
fmc,FMC,2023,financial,"""FMC"" ""báo cáo tài chính năm kiểm toán hợp nhất"" 2023 filetype:pdf",https://www.google.com/search?q=%22FMC%22+%22b%C3%A1o+c%C3%A1o+t%C3%A0i+ch%C3%ADnh+n%C4%83m+ki%E1%BB%83m+to%C3%A1n+h%E1%BB%A3p+nh%E1%BA%A5t%22+2023+filetype%3Apdf,https://www.google.com/search?q=site%3Afimexvn.com+%22FMC%22+%22b%C3%A1o+c%C3%A1o+t%C3%A0i+ch%C3%ADnh+n%C4%83m+ki%E1%BB%83m+to%C3%A1n+h%E1%BB%A3p+nh%E1%BA%A5t%22+2023+filetype%3Apdf
fmc,FMC,2023,governance,"""FMC"" ""báo cáo tình hình quản trị công ty cả năm"" 2023 filetype:pdf",https://www.google.com/search?q=%22FMC%22+%22b%C3%A1o+c%C3%A1o+t%C3%ACnh+h%C3%ACnh+qu%E1%BA%A3n+tr%E1%BB%8B+c%C3%B4ng+ty+c%E1%BA%A3+n%C4%83m%22+2023+filetype%3Apdf,https://www.google.com/search?q=site%3Afimexvn.com+%22FMC%22+%22b%C3%A1o+c%C3%A1o+t%C3%ACnh+h%C3%ACnh+qu%E1%BA%A3n+tr%E1%BB%8B+c%C3%B4ng+ty+c%E1%BA%A3+n%C4%83m%22+2023+filetype%3Apdf
fmc,FMC,2023,environmental,"""FMC"" ""giấy phép môi trường quan trắc xử phạt môi trường"" 2023 filetype:pdf",https://www.google.com/search?q=%22FMC%22+%22gi%E1%BA%A5y+ph%C3%A9p+m%C3%B4i+tr%C6%B0%E1%BB%9Dng+quan+tr%E1%BA%AFc+x%E1%BB%AD+ph%E1%BA%A1t+m%C3%B4i+tr%C6%B0%E1%BB%9Dng%22+2023+filetype%3Apdf,https://www.google.com/search?q=site%3Afimexvn.com+%22FMC%22+%22gi%E1%BA%A5y+ph%C3%A9p+m%C3%B4i+tr%C6%B0%E1%BB%9Dng+quan+tr%E1%BA%AFc+x%E1%BB%AD+ph%E1%BA%A1t+m%C3%B4i+tr%C6%B0%E1%BB%9Dng%22+2023+filetype%3Apdf
fmc,FMC,2024,annual,"""FMC"" ""báo cáo thường niên"" 2024 filetype:pdf",https://www.google.com/search?q=%22FMC%22+%22b%C3%A1o+c%C3%A1o+th%C6%B0%E1%BB%9Dng+ni%C3%AAn%22+2024+filetype%3Apdf,https://www.google.com/search?q=site%3Afimexvn.com+%22FMC%22+%22b%C3%A1o+c%C3%A1o+th%C6%B0%E1%BB%9Dng+ni%C3%AAn%22+2024+filetype%3Apdf
fmc,FMC,2024,sustainability,"""FMC"" ""báo cáo phát triển bền vững ESG"" 2024 filetype:pdf",https://www.google.com/search?q=%22FMC%22+%22b%C3%A1o+c%C3%A1o+ph%C3%A1t+tri%E1%BB%83n+b%E1%BB%81n+v%E1%BB%AFng+ESG%22+2024+filetype%3Apdf,https://www.google.com/search?q=site%3Afimexvn.com+%22FMC%22+%22b%C3%A1o+c%C3%A1o+ph%C3%A1t+tri%E1%BB%83n+b%E1%BB%81n+v%E1%BB%AFng+ESG%22+2024+filetype%3Apdf
fmc,FMC,2024,financial,"""FMC"" ""báo cáo tài chính năm kiểm toán hợp nhất"" 2024 filetype:pdf",https://www.google.com/search?q=%22FMC%22+%22b%C3%A1o+c%C3%A1o+t%C3%A0i+ch%C3%ADnh+n%C4%83m+ki%E1%BB%83m+to%C3%A1n+h%E1%BB%A3p+nh%E1%BA%A5t%22+2024+filetype%3Apdf,https://www.google.com/search?q=site%3Afimexvn.com+%22FMC%22+%22b%C3%A1o+c%C3%A1o+t%C3%A0i+ch%C3%ADnh+n%C4%83m+ki%E1%BB%83m+to%C3%A1n+h%E1%BB%A3p+nh%E1%BA%A5t%22+2024+filetype%3Apdf
fmc,FMC,2024,governance,"""FMC"" ""báo cáo tình hình quản trị công ty cả năm"" 2024 filetype:pdf",https://www.google.com/search?q=%22FMC%22+%22b%C3%A1o+c%C3%A1o+t%C3%ACnh+h%C3%ACnh+qu%E1%BA%A3n+tr%E1%BB%8B+c%C3%B4ng+ty+c%E1%BA%A3+n%C4%83m%22+2024+filetype%3Apdf,https://www.google.com/search?q=site%3Afimexvn.com+%22FMC%22+%22b%C3%A1o+c%C3%A1o+t%C3%ACnh+h%C3%ACnh+qu%E1%BA%A3n+tr%E1%BB%8B+c%C3%B4ng+ty+c%E1%BA%A3+n%C4%83m%22+2024+filetype%3Apdf
fmc,FMC,2024,environmental,"""FMC"" ""giấy phép môi trường quan trắc xử phạt môi trường"" 2024 filetype:pdf",https://www.google.com/search?q=%22FMC%22+%22gi%E1%BA%A5y+ph%C3%A9p+m%C3%B4i+tr%C6%B0%E1%BB%9Dng+quan+tr%E1%BA%AFc+x%E1%BB%AD+ph%E1%BA%A1t+m%C3%B4i+tr%C6%B0%E1%BB%9Dng%22+2024+filetype%3Apdf,https://www.google.com/search?q=site%3Afimexvn.com+%22FMC%22+%22gi%E1%BA%A5y+ph%C3%A9p+m%C3%B4i+tr%C6%B0%E1%BB%9Dng+quan+tr%E1%BA%AFc+x%E1%BB%AD+ph%E1%BA%A1t+m%C3%B4i+tr%C6%B0%E1%BB%9Dng%22+2024+filetype%3Apdf
fmc,FMC,2025,annual,"""FMC"" ""báo cáo thường niên"" 2025 filetype:pdf",https://www.google.com/search?q=%22FMC%22+%22b%C3%A1o+c%C3%A1o+th%C6%B0%E1%BB%9Dng+ni%C3%AAn%22+2025+filetype%3Apdf,https://www.google.com/search?q=site%3Afimexvn.com+%22FMC%22+%22b%C3%A1o+c%C3%A1o+th%C6%B0%E1%BB%9Dng+ni%C3%AAn%22+2025+filetype%3Apdf
fmc,FMC,2025,sustainability,"""FMC"" ""báo cáo phát triển bền vững ESG"" 2025 filetype:pdf",https://www.google.com/search?q=%22FMC%22+%22b%C3%A1o+c%C3%A1o+ph%C3%A1t+tri%E1%BB%83n+b%E1%BB%81n+v%E1%BB%AFng+ESG%22+2025+filetype%3Apdf,https://www.google.com/search?q=site%3Afimexvn.com+%22FMC%22+%22b%C3%A1o+c%C3%A1o+ph%C3%A1t+tri%E1%BB%83n+b%E1%BB%81n+v%E1%BB%AFng+ESG%22+2025+filetype%3Apdf
fmc,FMC,2025,financial,"""FMC"" ""báo cáo tài chính năm kiểm toán hợp nhất"" 2025 filetype:pdf",https://www.google.com/search?q=%22FMC%22+%22b%C3%A1o+c%C3%A1o+t%C3%A0i+ch%C3%ADnh+n%C4%83m+ki%E1%BB%83m+to%C3%A1n+h%E1%BB%A3p+nh%E1%BA%A5t%22+2025+filetype%3Apdf,https://www.google.com/search?q=site%3Afimexvn.com+%22FMC%22+%22b%C3%A1o+c%C3%A1o+t%C3%A0i+ch%C3%ADnh+n%C4%83m+ki%E1%BB%83m+to%C3%A1n+h%E1%BB%A3p+nh%E1%BA%A5t%22+2025+filetype%3Apdf
fmc,FMC,2025,governance,"""FMC"" ""báo cáo tình hình quản trị công ty cả năm"" 2025 filetype:pdf",https://www.google.com/search?q=%22FMC%22+%22b%C3%A1o+c%C3%A1o+t%C3%ACnh+h%C3%ACnh+qu%E1%BA%A3n+tr%E1%BB%8B+c%C3%B4ng+ty+c%E1%BA%A3+n%C4%83m%22+2025+filetype%3Apdf,https://www.google.com/search?q=site%3Afimexvn.com+%22FMC%22+%22b%C3%A1o+c%C3%A1o+t%C3%ACnh+h%C3%ACnh+qu%E1%BA%A3n+tr%E1%BB%8B+c%C3%B4ng+ty+c%E1%BA%A3+n%C4%83m%22+2025+filetype%3Apdf
fmc,FMC,2025,environmental,"""FMC"" ""giấy phép môi trường quan trắc xử phạt môi trường"" 2025 filetype:pdf",https://www.google.com/search?q=%22FMC%22+%22gi%E1%BA%A5y+ph%C3%A9p+m%C3%B4i+tr%C6%B0%E1%BB%9Dng+quan+tr%E1%BA%AFc+x%E1%BB%AD+ph%E1%BA%A1t+m%C3%B4i+tr%C6%B0%E1%BB%9Dng%22+2025+filetype%3Apdf,https://www.google.com/search?q=site%3Afimexvn.com+%22FMC%22+%22gi%E1%BA%A5y+ph%C3%A9p+m%C3%B4i+tr%C6%B0%E1%BB%9Dng+quan+tr%E1%BA%AFc+x%E1%BB%AD+ph%E1%BA%A1t+m%C3%B4i+tr%C6%B0%E1%BB%9Dng%22+2025+filetype%3Apdf
cng,CNG,2021,annual,"""CNG"" ""báo cáo thường niên"" 2021 filetype:pdf",https://www.google.com/search?q=%22CNG%22+%22b%C3%A1o+c%C3%A1o+th%C6%B0%E1%BB%9Dng+ni%C3%AAn%22+2021+filetype%3Apdf,https://www.google.com/search?q=site%3Acngvietnam.com+%22CNG%22+%22b%C3%A1o+c%C3%A1o+th%C6%B0%E1%BB%9Dng+ni%C3%AAn%22+2021+filetype%3Apdf
cng,CNG,2021,sustainability,"""CNG"" ""báo cáo phát triển bền vững ESG"" 2021 filetype:pdf",https://www.google.com/search?q=%22CNG%22+%22b%C3%A1o+c%C3%A1o+ph%C3%A1t+tri%E1%BB%83n+b%E1%BB%81n+v%E1%BB%AFng+ESG%22+2021+filetype%3Apdf,https://www.google.com/search?q=site%3Acngvietnam.com+%22CNG%22+%22b%C3%A1o+c%C3%A1o+ph%C3%A1t+tri%E1%BB%83n+b%E1%BB%81n+v%E1%BB%AFng+ESG%22+2021+filetype%3Apdf
cng,CNG,2021,financial,"""CNG"" ""báo cáo tài chính năm kiểm toán hợp nhất"" 2021 filetype:pdf",https://www.google.com/search?q=%22CNG%22+%22b%C3%A1o+c%C3%A1o+t%C3%A0i+ch%C3%ADnh+n%C4%83m+ki%E1%BB%83m+to%C3%A1n+h%E1%BB%A3p+nh%E1%BA%A5t%22+2021+filetype%3Apdf,https://www.google.com/search?q=site%3Acngvietnam.com+%22CNG%22+%22b%C3%A1o+c%C3%A1o+t%C3%A0i+ch%C3%ADnh+n%C4%83m+ki%E1%BB%83m+to%C3%A1n+h%E1%BB%A3p+nh%E1%BA%A5t%22+2021+filetype%3Apdf
cng,CNG,2021,governance,"""CNG"" ""báo cáo tình hình quản trị công ty cả năm"" 2021 filetype:pdf",https://www.google.com/search?q=%22CNG%22+%22b%C3%A1o+c%C3%A1o+t%C3%ACnh+h%C3%ACnh+qu%E1%BA%A3n+tr%E1%BB%8B+c%C3%B4ng+ty+c%E1%BA%A3+n%C4%83m%22+2021+filetype%3Apdf,https://www.google.com/search?q=site%3Acngvietnam.com+%22CNG%22+%22b%C3%A1o+c%C3%A1o+t%C3%ACnh+h%C3%ACnh+qu%E1%BA%A3n+tr%E1%BB%8B+c%C3%B4ng+ty+c%E1%BA%A3+n%C4%83m%22+2021+filetype%3Apdf
cng,CNG,2021,environmental,"""CNG"" ""giấy phép môi trường quan trắc xử phạt môi trường"" 2021 filetype:pdf",https://www.google.com/search?q=%22CNG%22+%22gi%E1%BA%A5y+ph%C3%A9p+m%C3%B4i+tr%C6%B0%E1%BB%9Dng+quan+tr%E1%BA%AFc+x%E1%BB%AD+ph%E1%BA%A1t+m%C3%B4i+tr%C6%B0%E1%BB%9Dng%22+2021+filetype%3Apdf,https://www.google.com/search?q=site%3Acngvietnam.com+%22CNG%22+%22gi%E1%BA%A5y+ph%C3%A9p+m%C3%B4i+tr%C6%B0%E1%BB%9Dng+quan+tr%E1%BA%AFc+x%E1%BB%AD+ph%E1%BA%A1t+m%C3%B4i+tr%C6%B0%E1%BB%9Dng%22+2021+filetype%3Apdf
cng,CNG,2022,annual,"""CNG"" ""báo cáo thường niên"" 2022 filetype:pdf",https://www.google.com/search?q=%22CNG%22+%22b%C3%A1o+c%C3%A1o+th%C6%B0%E1%BB%9Dng+ni%C3%AAn%22+2022+filetype%3Apdf,https://www.google.com/search?q=site%3Acngvietnam.com+%22CNG%22+%22b%C3%A1o+c%C3%A1o+th%C6%B0%E1%BB%9Dng+ni%C3%AAn%22+2022+filetype%3Apdf
cng,CNG,2022,sustainability,"""CNG"" ""báo cáo phát triển bền vững ESG"" 2022 filetype:pdf",https://www.google.com/search?q=%22CNG%22+%22b%C3%A1o+c%C3%A1o+ph%C3%A1t+tri%E1%BB%83n+b%E1%BB%81n+v%E1%BB%AFng+ESG%22+2022+filetype%3Apdf,https://www.google.com/search?q=site%3Acngvietnam.com+%22CNG%22+%22b%C3%A1o+c%C3%A1o+ph%C3%A1t+tri%E1%BB%83n+b%E1%BB%81n+v%E1%BB%AFng+ESG%22+2022+filetype%3Apdf
cng,CNG,2022,financial,"""CNG"" ""báo cáo tài chính năm kiểm toán hợp nhất"" 2022 filetype:pdf",https://www.google.com/search?q=%22CNG%22+%22b%C3%A1o+c%C3%A1o+t%C3%A0i+ch%C3%ADnh+n%C4%83m+ki%E1%BB%83m+to%C3%A1n+h%E1%BB%A3p+nh%E1%BA%A5t%22+2022+filetype%3Apdf,https://www.google.com/search?q=site%3Acngvietnam.com+%22CNG%22+%22b%C3%A1o+c%C3%A1o+t%C3%A0i+ch%C3%ADnh+n%C4%83m+ki%E1%BB%83m+to%C3%A1n+h%E1%BB%A3p+nh%E1%BA%A5t%22+2022+filetype%3Apdf
cng,CNG,2022,governance,"""CNG"" ""báo cáo tình hình quản trị công ty cả năm"" 2022 filetype:pdf",https://www.google.com/search?q=%22CNG%22+%22b%C3%A1o+c%C3%A1o+t%C3%ACnh+h%C3%ACnh+qu%E1%BA%A3n+tr%E1%BB%8B+c%C3%B4ng+ty+c%E1%BA%A3+n%C4%83m%22+2022+filetype%3Apdf,https://www.google.com/search?q=site%3Acngvietnam.com+%22CNG%22+%22b%C3%A1o+c%C3%A1o+t%C3%ACnh+h%C3%ACnh+qu%E1%BA%A3n+tr%E1%BB%8B+c%C3%B4ng+ty+c%E1%BA%A3+n%C4%83m%22+2022+filetype%3Apdf
cng,CNG,2022,environmental,"""CNG"" ""giấy phép môi trường quan trắc xử phạt môi trường"" 2022 filetype:pdf",https://www.google.com/search?q=%22CNG%22+%22gi%E1%BA%A5y+ph%C3%A9p+m%C3%B4i+tr%C6%B0%E1%BB%9Dng+quan+tr%E1%BA%AFc+x%E1%BB%AD+ph%E1%BA%A1t+m%C3%B4i+tr%C6%B0%E1%BB%9Dng%22+2022+filetype%3Apdf,https://www.google.com/search?q=site%3Acngvietnam.com+%22CNG%22+%22gi%E1%BA%A5y+ph%C3%A9p+m%C3%B4i+tr%C6%B0%E1%BB%9Dng+quan+tr%E1%BA%AFc+x%E1%BB%AD+ph%E1%BA%A1t+m%C3%B4i+tr%C6%B0%E1%BB%9Dng%22+2022+filetype%3Apdf
cng,CNG,2023,annual,"""CNG"" ""báo cáo thường niên"" 2023 filetype:pdf",https://www.google.com/search?q=%22CNG%22+%22b%C3%A1o+c%C3%A1o+th%C6%B0%E1%BB%9Dng+ni%C3%AAn%22+2023+filetype%3Apdf,https://www.google.com/search?q=site%3Acngvietnam.com+%22CNG%22+%22b%C3%A1o+c%C3%A1o+th%C6%B0%E1%BB%9Dng+ni%C3%AAn%22+2023+filetype%3Apdf
cng,CNG,2023,sustainability,"""CNG"" ""báo cáo phát triển bền vững ESG"" 2023 filetype:pdf",https://www.google.com/search?q=%22CNG%22+%22b%C3%A1o+c%C3%A1o+ph%C3%A1t+tri%E1%BB%83n+b%E1%BB%81n+v%E1%BB%AFng+ESG%22+2023+filetype%3Apdf,https://www.google.com/search?q=site%3Acngvietnam.com+%22CNG%22+%22b%C3%A1o+c%C3%A1o+ph%C3%A1t+tri%E1%BB%83n+b%E1%BB%81n+v%E1%BB%AFng+ESG%22+2023+filetype%3Apdf
cng,CNG,2023,financial,"""CNG"" ""báo cáo tài chính năm kiểm toán hợp nhất"" 2023 filetype:pdf",https://www.google.com/search?q=%22CNG%22+%22b%C3%A1o+c%C3%A1o+t%C3%A0i+ch%C3%ADnh+n%C4%83m+ki%E1%BB%83m+to%C3%A1n+h%E1%BB%A3p+nh%E1%BA%A5t%22+2023+filetype%3Apdf,https://www.google.com/search?q=site%3Acngvietnam.com+%22CNG%22+%22b%C3%A1o+c%C3%A1o+t%C3%A0i+ch%C3%ADnh+n%C4%83m+ki%E1%BB%83m+to%C3%A1n+h%E1%BB%A3p+nh%E1%BA%A5t%22+2023+filetype%3Apdf
cng,CNG,2023,governance,"""CNG"" ""báo cáo tình hình quản trị công ty cả năm"" 2023 filetype:pdf",https://www.google.com/search?q=%22CNG%22+%22b%C3%A1o+c%C3%A1o+t%C3%ACnh+h%C3%ACnh+qu%E1%BA%A3n+tr%E1%BB%8B+c%C3%B4ng+ty+c%E1%BA%A3+n%C4%83m%22+2023+filetype%3Apdf,https://www.google.com/search?q=site%3Acngvietnam.com+%22CNG%22+%22b%C3%A1o+c%C3%A1o+t%C3%ACnh+h%C3%ACnh+qu%E1%BA%A3n+tr%E1%BB%8B+c%C3%B4ng+ty+c%E1%BA%A3+n%C4%83m%22+2023+filetype%3Apdf
cng,CNG,2023,environmental,"""CNG"" ""giấy phép môi trường quan trắc xử phạt môi trường"" 2023 filetype:pdf",https://www.google.com/search?q=%22CNG%22+%22gi%E1%BA%A5y+ph%C3%A9p+m%C3%B4i+tr%C6%B0%E1%BB%9Dng+quan+tr%E1%BA%AFc+x%E1%BB%AD+ph%E1%BA%A1t+m%C3%B4i+tr%C6%B0%E1%BB%9Dng%22+2023+filetype%3Apdf,https://www.google.com/search?q=site%3Acngvietnam.com+%22CNG%22+%22gi%E1%BA%A5y+ph%C3%A9p+m%C3%B4i+tr%C6%B0%E1%BB%9Dng+quan+tr%E1%BA%AFc+x%E1%BB%AD+ph%E1%BA%A1t+m%C3%B4i+tr%C6%B0%E1%BB%9Dng%22+2023+filetype%3Apdf
cng,CNG,2024,annual,"""CNG"" ""báo cáo thường niên"" 2024 filetype:pdf",https://www.google.com/search?q=%22CNG%22+%22b%C3%A1o+c%C3%A1o+th%C6%B0%E1%BB%9Dng+ni%C3%AAn%22+2024+filetype%3Apdf,https://www.google.com/search?q=site%3Acngvietnam.com+%22CNG%22+%22b%C3%A1o+c%C3%A1o+th%C6%B0%E1%BB%9Dng+ni%C3%AAn%22+2024+filetype%3Apdf
cng,CNG,2024,sustainability,"""CNG"" ""báo cáo phát triển bền vững ESG"" 2024 filetype:pdf",https://www.google.com/search?q=%22CNG%22+%22b%C3%A1o+c%C3%A1o+ph%C3%A1t+tri%E1%BB%83n+b%E1%BB%81n+v%E1%BB%AFng+ESG%22+2024+filetype%3Apdf,https://www.google.com/search?q=site%3Acngvietnam.com+%22CNG%22+%22b%C3%A1o+c%C3%A1o+ph%C3%A1t+tri%E1%BB%83n+b%E1%BB%81n+v%E1%BB%AFng+ESG%22+2024+filetype%3Apdf
cng,CNG,2024,financial,"""CNG"" ""báo cáo tài chính năm kiểm toán hợp nhất"" 2024 filetype:pdf",https://www.google.com/search?q=%22CNG%22+%22b%C3%A1o+c%C3%A1o+t%C3%A0i+ch%C3%ADnh+n%C4%83m+ki%E1%BB%83m+to%C3%A1n+h%E1%BB%A3p+nh%E1%BA%A5t%22+2024+filetype%3Apdf,https://www.google.com/search?q=site%3Acngvietnam.com+%22CNG%22+%22b%C3%A1o+c%C3%A1o+t%C3%A0i+ch%C3%ADnh+n%C4%83m+ki%E1%BB%83m+to%C3%A1n+h%E1%BB%A3p+nh%E1%BA%A5t%22+2024+filetype%3Apdf
cng,CNG,2024,governance,"""CNG"" ""báo cáo tình hình quản trị công ty cả năm"" 2024 filetype:pdf",https://www.google.com/search?q=%22CNG%22+%22b%C3%A1o+c%C3%A1o+t%C3%ACnh+h%C3%ACnh+qu%E1%BA%A3n+tr%E1%BB%8B+c%C3%B4ng+ty+c%E1%BA%A3+n%C4%83m%22+2024+filetype%3Apdf,https://www.google.com/search?q=site%3Acngvietnam.com+%22CNG%22+%22b%C3%A1o+c%C3%A1o+t%C3%ACnh+h%C3%ACnh+qu%E1%BA%A3n+tr%E1%BB%8B+c%C3%B4ng+ty+c%E1%BA%A3+n%C4%83m%22+2024+filetype%3Apdf
cng,CNG,2024,environmental,"""CNG"" ""giấy phép môi trường quan trắc xử phạt môi trường"" 2024 filetype:pdf",https://www.google.com/search?q=%22CNG%22+%22gi%E1%BA%A5y+ph%C3%A9p+m%C3%B4i+tr%C6%B0%E1%BB%9Dng+quan+tr%E1%BA%AFc+x%E1%BB%AD+ph%E1%BA%A1t+m%C3%B4i+tr%C6%B0%E1%BB%9Dng%22+2024+filetype%3Apdf,https://www.google.com/search?q=site%3Acngvietnam.com+%22CNG%22+%22gi%E1%BA%A5y+ph%C3%A9p+m%C3%B4i+tr%C6%B0%E1%BB%9Dng+quan+tr%E1%BA%AFc+x%E1%BB%AD+ph%E1%BA%A1t+m%C3%B4i+tr%C6%B0%E1%BB%9Dng%22+2024+filetype%3Apdf
cng,CNG,2025,annual,"""CNG"" ""báo cáo thường niên"" 2025 filetype:pdf",https://www.google.com/search?q=%22CNG%22+%22b%C3%A1o+c%C3%A1o+th%C6%B0%E1%BB%9Dng+ni%C3%AAn%22+2025+filetype%3Apdf,https://www.google.com/search?q=site%3Acngvietnam.com+%22CNG%22+%22b%C3%A1o+c%C3%A1o+th%C6%B0%E1%BB%9Dng+ni%C3%AAn%22+2025+filetype%3Apdf
cng,CNG,2025,sustainability,"""CNG"" ""báo cáo phát triển bền vững ESG"" 2025 filetype:pdf",https://www.google.com/search?q=%22CNG%22+%22b%C3%A1o+c%C3%A1o+ph%C3%A1t+tri%E1%BB%83n+b%E1%BB%81n+v%E1%BB%AFng+ESG%22+2025+filetype%3Apdf,https://www.google.com/search?q=site%3Acngvietnam.com+%22CNG%22+%22b%C3%A1o+c%C3%A1o+ph%C3%A1t+tri%E1%BB%83n+b%E1%BB%81n+v%E1%BB%AFng+ESG%22+2025+filetype%3Apdf
cng,CNG,2025,financial,"""CNG"" ""báo cáo tài chính năm kiểm toán hợp nhất"" 2025 filetype:pdf",https://www.google.com/search?q=%22CNG%22+%22b%C3%A1o+c%C3%A1o+t%C3%A0i+ch%C3%ADnh+n%C4%83m+ki%E1%BB%83m+to%C3%A1n+h%E1%BB%A3p+nh%E1%BA%A5t%22+2025+filetype%3Apdf,https://www.google.com/search?q=site%3Acngvietnam.com+%22CNG%22+%22b%C3%A1o+c%C3%A1o+t%C3%A0i+ch%C3%ADnh+n%C4%83m+ki%E1%BB%83m+to%C3%A1n+h%E1%BB%A3p+nh%E1%BA%A5t%22+2025+filetype%3Apdf
cng,CNG,2025,governance,"""CNG"" ""báo cáo tình hình quản trị công ty cả năm"" 2025 filetype:pdf",https://www.google.com/search?q=%22CNG%22+%22b%C3%A1o+c%C3%A1o+t%C3%ACnh+h%C3%ACnh+qu%E1%BA%A3n+tr%E1%BB%8B+c%C3%B4ng+ty+c%E1%BA%A3+n%C4%83m%22+2025+filetype%3Apdf,https://www.google.com/search?q=site%3Acngvietnam.com+%22CNG%22+%22b%C3%A1o+c%C3%A1o+t%C3%ACnh+h%C3%ACnh+qu%E1%BA%A3n+tr%E1%BB%8B+c%C3%B4ng+ty+c%E1%BA%A3+n%C4%83m%22+2025+filetype%3Apdf
cng,CNG,2025,environmental,"""CNG"" ""giấy phép môi trường quan trắc xử phạt môi trường"" 2025 filetype:pdf",https://www.google.com/search?q=%22CNG%22+%22gi%E1%BA%A5y+ph%C3%A9p+m%C3%B4i+tr%C6%B0%E1%BB%9Dng+quan+tr%E1%BA%AFc+x%E1%BB%AD+ph%E1%BA%A1t+m%C3%B4i+tr%C6%B0%E1%BB%9Dng%22+2025+filetype%3Apdf,https://www.google.com/search?q=site%3Acngvietnam.com+%22CNG%22+%22gi%E1%BA%A5y+ph%C3%A9p+m%C3%B4i+tr%C6%B0%E1%BB%9Dng+quan+tr%E1%BA%AFc+x%E1%BB%AD+ph%E1%BA%A1t+m%C3%B4i+tr%C6%B0%E1%BB%9Dng%22+2025+filetype%3Apdf
chp,CHP,2021,annual,"""CHP"" ""báo cáo thường niên"" 2021 filetype:pdf",https://www.google.com/search?q=%22CHP%22+%22b%C3%A1o+c%C3%A1o+th%C6%B0%E1%BB%9Dng+ni%C3%AAn%22+2021+filetype%3Apdf,https://www.google.com/search?q=site%3Achp.vn+%22CHP%22+%22b%C3%A1o+c%C3%A1o+th%C6%B0%E1%BB%9Dng+ni%C3%AAn%22+2021+filetype%3Apdf
chp,CHP,2021,sustainability,"""CHP"" ""báo cáo phát triển bền vững ESG"" 2021 filetype:pdf",https://www.google.com/search?q=%22CHP%22+%22b%C3%A1o+c%C3%A1o+ph%C3%A1t+tri%E1%BB%83n+b%E1%BB%81n+v%E1%BB%AFng+ESG%22+2021+filetype%3Apdf,https://www.google.com/search?q=site%3Achp.vn+%22CHP%22+%22b%C3%A1o+c%C3%A1o+ph%C3%A1t+tri%E1%BB%83n+b%E1%BB%81n+v%E1%BB%AFng+ESG%22+2021+filetype%3Apdf
chp,CHP,2021,financial,"""CHP"" ""báo cáo tài chính năm kiểm toán hợp nhất"" 2021 filetype:pdf",https://www.google.com/search?q=%22CHP%22+%22b%C3%A1o+c%C3%A1o+t%C3%A0i+ch%C3%ADnh+n%C4%83m+ki%E1%BB%83m+to%C3%A1n+h%E1%BB%A3p+nh%E1%BA%A5t%22+2021+filetype%3Apdf,https://www.google.com/search?q=site%3Achp.vn+%22CHP%22+%22b%C3%A1o+c%C3%A1o+t%C3%A0i+ch%C3%ADnh+n%C4%83m+ki%E1%BB%83m+to%C3%A1n+h%E1%BB%A3p+nh%E1%BA%A5t%22+2021+filetype%3Apdf
chp,CHP,2021,governance,"""CHP"" ""báo cáo tình hình quản trị công ty cả năm"" 2021 filetype:pdf",https://www.google.com/search?q=%22CHP%22+%22b%C3%A1o+c%C3%A1o+t%C3%ACnh+h%C3%ACnh+qu%E1%BA%A3n+tr%E1%BB%8B+c%C3%B4ng+ty+c%E1%BA%A3+n%C4%83m%22+2021+filetype%3Apdf,https://www.google.com/search?q=site%3Achp.vn+%22CHP%22+%22b%C3%A1o+c%C3%A1o+t%C3%ACnh+h%C3%ACnh+qu%E1%BA%A3n+tr%E1%BB%8B+c%C3%B4ng+ty+c%E1%BA%A3+n%C4%83m%22+2021+filetype%3Apdf
chp,CHP,2021,environmental,"""CHP"" ""giấy phép môi trường quan trắc xử phạt môi trường"" 2021 filetype:pdf",https://www.google.com/search?q=%22CHP%22+%22gi%E1%BA%A5y+ph%C3%A9p+m%C3%B4i+tr%C6%B0%E1%BB%9Dng+quan+tr%E1%BA%AFc+x%E1%BB%AD+ph%E1%BA%A1t+m%C3%B4i+tr%C6%B0%E1%BB%9Dng%22+2021+filetype%3Apdf,https://www.google.com/search?q=site%3Achp.vn+%22CHP%22+%22gi%E1%BA%A5y+ph%C3%A9p+m%C3%B4i+tr%C6%B0%E1%BB%9Dng+quan+tr%E1%BA%AFc+x%E1%BB%AD+ph%E1%BA%A1t+m%C3%B4i+tr%C6%B0%E1%BB%9Dng%22+2021+filetype%3Apdf
chp,CHP,2022,annual,"""CHP"" ""báo cáo thường niên"" 2022 filetype:pdf",https://www.google.com/search?q=%22CHP%22+%22b%C3%A1o+c%C3%A1o+th%C6%B0%E1%BB%9Dng+ni%C3%AAn%22+2022+filetype%3Apdf,https://www.google.com/search?q=site%3Achp.vn+%22CHP%22+%22b%C3%A1o+c%C3%A1o+th%C6%B0%E1%BB%9Dng+ni%C3%AAn%22+2022+filetype%3Apdf
chp,CHP,2022,sustainability,"""CHP"" ""báo cáo phát triển bền vững ESG"" 2022 filetype:pdf",https://www.google.com/search?q=%22CHP%22+%22b%C3%A1o+c%C3%A1o+ph%C3%A1t+tri%E1%BB%83n+b%E1%BB%81n+v%E1%BB%AFng+ESG%22+2022+filetype%3Apdf,https://www.google.com/search?q=site%3Achp.vn+%22CHP%22+%22b%C3%A1o+c%C3%A1o+ph%C3%A1t+tri%E1%BB%83n+b%E1%BB%81n+v%E1%BB%AFng+ESG%22+2022+filetype%3Apdf
chp,CHP,2022,financial,"""CHP"" ""báo cáo tài chính năm kiểm toán hợp nhất"" 2022 filetype:pdf",https://www.google.com/search?q=%22CHP%22+%22b%C3%A1o+c%C3%A1o+t%C3%A0i+ch%C3%ADnh+n%C4%83m+ki%E1%BB%83m+to%C3%A1n+h%E1%BB%A3p+nh%E1%BA%A5t%22+2022+filetype%3Apdf,https://www.google.com/search?q=site%3Achp.vn+%22CHP%22+%22b%C3%A1o+c%C3%A1o+t%C3%A0i+ch%C3%ADnh+n%C4%83m+ki%E1%BB%83m+to%C3%A1n+h%E1%BB%A3p+nh%E1%BA%A5t%22+2022+filetype%3Apdf
chp,CHP,2022,governance,"""CHP"" ""báo cáo tình hình quản trị công ty cả năm"" 2022 filetype:pdf",https://www.google.com/search?q=%22CHP%22+%22b%C3%A1o+c%C3%A1o+t%C3%ACnh+h%C3%ACnh+qu%E1%BA%A3n+tr%E1%BB%8B+c%C3%B4ng+ty+c%E1%BA%A3+n%C4%83m%22+2022+filetype%3Apdf,https://www.google.com/search?q=site%3Achp.vn+%22CHP%22+%22b%C3%A1o+c%C3%A1o+t%C3%ACnh+h%C3%ACnh+qu%E1%BA%A3n+tr%E1%BB%8B+c%C3%B4ng+ty+c%E1%BA%A3+n%C4%83m%22+2022+filetype%3Apdf
chp,CHP,2022,environmental,"""CHP"" ""giấy phép môi trường quan trắc xử phạt môi trường"" 2022 filetype:pdf",https://www.google.com/search?q=%22CHP%22+%22gi%E1%BA%A5y+ph%C3%A9p+m%C3%B4i+tr%C6%B0%E1%BB%9Dng+quan+tr%E1%BA%AFc+x%E1%BB%AD+ph%E1%BA%A1t+m%C3%B4i+tr%C6%B0%E1%BB%9Dng%22+2022+filetype%3Apdf,https://www.google.com/search?q=site%3Achp.vn+%22CHP%22+%22gi%E1%BA%A5y+ph%C3%A9p+m%C3%B4i+tr%C6%B0%E1%BB%9Dng+quan+tr%E1%BA%AFc+x%E1%BB%AD+ph%E1%BA%A1t+m%C3%B4i+tr%C6%B0%E1%BB%9Dng%22+2022+filetype%3Apdf
chp,CHP,2023,annual,"""CHP"" ""báo cáo thường niên"" 2023 filetype:pdf",https://www.google.com/search?q=%22CHP%22+%22b%C3%A1o+c%C3%A1o+th%C6%B0%E1%BB%9Dng+ni%C3%AAn%22+2023+filetype%3Apdf,https://www.google.com/search?q=site%3Achp.vn+%22CHP%22+%22b%C3%A1o+c%C3%A1o+th%C6%B0%E1%BB%9Dng+ni%C3%AAn%22+2023+filetype%3Apdf
chp,CHP,2023,sustainability,"""CHP"" ""báo cáo phát triển bền vững ESG"" 2023 filetype:pdf",https://www.google.com/search?q=%22CHP%22+%22b%C3%A1o+c%C3%A1o+ph%C3%A1t+tri%E1%BB%83n+b%E1%BB%81n+v%E1%BB%AFng+ESG%22+2023+filetype%3Apdf,https://www.google.com/search?q=site%3Achp.vn+%22CHP%22+%22b%C3%A1o+c%C3%A1o+ph%C3%A1t+tri%E1%BB%83n+b%E1%BB%81n+v%E1%BB%AFng+ESG%22+2023+filetype%3Apdf
chp,CHP,2023,financial,"""CHP"" ""báo cáo tài chính năm kiểm toán hợp nhất"" 2023 filetype:pdf",https://www.google.com/search?q=%22CHP%22+%22b%C3%A1o+c%C3%A1o+t%C3%A0i+ch%C3%ADnh+n%C4%83m+ki%E1%BB%83m+to%C3%A1n+h%E1%BB%A3p+nh%E1%BA%A5t%22+2023+filetype%3Apdf,https://www.google.com/search?q=site%3Achp.vn+%22CHP%22+%22b%C3%A1o+c%C3%A1o+t%C3%A0i+ch%C3%ADnh+n%C4%83m+ki%E1%BB%83m+to%C3%A1n+h%E1%BB%A3p+nh%E1%BA%A5t%22+2023+filetype%3Apdf
chp,CHP,2023,governance,"""CHP"" ""báo cáo tình hình quản trị công ty cả năm"" 2023 filetype:pdf",https://www.google.com/search?q=%22CHP%22+%22b%C3%A1o+c%C3%A1o+t%C3%ACnh+h%C3%ACnh+qu%E1%BA%A3n+tr%E1%BB%8B+c%C3%B4ng+ty+c%E1%BA%A3+n%C4%83m%22+2023+filetype%3Apdf,https://www.google.com/search?q=site%3Achp.vn+%22CHP%22+%22b%C3%A1o+c%C3%A1o+t%C3%ACnh+h%C3%ACnh+qu%E1%BA%A3n+tr%E1%BB%8B+c%C3%B4ng+ty+c%E1%BA%A3+n%C4%83m%22+2023+filetype%3Apdf
chp,CHP,2023,environmental,"""CHP"" ""giấy phép môi trường quan trắc xử phạt môi trường"" 2023 filetype:pdf",https://www.google.com/search?q=%22CHP%22+%22gi%E1%BA%A5y+ph%C3%A9p+m%C3%B4i+tr%C6%B0%E1%BB%9Dng+quan+tr%E1%BA%AFc+x%E1%BB%AD+ph%E1%BA%A1t+m%C3%B4i+tr%C6%B0%E1%BB%9Dng%22+2023+filetype%3Apdf,https://www.google.com/search?q=site%3Achp.vn+%22CHP%22+%22gi%E1%BA%A5y+ph%C3%A9p+m%C3%B4i+tr%C6%B0%E1%BB%9Dng+quan+tr%E1%BA%AFc+x%E1%BB%AD+ph%E1%BA%A1t+m%C3%B4i+tr%C6%B0%E1%BB%9Dng%22+2023+filetype%3Apdf
chp,CHP,2024,annual,"""CHP"" ""báo cáo thường niên"" 2024 filetype:pdf",https://www.google.com/search?q=%22CHP%22+%22b%C3%A1o+c%C3%A1o+th%C6%B0%E1%BB%9Dng+ni%C3%AAn%22+2024+filetype%3Apdf,https://www.google.com/search?q=site%3Achp.vn+%22CHP%22+%22b%C3%A1o+c%C3%A1o+th%C6%B0%E1%BB%9Dng+ni%C3%AAn%22+2024+filetype%3Apdf
chp,CHP,2024,sustainability,"""CHP"" ""báo cáo phát triển bền vững ESG"" 2024 filetype:pdf",https://www.google.com/search?q=%22CHP%22+%22b%C3%A1o+c%C3%A1o+ph%C3%A1t+tri%E1%BB%83n+b%E1%BB%81n+v%E1%BB%AFng+ESG%22+2024+filetype%3Apdf,https://www.google.com/search?q=site%3Achp.vn+%22CHP%22+%22b%C3%A1o+c%C3%A1o+ph%C3%A1t+tri%E1%BB%83n+b%E1%BB%81n+v%E1%BB%AFng+ESG%22+2024+filetype%3Apdf
chp,CHP,2024,financial,"""CHP"" ""báo cáo tài chính năm kiểm toán hợp nhất"" 2024 filetype:pdf",https://www.google.com/search?q=%22CHP%22+%22b%C3%A1o+c%C3%A1o+t%C3%A0i+ch%C3%ADnh+n%C4%83m+ki%E1%BB%83m+to%C3%A1n+h%E1%BB%A3p+nh%E1%BA%A5t%22+2024+filetype%3Apdf,https://www.google.com/search?q=site%3Achp.vn+%22CHP%22+%22b%C3%A1o+c%C3%A1o+t%C3%A0i+ch%C3%ADnh+n%C4%83m+ki%E1%BB%83m+to%C3%A1n+h%E1%BB%A3p+nh%E1%BA%A5t%22+2024+filetype%3Apdf
chp,CHP,2024,governance,"""CHP"" ""báo cáo tình hình quản trị công ty cả năm"" 2024 filetype:pdf",https://www.google.com/search?q=%22CHP%22+%22b%C3%A1o+c%C3%A1o+t%C3%ACnh+h%C3%ACnh+qu%E1%BA%A3n+tr%E1%BB%8B+c%C3%B4ng+ty+c%E1%BA%A3+n%C4%83m%22+2024+filetype%3Apdf,https://www.google.com/search?q=site%3Achp.vn+%22CHP%22+%22b%C3%A1o+c%C3%A1o+t%C3%ACnh+h%C3%ACnh+qu%E1%BA%A3n+tr%E1%BB%8B+c%C3%B4ng+ty+c%E1%BA%A3+n%C4%83m%22+2024+filetype%3Apdf
chp,CHP,2024,environmental,"""CHP"" ""giấy phép môi trường quan trắc xử phạt môi trường"" 2024 filetype:pdf",https://www.google.com/search?q=%22CHP%22+%22gi%E1%BA%A5y+ph%C3%A9p+m%C3%B4i+tr%C6%B0%E1%BB%9Dng+quan+tr%E1%BA%AFc+x%E1%BB%AD+ph%E1%BA%A1t+m%C3%B4i+tr%C6%B0%E1%BB%9Dng%22+2024+filetype%3Apdf,https://www.google.com/search?q=site%3Achp.vn+%22CHP%22+%22gi%E1%BA%A5y+ph%C3%A9p+m%C3%B4i+tr%C6%B0%E1%BB%9Dng+quan+tr%E1%BA%AFc+x%E1%BB%AD+ph%E1%BA%A1t+m%C3%B4i+tr%C6%B0%E1%BB%9Dng%22+2024+filetype%3Apdf
chp,CHP,2025,annual,"""CHP"" ""báo cáo thường niên"" 2025 filetype:pdf",https://www.google.com/search?q=%22CHP%22+%22b%C3%A1o+c%C3%A1o+th%C6%B0%E1%BB%9Dng+ni%C3%AAn%22+2025+filetype%3Apdf,https://www.google.com/search?q=site%3Achp.vn+%22CHP%22+%22b%C3%A1o+c%C3%A1o+th%C6%B0%E1%BB%9Dng+ni%C3%AAn%22+2025+filetype%3Apdf
chp,CHP,2025,sustainability,"""CHP"" ""báo cáo phát triển bền vững ESG"" 2025 filetype:pdf",https://www.google.com/search?q=%22CHP%22+%22b%C3%A1o+c%C3%A1o+ph%C3%A1t+tri%E1%BB%83n+b%E1%BB%81n+v%E1%BB%AFng+ESG%22+2025+filetype%3Apdf,https://www.google.com/search?q=site%3Achp.vn+%22CHP%22+%22b%C3%A1o+c%C3%A1o+ph%C3%A1t+tri%E1%BB%83n+b%E1%BB%81n+v%E1%BB%AFng+ESG%22+2025+filetype%3Apdf
chp,CHP,2025,financial,"""CHP"" ""báo cáo tài chính năm kiểm toán hợp nhất"" 2025 filetype:pdf",https://www.google.com/search?q=%22CHP%22+%22b%C3%A1o+c%C3%A1o+t%C3%A0i+ch%C3%ADnh+n%C4%83m+ki%E1%BB%83m+to%C3%A1n+h%E1%BB%A3p+nh%E1%BA%A5t%22+2025+filetype%3Apdf,https://www.google.com/search?q=site%3Achp.vn+%22CHP%22+%22b%C3%A1o+c%C3%A1o+t%C3%A0i+ch%C3%ADnh+n%C4%83m+ki%E1%BB%83m+to%C3%A1n+h%E1%BB%A3p+nh%E1%BA%A5t%22+2025+filetype%3Apdf
chp,CHP,2025,governance,"""CHP"" ""báo cáo tình hình quản trị công ty cả năm"" 2025 filetype:pdf",https://www.google.com/search?q=%22CHP%22+%22b%C3%A1o+c%C3%A1o+t%C3%ACnh+h%C3%ACnh+qu%E1%BA%A3n+tr%E1%BB%8B+c%C3%B4ng+ty+c%E1%BA%A3+n%C4%83m%22+2025+filetype%3Apdf,https://www.google.com/search?q=site%3Achp.vn+%22CHP%22+%22b%C3%A1o+c%C3%A1o+t%C3%ACnh+h%C3%ACnh+qu%E1%BA%A3n+tr%E1%BB%8B+c%C3%B4ng+ty+c%E1%BA%A3+n%C4%83m%22+2025+filetype%3Apdf
chp,CHP,2025,environmental,"""CHP"" ""giấy phép môi trường quan trắc xử phạt môi trường"" 2025 filetype:pdf",https://www.google.com/search?q=%22CHP%22+%22gi%E1%BA%A5y+ph%C3%A9p+m%C3%B4i+tr%C6%B0%E1%BB%9Dng+quan+tr%E1%BA%AFc+x%E1%BB%AD+ph%E1%BA%A1t+m%C3%B4i+tr%C6%B0%E1%BB%9Dng%22+2025+filetype%3Apdf,https://www.google.com/search?q=site%3Achp.vn+%22CHP%22+%22gi%E1%BA%A5y+ph%C3%A9p+m%C3%B4i+tr%C6%B0%E1%BB%9Dng+quan+tr%E1%BA%AFc+x%E1%BB%AD+ph%E1%BA%A1t+m%C3%B4i+tr%C6%B0%E1%BB%9Dng%22+2025+filetype%3Apdf
ocb,OCB,2021,annual,"""OCB"" ""báo cáo thường niên"" 2021 filetype:pdf",https://www.google.com/search?q=%22OCB%22+%22b%C3%A1o+c%C3%A1o+th%C6%B0%E1%BB%9Dng+ni%C3%AAn%22+2021+filetype%3Apdf,https://www.google.com/search?q=site%3Aocb.com.vn+%22OCB%22+%22b%C3%A1o+c%C3%A1o+th%C6%B0%E1%BB%9Dng+ni%C3%AAn%22+2021+filetype%3Apdf
ocb,OCB,2021,sustainability,"""OCB"" ""báo cáo phát triển bền vững ESG"" 2021 filetype:pdf",https://www.google.com/search?q=%22OCB%22+%22b%C3%A1o+c%C3%A1o+ph%C3%A1t+tri%E1%BB%83n+b%E1%BB%81n+v%E1%BB%AFng+ESG%22+2021+filetype%3Apdf,https://www.google.com/search?q=site%3Aocb.com.vn+%22OCB%22+%22b%C3%A1o+c%C3%A1o+ph%C3%A1t+tri%E1%BB%83n+b%E1%BB%81n+v%E1%BB%AFng+ESG%22+2021+filetype%3Apdf
ocb,OCB,2021,financial,"""OCB"" ""báo cáo tài chính năm kiểm toán hợp nhất"" 2021 filetype:pdf",https://www.google.com/search?q=%22OCB%22+%22b%C3%A1o+c%C3%A1o+t%C3%A0i+ch%C3%ADnh+n%C4%83m+ki%E1%BB%83m+to%C3%A1n+h%E1%BB%A3p+nh%E1%BA%A5t%22+2021+filetype%3Apdf,https://www.google.com/search?q=site%3Aocb.com.vn+%22OCB%22+%22b%C3%A1o+c%C3%A1o+t%C3%A0i+ch%C3%ADnh+n%C4%83m+ki%E1%BB%83m+to%C3%A1n+h%E1%BB%A3p+nh%E1%BA%A5t%22+2021+filetype%3Apdf
ocb,OCB,2021,governance,"""OCB"" ""báo cáo tình hình quản trị công ty cả năm"" 2021 filetype:pdf",https://www.google.com/search?q=%22OCB%22+%22b%C3%A1o+c%C3%A1o+t%C3%ACnh+h%C3%ACnh+qu%E1%BA%A3n+tr%E1%BB%8B+c%C3%B4ng+ty+c%E1%BA%A3+n%C4%83m%22+2021+filetype%3Apdf,https://www.google.com/search?q=site%3Aocb.com.vn+%22OCB%22+%22b%C3%A1o+c%C3%A1o+t%C3%ACnh+h%C3%ACnh+qu%E1%BA%A3n+tr%E1%BB%8B+c%C3%B4ng+ty+c%E1%BA%A3+n%C4%83m%22+2021+filetype%3Apdf
ocb,OCB,2021,environmental,"""OCB"" ""giấy phép môi trường quan trắc xử phạt môi trường"" 2021 filetype:pdf",https://www.google.com/search?q=%22OCB%22+%22gi%E1%BA%A5y+ph%C3%A9p+m%C3%B4i+tr%C6%B0%E1%BB%9Dng+quan+tr%E1%BA%AFc+x%E1%BB%AD+ph%E1%BA%A1t+m%C3%B4i+tr%C6%B0%E1%BB%9Dng%22+2021+filetype%3Apdf,https://www.google.com/search?q=site%3Aocb.com.vn+%22OCB%22+%22gi%E1%BA%A5y+ph%C3%A9p+m%C3%B4i+tr%C6%B0%E1%BB%9Dng+quan+tr%E1%BA%AFc+x%E1%BB%AD+ph%E1%BA%A1t+m%C3%B4i+tr%C6%B0%E1%BB%9Dng%22+2021+filetype%3Apdf
ocb,OCB,2022,annual,"""OCB"" ""báo cáo thường niên"" 2022 filetype:pdf",https://www.google.com/search?q=%22OCB%22+%22b%C3%A1o+c%C3%A1o+th%C6%B0%E1%BB%9Dng+ni%C3%AAn%22+2022+filetype%3Apdf,https://www.google.com/search?q=site%3Aocb.com.vn+%22OCB%22+%22b%C3%A1o+c%C3%A1o+th%C6%B0%E1%BB%9Dng+ni%C3%AAn%22+2022+filetype%3Apdf
ocb,OCB,2022,sustainability,"""OCB"" ""báo cáo phát triển bền vững ESG"" 2022 filetype:pdf",https://www.google.com/search?q=%22OCB%22+%22b%C3%A1o+c%C3%A1o+ph%C3%A1t+tri%E1%BB%83n+b%E1%BB%81n+v%E1%BB%AFng+ESG%22+2022+filetype%3Apdf,https://www.google.com/search?q=site%3Aocb.com.vn+%22OCB%22+%22b%C3%A1o+c%C3%A1o+ph%C3%A1t+tri%E1%BB%83n+b%E1%BB%81n+v%E1%BB%AFng+ESG%22+2022+filetype%3Apdf
ocb,OCB,2022,financial,"""OCB"" ""báo cáo tài chính năm kiểm toán hợp nhất"" 2022 filetype:pdf",https://www.google.com/search?q=%22OCB%22+%22b%C3%A1o+c%C3%A1o+t%C3%A0i+ch%C3%ADnh+n%C4%83m+ki%E1%BB%83m+to%C3%A1n+h%E1%BB%A3p+nh%E1%BA%A5t%22+2022+filetype%3Apdf,https://www.google.com/search?q=site%3Aocb.com.vn+%22OCB%22+%22b%C3%A1o+c%C3%A1o+t%C3%A0i+ch%C3%ADnh+n%C4%83m+ki%E1%BB%83m+to%C3%A1n+h%E1%BB%A3p+nh%E1%BA%A5t%22+2022+filetype%3Apdf
ocb,OCB,2022,governance,"""OCB"" ""báo cáo tình hình quản trị công ty cả năm"" 2022 filetype:pdf",https://www.google.com/search?q=%22OCB%22+%22b%C3%A1o+c%C3%A1o+t%C3%ACnh+h%C3%ACnh+qu%E1%BA%A3n+tr%E1%BB%8B+c%C3%B4ng+ty+c%E1%BA%A3+n%C4%83m%22+2022+filetype%3Apdf,https://www.google.com/search?q=site%3Aocb.com.vn+%22OCB%22+%22b%C3%A1o+c%C3%A1o+t%C3%ACnh+h%C3%ACnh+qu%E1%BA%A3n+tr%E1%BB%8B+c%C3%B4ng+ty+c%E1%BA%A3+n%C4%83m%22+2022+filetype%3Apdf
ocb,OCB,2022,environmental,"""OCB"" ""giấy phép môi trường quan trắc xử phạt môi trường"" 2022 filetype:pdf",https://www.google.com/search?q=%22OCB%22+%22gi%E1%BA%A5y+ph%C3%A9p+m%C3%B4i+tr%C6%B0%E1%BB%9Dng+quan+tr%E1%BA%AFc+x%E1%BB%AD+ph%E1%BA%A1t+m%C3%B4i+tr%C6%B0%E1%BB%9Dng%22+2022+filetype%3Apdf,https://www.google.com/search?q=site%3Aocb.com.vn+%22OCB%22+%22gi%E1%BA%A5y+ph%C3%A9p+m%C3%B4i+tr%C6%B0%E1%BB%9Dng+quan+tr%E1%BA%AFc+x%E1%BB%AD+ph%E1%BA%A1t+m%C3%B4i+tr%C6%B0%E1%BB%9Dng%22+2022+filetype%3Apdf
ocb,OCB,2023,annual,"""OCB"" ""báo cáo thường niên"" 2023 filetype:pdf",https://www.google.com/search?q=%22OCB%22+%22b%C3%A1o+c%C3%A1o+th%C6%B0%E1%BB%9Dng+ni%C3%AAn%22+2023+filetype%3Apdf,https://www.google.com/search?q=site%3Aocb.com.vn+%22OCB%22+%22b%C3%A1o+c%C3%A1o+th%C6%B0%E1%BB%9Dng+ni%C3%AAn%22+2023+filetype%3Apdf
ocb,OCB,2023,sustainability,"""OCB"" ""báo cáo phát triển bền vững ESG"" 2023 filetype:pdf",https://www.google.com/search?q=%22OCB%22+%22b%C3%A1o+c%C3%A1o+ph%C3%A1t+tri%E1%BB%83n+b%E1%BB%81n+v%E1%BB%AFng+ESG%22+2023+filetype%3Apdf,https://www.google.com/search?q=site%3Aocb.com.vn+%22OCB%22+%22b%C3%A1o+c%C3%A1o+ph%C3%A1t+tri%E1%BB%83n+b%E1%BB%81n+v%E1%BB%AFng+ESG%22+2023+filetype%3Apdf
ocb,OCB,2023,financial,"""OCB"" ""báo cáo tài chính năm kiểm toán hợp nhất"" 2023 filetype:pdf",https://www.google.com/search?q=%22OCB%22+%22b%C3%A1o+c%C3%A1o+t%C3%A0i+ch%C3%ADnh+n%C4%83m+ki%E1%BB%83m+to%C3%A1n+h%E1%BB%A3p+nh%E1%BA%A5t%22+2023+filetype%3Apdf,https://www.google.com/search?q=site%3Aocb.com.vn+%22OCB%22+%22b%C3%A1o+c%C3%A1o+t%C3%A0i+ch%C3%ADnh+n%C4%83m+ki%E1%BB%83m+to%C3%A1n+h%E1%BB%A3p+nh%E1%BA%A5t%22+2023+filetype%3Apdf
ocb,OCB,2023,governance,"""OCB"" ""báo cáo tình hình quản trị công ty cả năm"" 2023 filetype:pdf",https://www.google.com/search?q=%22OCB%22+%22b%C3%A1o+c%C3%A1o+t%C3%ACnh+h%C3%ACnh+qu%E1%BA%A3n+tr%E1%BB%8B+c%C3%B4ng+ty+c%E1%BA%A3+n%C4%83m%22+2023+filetype%3Apdf,https://www.google.com/search?q=site%3Aocb.com.vn+%22OCB%22+%22b%C3%A1o+c%C3%A1o+t%C3%ACnh+h%C3%ACnh+qu%E1%BA%A3n+tr%E1%BB%8B+c%C3%B4ng+ty+c%E1%BA%A3+n%C4%83m%22+2023+filetype%3Apdf
ocb,OCB,2023,environmental,"""OCB"" ""giấy phép môi trường quan trắc xử phạt môi trường"" 2023 filetype:pdf",https://www.google.com/search?q=%22OCB%22+%22gi%E1%BA%A5y+ph%C3%A9p+m%C3%B4i+tr%C6%B0%E1%BB%9Dng+quan+tr%E1%BA%AFc+x%E1%BB%AD+ph%E1%BA%A1t+m%C3%B4i+tr%C6%B0%E1%BB%9Dng%22+2023+filetype%3Apdf,https://www.google.com/search?q=site%3Aocb.com.vn+%22OCB%22+%22gi%E1%BA%A5y+ph%C3%A9p+m%C3%B4i+tr%C6%B0%E1%BB%9Dng+quan+tr%E1%BA%AFc+x%E1%BB%AD+ph%E1%BA%A1t+m%C3%B4i+tr%C6%B0%E1%BB%9Dng%22+2023+filetype%3Apdf
ocb,OCB,2024,annual,"""OCB"" ""báo cáo thường niên"" 2024 filetype:pdf",https://www.google.com/search?q=%22OCB%22+%22b%C3%A1o+c%C3%A1o+th%C6%B0%E1%BB%9Dng+ni%C3%AAn%22+2024+filetype%3Apdf,https://www.google.com/search?q=site%3Aocb.com.vn+%22OCB%22+%22b%C3%A1o+c%C3%A1o+th%C6%B0%E1%BB%9Dng+ni%C3%AAn%22+2024+filetype%3Apdf
ocb,OCB,2024,sustainability,"""OCB"" ""báo cáo phát triển bền vững ESG"" 2024 filetype:pdf",https://www.google.com/search?q=%22OCB%22+%22b%C3%A1o+c%C3%A1o+ph%C3%A1t+tri%E1%BB%83n+b%E1%BB%81n+v%E1%BB%AFng+ESG%22+2024+filetype%3Apdf,https://www.google.com/search?q=site%3Aocb.com.vn+%22OCB%22+%22b%C3%A1o+c%C3%A1o+ph%C3%A1t+tri%E1%BB%83n+b%E1%BB%81n+v%E1%BB%AFng+ESG%22+2024+filetype%3Apdf
ocb,OCB,2024,financial,"""OCB"" ""báo cáo tài chính năm kiểm toán hợp nhất"" 2024 filetype:pdf",https://www.google.com/search?q=%22OCB%22+%22b%C3%A1o+c%C3%A1o+t%C3%A0i+ch%C3%ADnh+n%C4%83m+ki%E1%BB%83m+to%C3%A1n+h%E1%BB%A3p+nh%E1%BA%A5t%22+2024+filetype%3Apdf,https://www.google.com/search?q=site%3Aocb.com.vn+%22OCB%22+%22b%C3%A1o+c%C3%A1o+t%C3%A0i+ch%C3%ADnh+n%C4%83m+ki%E1%BB%83m+to%C3%A1n+h%E1%BB%A3p+nh%E1%BA%A5t%22+2024+filetype%3Apdf
ocb,OCB,2024,governance,"""OCB"" ""báo cáo tình hình quản trị công ty cả năm"" 2024 filetype:pdf",https://www.google.com/search?q=%22OCB%22+%22b%C3%A1o+c%C3%A1o+t%C3%ACnh+h%C3%ACnh+qu%E1%BA%A3n+tr%E1%BB%8B+c%C3%B4ng+ty+c%E1%BA%A3+n%C4%83m%22+2024+filetype%3Apdf,https://www.google.com/search?q=site%3Aocb.com.vn+%22OCB%22+%22b%C3%A1o+c%C3%A1o+t%C3%ACnh+h%C3%ACnh+qu%E1%BA%A3n+tr%E1%BB%8B+c%C3%B4ng+ty+c%E1%BA%A3+n%C4%83m%22+2024+filetype%3Apdf
ocb,OCB,2024,environmental,"""OCB"" ""giấy phép môi trường quan trắc xử phạt môi trường"" 2024 filetype:pdf",https://www.google.com/search?q=%22OCB%22+%22gi%E1%BA%A5y+ph%C3%A9p+m%C3%B4i+tr%C6%B0%E1%BB%9Dng+quan+tr%E1%BA%AFc+x%E1%BB%AD+ph%E1%BA%A1t+m%C3%B4i+tr%C6%B0%E1%BB%9Dng%22+2024+filetype%3Apdf,https://www.google.com/search?q=site%3Aocb.com.vn+%22OCB%22+%22gi%E1%BA%A5y+ph%C3%A9p+m%C3%B4i+tr%C6%B0%E1%BB%9Dng+quan+tr%E1%BA%AFc+x%E1%BB%AD+ph%E1%BA%A1t+m%C3%B4i+tr%C6%B0%E1%BB%9Dng%22+2024+filetype%3Apdf
ocb,OCB,2025,annual,"""OCB"" ""báo cáo thường niên"" 2025 filetype:pdf",https://www.google.com/search?q=%22OCB%22+%22b%C3%A1o+c%C3%A1o+th%C6%B0%E1%BB%9Dng+ni%C3%AAn%22+2025+filetype%3Apdf,https://www.google.com/search?q=site%3Aocb.com.vn+%22OCB%22+%22b%C3%A1o+c%C3%A1o+th%C6%B0%E1%BB%9Dng+ni%C3%AAn%22+2025+filetype%3Apdf
ocb,OCB,2025,sustainability,"""OCB"" ""báo cáo phát triển bền vững ESG"" 2025 filetype:pdf",https://www.google.com/search?q=%22OCB%22+%22b%C3%A1o+c%C3%A1o+ph%C3%A1t+tri%E1%BB%83n+b%E1%BB%81n+v%E1%BB%AFng+ESG%22+2025+filetype%3Apdf,https://www.google.com/search?q=site%3Aocb.com.vn+%22OCB%22+%22b%C3%A1o+c%C3%A1o+ph%C3%A1t+tri%E1%BB%83n+b%E1%BB%81n+v%E1%BB%AFng+ESG%22+2025+filetype%3Apdf
ocb,OCB,2025,financial,"""OCB"" ""báo cáo tài chính năm kiểm toán hợp nhất"" 2025 filetype:pdf",https://www.google.com/search?q=%22OCB%22+%22b%C3%A1o+c%C3%A1o+t%C3%A0i+ch%C3%ADnh+n%C4%83m+ki%E1%BB%83m+to%C3%A1n+h%E1%BB%A3p+nh%E1%BA%A5t%22+2025+filetype%3Apdf,https://www.google.com/search?q=site%3Aocb.com.vn+%22OCB%22+%22b%C3%A1o+c%C3%A1o+t%C3%A0i+ch%C3%ADnh+n%C4%83m+ki%E1%BB%83m+to%C3%A1n+h%E1%BB%A3p+nh%E1%BA%A5t%22+2025+filetype%3Apdf
ocb,OCB,2025,governance,"""OCB"" ""báo cáo tình hình quản trị công ty cả năm"" 2025 filetype:pdf",https://www.google.com/search?q=%22OCB%22+%22b%C3%A1o+c%C3%A1o+t%C3%ACnh+h%C3%ACnh+qu%E1%BA%A3n+tr%E1%BB%8B+c%C3%B4ng+ty+c%E1%BA%A3+n%C4%83m%22+2025+filetype%3Apdf,https://www.google.com/search?q=site%3Aocb.com.vn+%22OCB%22+%22b%C3%A1o+c%C3%A1o+t%C3%ACnh+h%C3%ACnh+qu%E1%BA%A3n+tr%E1%BB%8B+c%C3%B4ng+ty+c%E1%BA%A3+n%C4%83m%22+2025+filetype%3Apdf
ocb,OCB,2025,environmental,"""OCB"" ""giấy phép môi trường quan trắc xử phạt môi trường"" 2025 filetype:pdf",https://www.google.com/search?q=%22OCB%22+%22gi%E1%BA%A5y+ph%C3%A9p+m%C3%B4i+tr%C6%B0%E1%BB%9Dng+quan+tr%E1%BA%AFc+x%E1%BB%AD+ph%E1%BA%A1t+m%C3%B4i+tr%C6%B0%E1%BB%9Dng%22+2025+filetype%3Apdf,https://www.google.com/search?q=site%3Aocb.com.vn+%22OCB%22+%22gi%E1%BA%A5y+ph%C3%A9p+m%C3%B4i+tr%C6%B0%E1%BB%9Dng+quan+tr%E1%BA%AFc+x%E1%BB%AD+ph%E1%BA%A1t+m%C3%B4i+tr%C6%B0%E1%BB%9Dng%22+2025+filetype%3Apdf
dgw,DGW,2021,annual,"""DGW"" ""báo cáo thường niên"" 2021 filetype:pdf",https://www.google.com/search?q=%22DGW%22+%22b%C3%A1o+c%C3%A1o+th%C6%B0%E1%BB%9Dng+ni%C3%AAn%22+2021+filetype%3Apdf,https://www.google.com/search?q=site%3Adigiworld.com.vn+%22DGW%22+%22b%C3%A1o+c%C3%A1o+th%C6%B0%E1%BB%9Dng+ni%C3%AAn%22+2021+filetype%3Apdf
dgw,DGW,2021,sustainability,"""DGW"" ""báo cáo phát triển bền vững ESG"" 2021 filetype:pdf",https://www.google.com/search?q=%22DGW%22+%22b%C3%A1o+c%C3%A1o+ph%C3%A1t+tri%E1%BB%83n+b%E1%BB%81n+v%E1%BB%AFng+ESG%22+2021+filetype%3Apdf,https://www.google.com/search?q=site%3Adigiworld.com.vn+%22DGW%22+%22b%C3%A1o+c%C3%A1o+ph%C3%A1t+tri%E1%BB%83n+b%E1%BB%81n+v%E1%BB%AFng+ESG%22+2021+filetype%3Apdf
dgw,DGW,2021,financial,"""DGW"" ""báo cáo tài chính năm kiểm toán hợp nhất"" 2021 filetype:pdf",https://www.google.com/search?q=%22DGW%22+%22b%C3%A1o+c%C3%A1o+t%C3%A0i+ch%C3%ADnh+n%C4%83m+ki%E1%BB%83m+to%C3%A1n+h%E1%BB%A3p+nh%E1%BA%A5t%22+2021+filetype%3Apdf,https://www.google.com/search?q=site%3Adigiworld.com.vn+%22DGW%22+%22b%C3%A1o+c%C3%A1o+t%C3%A0i+ch%C3%ADnh+n%C4%83m+ki%E1%BB%83m+to%C3%A1n+h%E1%BB%A3p+nh%E1%BA%A5t%22+2021+filetype%3Apdf
dgw,DGW,2021,governance,"""DGW"" ""báo cáo tình hình quản trị công ty cả năm"" 2021 filetype:pdf",https://www.google.com/search?q=%22DGW%22+%22b%C3%A1o+c%C3%A1o+t%C3%ACnh+h%C3%ACnh+qu%E1%BA%A3n+tr%E1%BB%8B+c%C3%B4ng+ty+c%E1%BA%A3+n%C4%83m%22+2021+filetype%3Apdf,https://www.google.com/search?q=site%3Adigiworld.com.vn+%22DGW%22+%22b%C3%A1o+c%C3%A1o+t%C3%ACnh+h%C3%ACnh+qu%E1%BA%A3n+tr%E1%BB%8B+c%C3%B4ng+ty+c%E1%BA%A3+n%C4%83m%22+2021+filetype%3Apdf
dgw,DGW,2021,environmental,"""DGW"" ""giấy phép môi trường quan trắc xử phạt môi trường"" 2021 filetype:pdf",https://www.google.com/search?q=%22DGW%22+%22gi%E1%BA%A5y+ph%C3%A9p+m%C3%B4i+tr%C6%B0%E1%BB%9Dng+quan+tr%E1%BA%AFc+x%E1%BB%AD+ph%E1%BA%A1t+m%C3%B4i+tr%C6%B0%E1%BB%9Dng%22+2021+filetype%3Apdf,https://www.google.com/search?q=site%3Adigiworld.com.vn+%22DGW%22+%22gi%E1%BA%A5y+ph%C3%A9p+m%C3%B4i+tr%C6%B0%E1%BB%9Dng+quan+tr%E1%BA%AFc+x%E1%BB%AD+ph%E1%BA%A1t+m%C3%B4i+tr%C6%B0%E1%BB%9Dng%22+2021+filetype%3Apdf
dgw,DGW,2022,annual,"""DGW"" ""báo cáo thường niên"" 2022 filetype:pdf",https://www.google.com/search?q=%22DGW%22+%22b%C3%A1o+c%C3%A1o+th%C6%B0%E1%BB%9Dng+ni%C3%AAn%22+2022+filetype%3Apdf,https://www.google.com/search?q=site%3Adigiworld.com.vn+%22DGW%22+%22b%C3%A1o+c%C3%A1o+th%C6%B0%E1%BB%9Dng+ni%C3%AAn%22+2022+filetype%3Apdf
dgw,DGW,2022,sustainability,"""DGW"" ""báo cáo phát triển bền vững ESG"" 2022 filetype:pdf",https://www.google.com/search?q=%22DGW%22+%22b%C3%A1o+c%C3%A1o+ph%C3%A1t+tri%E1%BB%83n+b%E1%BB%81n+v%E1%BB%AFng+ESG%22+2022+filetype%3Apdf,https://www.google.com/search?q=site%3Adigiworld.com.vn+%22DGW%22+%22b%C3%A1o+c%C3%A1o+ph%C3%A1t+tri%E1%BB%83n+b%E1%BB%81n+v%E1%BB%AFng+ESG%22+2022+filetype%3Apdf
dgw,DGW,2022,financial,"""DGW"" ""báo cáo tài chính năm kiểm toán hợp nhất"" 2022 filetype:pdf",https://www.google.com/search?q=%22DGW%22+%22b%C3%A1o+c%C3%A1o+t%C3%A0i+ch%C3%ADnh+n%C4%83m+ki%E1%BB%83m+to%C3%A1n+h%E1%BB%A3p+nh%E1%BA%A5t%22+2022+filetype%3Apdf,https://www.google.com/search?q=site%3Adigiworld.com.vn+%22DGW%22+%22b%C3%A1o+c%C3%A1o+t%C3%A0i+ch%C3%ADnh+n%C4%83m+ki%E1%BB%83m+to%C3%A1n+h%E1%BB%A3p+nh%E1%BA%A5t%22+2022+filetype%3Apdf
dgw,DGW,2022,governance,"""DGW"" ""báo cáo tình hình quản trị công ty cả năm"" 2022 filetype:pdf",https://www.google.com/search?q=%22DGW%22+%22b%C3%A1o+c%C3%A1o+t%C3%ACnh+h%C3%ACnh+qu%E1%BA%A3n+tr%E1%BB%8B+c%C3%B4ng+ty+c%E1%BA%A3+n%C4%83m%22+2022+filetype%3Apdf,https://www.google.com/search?q=site%3Adigiworld.com.vn+%22DGW%22+%22b%C3%A1o+c%C3%A1o+t%C3%ACnh+h%C3%ACnh+qu%E1%BA%A3n+tr%E1%BB%8B+c%C3%B4ng+ty+c%E1%BA%A3+n%C4%83m%22+2022+filetype%3Apdf
dgw,DGW,2022,environmental,"""DGW"" ""giấy phép môi trường quan trắc xử phạt môi trường"" 2022 filetype:pdf",https://www.google.com/search?q=%22DGW%22+%22gi%E1%BA%A5y+ph%C3%A9p+m%C3%B4i+tr%C6%B0%E1%BB%9Dng+quan+tr%E1%BA%AFc+x%E1%BB%AD+ph%E1%BA%A1t+m%C3%B4i+tr%C6%B0%E1%BB%9Dng%22+2022+filetype%3Apdf,https://www.google.com/search?q=site%3Adigiworld.com.vn+%22DGW%22+%22gi%E1%BA%A5y+ph%C3%A9p+m%C3%B4i+tr%C6%B0%E1%BB%9Dng+quan+tr%E1%BA%AFc+x%E1%BB%AD+ph%E1%BA%A1t+m%C3%B4i+tr%C6%B0%E1%BB%9Dng%22+2022+filetype%3Apdf
dgw,DGW,2023,annual,"""DGW"" ""báo cáo thường niên"" 2023 filetype:pdf",https://www.google.com/search?q=%22DGW%22+%22b%C3%A1o+c%C3%A1o+th%C6%B0%E1%BB%9Dng+ni%C3%AAn%22+2023+filetype%3Apdf,https://www.google.com/search?q=site%3Adigiworld.com.vn+%22DGW%22+%22b%C3%A1o+c%C3%A1o+th%C6%B0%E1%BB%9Dng+ni%C3%AAn%22+2023+filetype%3Apdf
dgw,DGW,2023,sustainability,"""DGW"" ""báo cáo phát triển bền vững ESG"" 2023 filetype:pdf",https://www.google.com/search?q=%22DGW%22+%22b%C3%A1o+c%C3%A1o+ph%C3%A1t+tri%E1%BB%83n+b%E1%BB%81n+v%E1%BB%AFng+ESG%22+2023+filetype%3Apdf,https://www.google.com/search?q=site%3Adigiworld.com.vn+%22DGW%22+%22b%C3%A1o+c%C3%A1o+ph%C3%A1t+tri%E1%BB%83n+b%E1%BB%81n+v%E1%BB%AFng+ESG%22+2023+filetype%3Apdf
dgw,DGW,2023,financial,"""DGW"" ""báo cáo tài chính năm kiểm toán hợp nhất"" 2023 filetype:pdf",https://www.google.com/search?q=%22DGW%22+%22b%C3%A1o+c%C3%A1o+t%C3%A0i+ch%C3%ADnh+n%C4%83m+ki%E1%BB%83m+to%C3%A1n+h%E1%BB%A3p+nh%E1%BA%A5t%22+2023+filetype%3Apdf,https://www.google.com/search?q=site%3Adigiworld.com.vn+%22DGW%22+%22b%C3%A1o+c%C3%A1o+t%C3%A0i+ch%C3%ADnh+n%C4%83m+ki%E1%BB%83m+to%C3%A1n+h%E1%BB%A3p+nh%E1%BA%A5t%22+2023+filetype%3Apdf
dgw,DGW,2023,governance,"""DGW"" ""báo cáo tình hình quản trị công ty cả năm"" 2023 filetype:pdf",https://www.google.com/search?q=%22DGW%22+%22b%C3%A1o+c%C3%A1o+t%C3%ACnh+h%C3%ACnh+qu%E1%BA%A3n+tr%E1%BB%8B+c%C3%B4ng+ty+c%E1%BA%A3+n%C4%83m%22+2023+filetype%3Apdf,https://www.google.com/search?q=site%3Adigiworld.com.vn+%22DGW%22+%22b%C3%A1o+c%C3%A1o+t%C3%ACnh+h%C3%ACnh+qu%E1%BA%A3n+tr%E1%BB%8B+c%C3%B4ng+ty+c%E1%BA%A3+n%C4%83m%22+2023+filetype%3Apdf
dgw,DGW,2023,environmental,"""DGW"" ""giấy phép môi trường quan trắc xử phạt môi trường"" 2023 filetype:pdf",https://www.google.com/search?q=%22DGW%22+%22gi%E1%BA%A5y+ph%C3%A9p+m%C3%B4i+tr%C6%B0%E1%BB%9Dng+quan+tr%E1%BA%AFc+x%E1%BB%AD+ph%E1%BA%A1t+m%C3%B4i+tr%C6%B0%E1%BB%9Dng%22+2023+filetype%3Apdf,https://www.google.com/search?q=site%3Adigiworld.com.vn+%22DGW%22+%22gi%E1%BA%A5y+ph%C3%A9p+m%C3%B4i+tr%C6%B0%E1%BB%9Dng+quan+tr%E1%BA%AFc+x%E1%BB%AD+ph%E1%BA%A1t+m%C3%B4i+tr%C6%B0%E1%BB%9Dng%22+2023+filetype%3Apdf
dgw,DGW,2024,annual,"""DGW"" ""báo cáo thường niên"" 2024 filetype:pdf",https://www.google.com/search?q=%22DGW%22+%22b%C3%A1o+c%C3%A1o+th%C6%B0%E1%BB%9Dng+ni%C3%AAn%22+2024+filetype%3Apdf,https://www.google.com/search?q=site%3Adigiworld.com.vn+%22DGW%22+%22b%C3%A1o+c%C3%A1o+th%C6%B0%E1%BB%9Dng+ni%C3%AAn%22+2024+filetype%3Apdf
dgw,DGW,2024,sustainability,"""DGW"" ""báo cáo phát triển bền vững ESG"" 2024 filetype:pdf",https://www.google.com/search?q=%22DGW%22+%22b%C3%A1o+c%C3%A1o+ph%C3%A1t+tri%E1%BB%83n+b%E1%BB%81n+v%E1%BB%AFng+ESG%22+2024+filetype%3Apdf,https://www.google.com/search?q=site%3Adigiworld.com.vn+%22DGW%22+%22b%C3%A1o+c%C3%A1o+ph%C3%A1t+tri%E1%BB%83n+b%E1%BB%81n+v%E1%BB%AFng+ESG%22+2024+filetype%3Apdf
dgw,DGW,2024,financial,"""DGW"" ""báo cáo tài chính năm kiểm toán hợp nhất"" 2024 filetype:pdf",https://www.google.com/search?q=%22DGW%22+%22b%C3%A1o+c%C3%A1o+t%C3%A0i+ch%C3%ADnh+n%C4%83m+ki%E1%BB%83m+to%C3%A1n+h%E1%BB%A3p+nh%E1%BA%A5t%22+2024+filetype%3Apdf,https://www.google.com/search?q=site%3Adigiworld.com.vn+%22DGW%22+%22b%C3%A1o+c%C3%A1o+t%C3%A0i+ch%C3%ADnh+n%C4%83m+ki%E1%BB%83m+to%C3%A1n+h%E1%BB%A3p+nh%E1%BA%A5t%22+2024+filetype%3Apdf
dgw,DGW,2024,governance,"""DGW"" ""báo cáo tình hình quản trị công ty cả năm"" 2024 filetype:pdf",https://www.google.com/search?q=%22DGW%22+%22b%C3%A1o+c%C3%A1o+t%C3%ACnh+h%C3%ACnh+qu%E1%BA%A3n+tr%E1%BB%8B+c%C3%B4ng+ty+c%E1%BA%A3+n%C4%83m%22+2024+filetype%3Apdf,https://www.google.com/search?q=site%3Adigiworld.com.vn+%22DGW%22+%22b%C3%A1o+c%C3%A1o+t%C3%ACnh+h%C3%ACnh+qu%E1%BA%A3n+tr%E1%BB%8B+c%C3%B4ng+ty+c%E1%BA%A3+n%C4%83m%22+2024+filetype%3Apdf
dgw,DGW,2024,environmental,"""DGW"" ""giấy phép môi trường quan trắc xử phạt môi trường"" 2024 filetype:pdf",https://www.google.com/search?q=%22DGW%22+%22gi%E1%BA%A5y+ph%C3%A9p+m%C3%B4i+tr%C6%B0%E1%BB%9Dng+quan+tr%E1%BA%AFc+x%E1%BB%AD+ph%E1%BA%A1t+m%C3%B4i+tr%C6%B0%E1%BB%9Dng%22+2024+filetype%3Apdf,https://www.google.com/search?q=site%3Adigiworld.com.vn+%22DGW%22+%22gi%E1%BA%A5y+ph%C3%A9p+m%C3%B4i+tr%C6%B0%E1%BB%9Dng+quan+tr%E1%BA%AFc+x%E1%BB%AD+ph%E1%BA%A1t+m%C3%B4i+tr%C6%B0%E1%BB%9Dng%22+2024+filetype%3Apdf
dgw,DGW,2025,annual,"""DGW"" ""báo cáo thường niên"" 2025 filetype:pdf",https://www.google.com/search?q=%22DGW%22+%22b%C3%A1o+c%C3%A1o+th%C6%B0%E1%BB%9Dng+ni%C3%AAn%22+2025+filetype%3Apdf,https://www.google.com/search?q=site%3Adigiworld.com.vn+%22DGW%22+%22b%C3%A1o+c%C3%A1o+th%C6%B0%E1%BB%9Dng+ni%C3%AAn%22+2025+filetype%3Apdf
dgw,DGW,2025,sustainability,"""DGW"" ""báo cáo phát triển bền vững ESG"" 2025 filetype:pdf",https://www.google.com/search?q=%22DGW%22+%22b%C3%A1o+c%C3%A1o+ph%C3%A1t+tri%E1%BB%83n+b%E1%BB%81n+v%E1%BB%AFng+ESG%22+2025+filetype%3Apdf,https://www.google.com/search?q=site%3Adigiworld.com.vn+%22DGW%22+%22b%C3%A1o+c%C3%A1o+ph%C3%A1t+tri%E1%BB%83n+b%E1%BB%81n+v%E1%BB%AFng+ESG%22+2025+filetype%3Apdf
dgw,DGW,2025,financial,"""DGW"" ""báo cáo tài chính năm kiểm toán hợp nhất"" 2025 filetype:pdf",https://www.google.com/search?q=%22DGW%22+%22b%C3%A1o+c%C3%A1o+t%C3%A0i+ch%C3%ADnh+n%C4%83m+ki%E1%BB%83m+to%C3%A1n+h%E1%BB%A3p+nh%E1%BA%A5t%22+2025+filetype%3Apdf,https://www.google.com/search?q=site%3Adigiworld.com.vn+%22DGW%22+%22b%C3%A1o+c%C3%A1o+t%C3%A0i+ch%C3%ADnh+n%C4%83m+ki%E1%BB%83m+to%C3%A1n+h%E1%BB%A3p+nh%E1%BA%A5t%22+2025+filetype%3Apdf
dgw,DGW,2025,governance,"""DGW"" ""báo cáo tình hình quản trị công ty cả năm"" 2025 filetype:pdf",https://www.google.com/search?q=%22DGW%22+%22b%C3%A1o+c%C3%A1o+t%C3%ACnh+h%C3%ACnh+qu%E1%BA%A3n+tr%E1%BB%8B+c%C3%B4ng+ty+c%E1%BA%A3+n%C4%83m%22+2025+filetype%3Apdf,https://www.google.com/search?q=site%3Adigiworld.com.vn+%22DGW%22+%22b%C3%A1o+c%C3%A1o+t%C3%ACnh+h%C3%ACnh+qu%E1%BA%A3n+tr%E1%BB%8B+c%C3%B4ng+ty+c%E1%BA%A3+n%C4%83m%22+2025+filetype%3Apdf
dgw,DGW,2025,environmental,"""DGW"" ""giấy phép môi trường quan trắc xử phạt môi trường"" 2025 filetype:pdf",https://www.google.com/search?q=%22DGW%22+%22gi%E1%BA%A5y+ph%C3%A9p+m%C3%B4i+tr%C6%B0%E1%BB%9Dng+quan+tr%E1%BA%AFc+x%E1%BB%AD+ph%E1%BA%A1t+m%C3%B4i+tr%C6%B0%E1%BB%9Dng%22+2025+filetype%3Apdf,https://www.google.com/search?q=site%3Adigiworld.com.vn+%22DGW%22+%22gi%E1%BA%A5y+ph%C3%A9p+m%C3%B4i+tr%C6%B0%E1%BB%9Dng+quan+tr%E1%BA%AFc+x%E1%BB%AD+ph%E1%BA%A1t+m%C3%B4i+tr%C6%B0%E1%BB%9Dng%22+2025+filetype%3Apdf
cdn,CDN,2021,annual,"""CDN"" ""báo cáo thường niên"" 2021 filetype:pdf",https://www.google.com/search?q=%22CDN%22+%22b%C3%A1o+c%C3%A1o+th%C6%B0%E1%BB%9Dng+ni%C3%AAn%22+2021+filetype%3Apdf,https://www.google.com/search?q=site%3Adanangport.com+%22CDN%22+%22b%C3%A1o+c%C3%A1o+th%C6%B0%E1%BB%9Dng+ni%C3%AAn%22+2021+filetype%3Apdf
cdn,CDN,2021,sustainability,"""CDN"" ""báo cáo phát triển bền vững ESG"" 2021 filetype:pdf",https://www.google.com/search?q=%22CDN%22+%22b%C3%A1o+c%C3%A1o+ph%C3%A1t+tri%E1%BB%83n+b%E1%BB%81n+v%E1%BB%AFng+ESG%22+2021+filetype%3Apdf,https://www.google.com/search?q=site%3Adanangport.com+%22CDN%22+%22b%C3%A1o+c%C3%A1o+ph%C3%A1t+tri%E1%BB%83n+b%E1%BB%81n+v%E1%BB%AFng+ESG%22+2021+filetype%3Apdf
cdn,CDN,2021,financial,"""CDN"" ""báo cáo tài chính năm kiểm toán hợp nhất"" 2021 filetype:pdf",https://www.google.com/search?q=%22CDN%22+%22b%C3%A1o+c%C3%A1o+t%C3%A0i+ch%C3%ADnh+n%C4%83m+ki%E1%BB%83m+to%C3%A1n+h%E1%BB%A3p+nh%E1%BA%A5t%22+2021+filetype%3Apdf,https://www.google.com/search?q=site%3Adanangport.com+%22CDN%22+%22b%C3%A1o+c%C3%A1o+t%C3%A0i+ch%C3%ADnh+n%C4%83m+ki%E1%BB%83m+to%C3%A1n+h%E1%BB%A3p+nh%E1%BA%A5t%22+2021+filetype%3Apdf
cdn,CDN,2021,governance,"""CDN"" ""báo cáo tình hình quản trị công ty cả năm"" 2021 filetype:pdf",https://www.google.com/search?q=%22CDN%22+%22b%C3%A1o+c%C3%A1o+t%C3%ACnh+h%C3%ACnh+qu%E1%BA%A3n+tr%E1%BB%8B+c%C3%B4ng+ty+c%E1%BA%A3+n%C4%83m%22+2021+filetype%3Apdf,https://www.google.com/search?q=site%3Adanangport.com+%22CDN%22+%22b%C3%A1o+c%C3%A1o+t%C3%ACnh+h%C3%ACnh+qu%E1%BA%A3n+tr%E1%BB%8B+c%C3%B4ng+ty+c%E1%BA%A3+n%C4%83m%22+2021+filetype%3Apdf
cdn,CDN,2021,environmental,"""CDN"" ""giấy phép môi trường quan trắc xử phạt môi trường"" 2021 filetype:pdf",https://www.google.com/search?q=%22CDN%22+%22gi%E1%BA%A5y+ph%C3%A9p+m%C3%B4i+tr%C6%B0%E1%BB%9Dng+quan+tr%E1%BA%AFc+x%E1%BB%AD+ph%E1%BA%A1t+m%C3%B4i+tr%C6%B0%E1%BB%9Dng%22+2021+filetype%3Apdf,https://www.google.com/search?q=site%3Adanangport.com+%22CDN%22+%22gi%E1%BA%A5y+ph%C3%A9p+m%C3%B4i+tr%C6%B0%E1%BB%9Dng+quan+tr%E1%BA%AFc+x%E1%BB%AD+ph%E1%BA%A1t+m%C3%B4i+tr%C6%B0%E1%BB%9Dng%22+2021+filetype%3Apdf
cdn,CDN,2022,annual,"""CDN"" ""báo cáo thường niên"" 2022 filetype:pdf",https://www.google.com/search?q=%22CDN%22+%22b%C3%A1o+c%C3%A1o+th%C6%B0%E1%BB%9Dng+ni%C3%AAn%22+2022+filetype%3Apdf,https://www.google.com/search?q=site%3Adanangport.com+%22CDN%22+%22b%C3%A1o+c%C3%A1o+th%C6%B0%E1%BB%9Dng+ni%C3%AAn%22+2022+filetype%3Apdf
cdn,CDN,2022,sustainability,"""CDN"" ""báo cáo phát triển bền vững ESG"" 2022 filetype:pdf",https://www.google.com/search?q=%22CDN%22+%22b%C3%A1o+c%C3%A1o+ph%C3%A1t+tri%E1%BB%83n+b%E1%BB%81n+v%E1%BB%AFng+ESG%22+2022+filetype%3Apdf,https://www.google.com/search?q=site%3Adanangport.com+%22CDN%22+%22b%C3%A1o+c%C3%A1o+ph%C3%A1t+tri%E1%BB%83n+b%E1%BB%81n+v%E1%BB%AFng+ESG%22+2022+filetype%3Apdf
cdn,CDN,2022,financial,"""CDN"" ""báo cáo tài chính năm kiểm toán hợp nhất"" 2022 filetype:pdf",https://www.google.com/search?q=%22CDN%22+%22b%C3%A1o+c%C3%A1o+t%C3%A0i+ch%C3%ADnh+n%C4%83m+ki%E1%BB%83m+to%C3%A1n+h%E1%BB%A3p+nh%E1%BA%A5t%22+2022+filetype%3Apdf,https://www.google.com/search?q=site%3Adanangport.com+%22CDN%22+%22b%C3%A1o+c%C3%A1o+t%C3%A0i+ch%C3%ADnh+n%C4%83m+ki%E1%BB%83m+to%C3%A1n+h%E1%BB%A3p+nh%E1%BA%A5t%22+2022+filetype%3Apdf
cdn,CDN,2022,governance,"""CDN"" ""báo cáo tình hình quản trị công ty cả năm"" 2022 filetype:pdf",https://www.google.com/search?q=%22CDN%22+%22b%C3%A1o+c%C3%A1o+t%C3%ACnh+h%C3%ACnh+qu%E1%BA%A3n+tr%E1%BB%8B+c%C3%B4ng+ty+c%E1%BA%A3+n%C4%83m%22+2022+filetype%3Apdf,https://www.google.com/search?q=site%3Adanangport.com+%22CDN%22+%22b%C3%A1o+c%C3%A1o+t%C3%ACnh+h%C3%ACnh+qu%E1%BA%A3n+tr%E1%BB%8B+c%C3%B4ng+ty+c%E1%BA%A3+n%C4%83m%22+2022+filetype%3Apdf
cdn,CDN,2022,environmental,"""CDN"" ""giấy phép môi trường quan trắc xử phạt môi trường"" 2022 filetype:pdf",https://www.google.com/search?q=%22CDN%22+%22gi%E1%BA%A5y+ph%C3%A9p+m%C3%B4i+tr%C6%B0%E1%BB%9Dng+quan+tr%E1%BA%AFc+x%E1%BB%AD+ph%E1%BA%A1t+m%C3%B4i+tr%C6%B0%E1%BB%9Dng%22+2022+filetype%3Apdf,https://www.google.com/search?q=site%3Adanangport.com+%22CDN%22+%22gi%E1%BA%A5y+ph%C3%A9p+m%C3%B4i+tr%C6%B0%E1%BB%9Dng+quan+tr%E1%BA%AFc+x%E1%BB%AD+ph%E1%BA%A1t+m%C3%B4i+tr%C6%B0%E1%BB%9Dng%22+2022+filetype%3Apdf
cdn,CDN,2023,annual,"""CDN"" ""báo cáo thường niên"" 2023 filetype:pdf",https://www.google.com/search?q=%22CDN%22+%22b%C3%A1o+c%C3%A1o+th%C6%B0%E1%BB%9Dng+ni%C3%AAn%22+2023+filetype%3Apdf,https://www.google.com/search?q=site%3Adanangport.com+%22CDN%22+%22b%C3%A1o+c%C3%A1o+th%C6%B0%E1%BB%9Dng+ni%C3%AAn%22+2023+filetype%3Apdf
cdn,CDN,2023,sustainability,"""CDN"" ""báo cáo phát triển bền vững ESG"" 2023 filetype:pdf",https://www.google.com/search?q=%22CDN%22+%22b%C3%A1o+c%C3%A1o+ph%C3%A1t+tri%E1%BB%83n+b%E1%BB%81n+v%E1%BB%AFng+ESG%22+2023+filetype%3Apdf,https://www.google.com/search?q=site%3Adanangport.com+%22CDN%22+%22b%C3%A1o+c%C3%A1o+ph%C3%A1t+tri%E1%BB%83n+b%E1%BB%81n+v%E1%BB%AFng+ESG%22+2023+filetype%3Apdf
cdn,CDN,2023,financial,"""CDN"" ""báo cáo tài chính năm kiểm toán hợp nhất"" 2023 filetype:pdf",https://www.google.com/search?q=%22CDN%22+%22b%C3%A1o+c%C3%A1o+t%C3%A0i+ch%C3%ADnh+n%C4%83m+ki%E1%BB%83m+to%C3%A1n+h%E1%BB%A3p+nh%E1%BA%A5t%22+2023+filetype%3Apdf,https://www.google.com/search?q=site%3Adanangport.com+%22CDN%22+%22b%C3%A1o+c%C3%A1o+t%C3%A0i+ch%C3%ADnh+n%C4%83m+ki%E1%BB%83m+to%C3%A1n+h%E1%BB%A3p+nh%E1%BA%A5t%22+2023+filetype%3Apdf
cdn,CDN,2023,governance,"""CDN"" ""báo cáo tình hình quản trị công ty cả năm"" 2023 filetype:pdf",https://www.google.com/search?q=%22CDN%22+%22b%C3%A1o+c%C3%A1o+t%C3%ACnh+h%C3%ACnh+qu%E1%BA%A3n+tr%E1%BB%8B+c%C3%B4ng+ty+c%E1%BA%A3+n%C4%83m%22+2023+filetype%3Apdf,https://www.google.com/search?q=site%3Adanangport.com+%22CDN%22+%22b%C3%A1o+c%C3%A1o+t%C3%ACnh+h%C3%ACnh+qu%E1%BA%A3n+tr%E1%BB%8B+c%C3%B4ng+ty+c%E1%BA%A3+n%C4%83m%22+2023+filetype%3Apdf
cdn,CDN,2023,environmental,"""CDN"" ""giấy phép môi trường quan trắc xử phạt môi trường"" 2023 filetype:pdf",https://www.google.com/search?q=%22CDN%22+%22gi%E1%BA%A5y+ph%C3%A9p+m%C3%B4i+tr%C6%B0%E1%BB%9Dng+quan+tr%E1%BA%AFc+x%E1%BB%AD+ph%E1%BA%A1t+m%C3%B4i+tr%C6%B0%E1%BB%9Dng%22+2023+filetype%3Apdf,https://www.google.com/search?q=site%3Adanangport.com+%22CDN%22+%22gi%E1%BA%A5y+ph%C3%A9p+m%C3%B4i+tr%C6%B0%E1%BB%9Dng+quan+tr%E1%BA%AFc+x%E1%BB%AD+ph%E1%BA%A1t+m%C3%B4i+tr%C6%B0%E1%BB%9Dng%22+2023+filetype%3Apdf
cdn,CDN,2024,annual,"""CDN"" ""báo cáo thường niên"" 2024 filetype:pdf",https://www.google.com/search?q=%22CDN%22+%22b%C3%A1o+c%C3%A1o+th%C6%B0%E1%BB%9Dng+ni%C3%AAn%22+2024+filetype%3Apdf,https://www.google.com/search?q=site%3Adanangport.com+%22CDN%22+%22b%C3%A1o+c%C3%A1o+th%C6%B0%E1%BB%9Dng+ni%C3%AAn%22+2024+filetype%3Apdf
cdn,CDN,2024,sustainability,"""CDN"" ""báo cáo phát triển bền vững ESG"" 2024 filetype:pdf",https://www.google.com/search?q=%22CDN%22+%22b%C3%A1o+c%C3%A1o+ph%C3%A1t+tri%E1%BB%83n+b%E1%BB%81n+v%E1%BB%AFng+ESG%22+2024+filetype%3Apdf,https://www.google.com/search?q=site%3Adanangport.com+%22CDN%22+%22b%C3%A1o+c%C3%A1o+ph%C3%A1t+tri%E1%BB%83n+b%E1%BB%81n+v%E1%BB%AFng+ESG%22+2024+filetype%3Apdf
cdn,CDN,2024,financial,"""CDN"" ""báo cáo tài chính năm kiểm toán hợp nhất"" 2024 filetype:pdf",https://www.google.com/search?q=%22CDN%22+%22b%C3%A1o+c%C3%A1o+t%C3%A0i+ch%C3%ADnh+n%C4%83m+ki%E1%BB%83m+to%C3%A1n+h%E1%BB%A3p+nh%E1%BA%A5t%22+2024+filetype%3Apdf,https://www.google.com/search?q=site%3Adanangport.com+%22CDN%22+%22b%C3%A1o+c%C3%A1o+t%C3%A0i+ch%C3%ADnh+n%C4%83m+ki%E1%BB%83m+to%C3%A1n+h%E1%BB%A3p+nh%E1%BA%A5t%22+2024+filetype%3Apdf
cdn,CDN,2024,governance,"""CDN"" ""báo cáo tình hình quản trị công ty cả năm"" 2024 filetype:pdf",https://www.google.com/search?q=%22CDN%22+%22b%C3%A1o+c%C3%A1o+t%C3%ACnh+h%C3%ACnh+qu%E1%BA%A3n+tr%E1%BB%8B+c%C3%B4ng+ty+c%E1%BA%A3+n%C4%83m%22+2024+filetype%3Apdf,https://www.google.com/search?q=site%3Adanangport.com+%22CDN%22+%22b%C3%A1o+c%C3%A1o+t%C3%ACnh+h%C3%ACnh+qu%E1%BA%A3n+tr%E1%BB%8B+c%C3%B4ng+ty+c%E1%BA%A3+n%C4%83m%22+2024+filetype%3Apdf
cdn,CDN,2024,environmental,"""CDN"" ""giấy phép môi trường quan trắc xử phạt môi trường"" 2024 filetype:pdf",https://www.google.com/search?q=%22CDN%22+%22gi%E1%BA%A5y+ph%C3%A9p+m%C3%B4i+tr%C6%B0%E1%BB%9Dng+quan+tr%E1%BA%AFc+x%E1%BB%AD+ph%E1%BA%A1t+m%C3%B4i+tr%C6%B0%E1%BB%9Dng%22+2024+filetype%3Apdf,https://www.google.com/search?q=site%3Adanangport.com+%22CDN%22+%22gi%E1%BA%A5y+ph%C3%A9p+m%C3%B4i+tr%C6%B0%E1%BB%9Dng+quan+tr%E1%BA%AFc+x%E1%BB%AD+ph%E1%BA%A1t+m%C3%B4i+tr%C6%B0%E1%BB%9Dng%22+2024+filetype%3Apdf
cdn,CDN,2025,annual,"""CDN"" ""báo cáo thường niên"" 2025 filetype:pdf",https://www.google.com/search?q=%22CDN%22+%22b%C3%A1o+c%C3%A1o+th%C6%B0%E1%BB%9Dng+ni%C3%AAn%22+2025+filetype%3Apdf,https://www.google.com/search?q=site%3Adanangport.com+%22CDN%22+%22b%C3%A1o+c%C3%A1o+th%C6%B0%E1%BB%9Dng+ni%C3%AAn%22+2025+filetype%3Apdf
cdn,CDN,2025,sustainability,"""CDN"" ""báo cáo phát triển bền vững ESG"" 2025 filetype:pdf",https://www.google.com/search?q=%22CDN%22+%22b%C3%A1o+c%C3%A1o+ph%C3%A1t+tri%E1%BB%83n+b%E1%BB%81n+v%E1%BB%AFng+ESG%22+2025+filetype%3Apdf,https://www.google.com/search?q=site%3Adanangport.com+%22CDN%22+%22b%C3%A1o+c%C3%A1o+ph%C3%A1t+tri%E1%BB%83n+b%E1%BB%81n+v%E1%BB%AFng+ESG%22+2025+filetype%3Apdf
cdn,CDN,2025,financial,"""CDN"" ""báo cáo tài chính năm kiểm toán hợp nhất"" 2025 filetype:pdf",https://www.google.com/search?q=%22CDN%22+%22b%C3%A1o+c%C3%A1o+t%C3%A0i+ch%C3%ADnh+n%C4%83m+ki%E1%BB%83m+to%C3%A1n+h%E1%BB%A3p+nh%E1%BA%A5t%22+2025+filetype%3Apdf,https://www.google.com/search?q=site%3Adanangport.com+%22CDN%22+%22b%C3%A1o+c%C3%A1o+t%C3%A0i+ch%C3%ADnh+n%C4%83m+ki%E1%BB%83m+to%C3%A1n+h%E1%BB%A3p+nh%E1%BA%A5t%22+2025+filetype%3Apdf
cdn,CDN,2025,governance,"""CDN"" ""báo cáo tình hình quản trị công ty cả năm"" 2025 filetype:pdf",https://www.google.com/search?q=%22CDN%22+%22b%C3%A1o+c%C3%A1o+t%C3%ACnh+h%C3%ACnh+qu%E1%BA%A3n+tr%E1%BB%8B+c%C3%B4ng+ty+c%E1%BA%A3+n%C4%83m%22+2025+filetype%3Apdf,https://www.google.com/search?q=site%3Adanangport.com+%22CDN%22+%22b%C3%A1o+c%C3%A1o+t%C3%ACnh+h%C3%ACnh+qu%E1%BA%A3n+tr%E1%BB%8B+c%C3%B4ng+ty+c%E1%BA%A3+n%C4%83m%22+2025+filetype%3Apdf
cdn,CDN,2025,environmental,"""CDN"" ""giấy phép môi trường quan trắc xử phạt môi trường"" 2025 filetype:pdf",https://www.google.com/search?q=%22CDN%22+%22gi%E1%BA%A5y+ph%C3%A9p+m%C3%B4i+tr%C6%B0%E1%BB%9Dng+quan+tr%E1%BA%AFc+x%E1%BB%AD+ph%E1%BA%A1t+m%C3%B4i+tr%C6%B0%E1%BB%9Dng%22+2025+filetype%3Apdf,https://www.google.com/search?q=site%3Adanangport.com+%22CDN%22+%22gi%E1%BA%A5y+ph%C3%A9p+m%C3%B4i+tr%C6%B0%E1%BB%9Dng+quan+tr%E1%BA%AFc+x%E1%BB%AD+ph%E1%BA%A1t+m%C3%B4i+tr%C6%B0%E1%BB%9Dng%22+2025+filetype%3Apdf
dmc,DMC,2021,annual,"""DMC"" ""báo cáo thường niên"" 2021 filetype:pdf",https://www.google.com/search?q=%22DMC%22+%22b%C3%A1o+c%C3%A1o+th%C6%B0%E1%BB%9Dng+ni%C3%AAn%22+2021+filetype%3Apdf,https://www.google.com/search?q=site%3Adomesco.com+%22DMC%22+%22b%C3%A1o+c%C3%A1o+th%C6%B0%E1%BB%9Dng+ni%C3%AAn%22+2021+filetype%3Apdf
dmc,DMC,2021,sustainability,"""DMC"" ""báo cáo phát triển bền vững ESG"" 2021 filetype:pdf",https://www.google.com/search?q=%22DMC%22+%22b%C3%A1o+c%C3%A1o+ph%C3%A1t+tri%E1%BB%83n+b%E1%BB%81n+v%E1%BB%AFng+ESG%22+2021+filetype%3Apdf,https://www.google.com/search?q=site%3Adomesco.com+%22DMC%22+%22b%C3%A1o+c%C3%A1o+ph%C3%A1t+tri%E1%BB%83n+b%E1%BB%81n+v%E1%BB%AFng+ESG%22+2021+filetype%3Apdf
dmc,DMC,2021,financial,"""DMC"" ""báo cáo tài chính năm kiểm toán hợp nhất"" 2021 filetype:pdf",https://www.google.com/search?q=%22DMC%22+%22b%C3%A1o+c%C3%A1o+t%C3%A0i+ch%C3%ADnh+n%C4%83m+ki%E1%BB%83m+to%C3%A1n+h%E1%BB%A3p+nh%E1%BA%A5t%22+2021+filetype%3Apdf,https://www.google.com/search?q=site%3Adomesco.com+%22DMC%22+%22b%C3%A1o+c%C3%A1o+t%C3%A0i+ch%C3%ADnh+n%C4%83m+ki%E1%BB%83m+to%C3%A1n+h%E1%BB%A3p+nh%E1%BA%A5t%22+2021+filetype%3Apdf
dmc,DMC,2021,governance,"""DMC"" ""báo cáo tình hình quản trị công ty cả năm"" 2021 filetype:pdf",https://www.google.com/search?q=%22DMC%22+%22b%C3%A1o+c%C3%A1o+t%C3%ACnh+h%C3%ACnh+qu%E1%BA%A3n+tr%E1%BB%8B+c%C3%B4ng+ty+c%E1%BA%A3+n%C4%83m%22+2021+filetype%3Apdf,https://www.google.com/search?q=site%3Adomesco.com+%22DMC%22+%22b%C3%A1o+c%C3%A1o+t%C3%ACnh+h%C3%ACnh+qu%E1%BA%A3n+tr%E1%BB%8B+c%C3%B4ng+ty+c%E1%BA%A3+n%C4%83m%22+2021+filetype%3Apdf
dmc,DMC,2021,environmental,"""DMC"" ""giấy phép môi trường quan trắc xử phạt môi trường"" 2021 filetype:pdf",https://www.google.com/search?q=%22DMC%22+%22gi%E1%BA%A5y+ph%C3%A9p+m%C3%B4i+tr%C6%B0%E1%BB%9Dng+quan+tr%E1%BA%AFc+x%E1%BB%AD+ph%E1%BA%A1t+m%C3%B4i+tr%C6%B0%E1%BB%9Dng%22+2021+filetype%3Apdf,https://www.google.com/search?q=site%3Adomesco.com+%22DMC%22+%22gi%E1%BA%A5y+ph%C3%A9p+m%C3%B4i+tr%C6%B0%E1%BB%9Dng+quan+tr%E1%BA%AFc+x%E1%BB%AD+ph%E1%BA%A1t+m%C3%B4i+tr%C6%B0%E1%BB%9Dng%22+2021+filetype%3Apdf
dmc,DMC,2022,annual,"""DMC"" ""báo cáo thường niên"" 2022 filetype:pdf",https://www.google.com/search?q=%22DMC%22+%22b%C3%A1o+c%C3%A1o+th%C6%B0%E1%BB%9Dng+ni%C3%AAn%22+2022+filetype%3Apdf,https://www.google.com/search?q=site%3Adomesco.com+%22DMC%22+%22b%C3%A1o+c%C3%A1o+th%C6%B0%E1%BB%9Dng+ni%C3%AAn%22+2022+filetype%3Apdf
dmc,DMC,2022,sustainability,"""DMC"" ""báo cáo phát triển bền vững ESG"" 2022 filetype:pdf",https://www.google.com/search?q=%22DMC%22+%22b%C3%A1o+c%C3%A1o+ph%C3%A1t+tri%E1%BB%83n+b%E1%BB%81n+v%E1%BB%AFng+ESG%22+2022+filetype%3Apdf,https://www.google.com/search?q=site%3Adomesco.com+%22DMC%22+%22b%C3%A1o+c%C3%A1o+ph%C3%A1t+tri%E1%BB%83n+b%E1%BB%81n+v%E1%BB%AFng+ESG%22+2022+filetype%3Apdf
dmc,DMC,2022,financial,"""DMC"" ""báo cáo tài chính năm kiểm toán hợp nhất"" 2022 filetype:pdf",https://www.google.com/search?q=%22DMC%22+%22b%C3%A1o+c%C3%A1o+t%C3%A0i+ch%C3%ADnh+n%C4%83m+ki%E1%BB%83m+to%C3%A1n+h%E1%BB%A3p+nh%E1%BA%A5t%22+2022+filetype%3Apdf,https://www.google.com/search?q=site%3Adomesco.com+%22DMC%22+%22b%C3%A1o+c%C3%A1o+t%C3%A0i+ch%C3%ADnh+n%C4%83m+ki%E1%BB%83m+to%C3%A1n+h%E1%BB%A3p+nh%E1%BA%A5t%22+2022+filetype%3Apdf
dmc,DMC,2022,governance,"""DMC"" ""báo cáo tình hình quản trị công ty cả năm"" 2022 filetype:pdf",https://www.google.com/search?q=%22DMC%22+%22b%C3%A1o+c%C3%A1o+t%C3%ACnh+h%C3%ACnh+qu%E1%BA%A3n+tr%E1%BB%8B+c%C3%B4ng+ty+c%E1%BA%A3+n%C4%83m%22+2022+filetype%3Apdf,https://www.google.com/search?q=site%3Adomesco.com+%22DMC%22+%22b%C3%A1o+c%C3%A1o+t%C3%ACnh+h%C3%ACnh+qu%E1%BA%A3n+tr%E1%BB%8B+c%C3%B4ng+ty+c%E1%BA%A3+n%C4%83m%22+2022+filetype%3Apdf
dmc,DMC,2022,environmental,"""DMC"" ""giấy phép môi trường quan trắc xử phạt môi trường"" 2022 filetype:pdf",https://www.google.com/search?q=%22DMC%22+%22gi%E1%BA%A5y+ph%C3%A9p+m%C3%B4i+tr%C6%B0%E1%BB%9Dng+quan+tr%E1%BA%AFc+x%E1%BB%AD+ph%E1%BA%A1t+m%C3%B4i+tr%C6%B0%E1%BB%9Dng%22+2022+filetype%3Apdf,https://www.google.com/search?q=site%3Adomesco.com+%22DMC%22+%22gi%E1%BA%A5y+ph%C3%A9p+m%C3%B4i+tr%C6%B0%E1%BB%9Dng+quan+tr%E1%BA%AFc+x%E1%BB%AD+ph%E1%BA%A1t+m%C3%B4i+tr%C6%B0%E1%BB%9Dng%22+2022+filetype%3Apdf
dmc,DMC,2023,annual,"""DMC"" ""báo cáo thường niên"" 2023 filetype:pdf",https://www.google.com/search?q=%22DMC%22+%22b%C3%A1o+c%C3%A1o+th%C6%B0%E1%BB%9Dng+ni%C3%AAn%22+2023+filetype%3Apdf,https://www.google.com/search?q=site%3Adomesco.com+%22DMC%22+%22b%C3%A1o+c%C3%A1o+th%C6%B0%E1%BB%9Dng+ni%C3%AAn%22+2023+filetype%3Apdf
dmc,DMC,2023,sustainability,"""DMC"" ""báo cáo phát triển bền vững ESG"" 2023 filetype:pdf",https://www.google.com/search?q=%22DMC%22+%22b%C3%A1o+c%C3%A1o+ph%C3%A1t+tri%E1%BB%83n+b%E1%BB%81n+v%E1%BB%AFng+ESG%22+2023+filetype%3Apdf,https://www.google.com/search?q=site%3Adomesco.com+%22DMC%22+%22b%C3%A1o+c%C3%A1o+ph%C3%A1t+tri%E1%BB%83n+b%E1%BB%81n+v%E1%BB%AFng+ESG%22+2023+filetype%3Apdf
dmc,DMC,2023,financial,"""DMC"" ""báo cáo tài chính năm kiểm toán hợp nhất"" 2023 filetype:pdf",https://www.google.com/search?q=%22DMC%22+%22b%C3%A1o+c%C3%A1o+t%C3%A0i+ch%C3%ADnh+n%C4%83m+ki%E1%BB%83m+to%C3%A1n+h%E1%BB%A3p+nh%E1%BA%A5t%22+2023+filetype%3Apdf,https://www.google.com/search?q=site%3Adomesco.com+%22DMC%22+%22b%C3%A1o+c%C3%A1o+t%C3%A0i+ch%C3%ADnh+n%C4%83m+ki%E1%BB%83m+to%C3%A1n+h%E1%BB%A3p+nh%E1%BA%A5t%22+2023+filetype%3Apdf
dmc,DMC,2023,governance,"""DMC"" ""báo cáo tình hình quản trị công ty cả năm"" 2023 filetype:pdf",https://www.google.com/search?q=%22DMC%22+%22b%C3%A1o+c%C3%A1o+t%C3%ACnh+h%C3%ACnh+qu%E1%BA%A3n+tr%E1%BB%8B+c%C3%B4ng+ty+c%E1%BA%A3+n%C4%83m%22+2023+filetype%3Apdf,https://www.google.com/search?q=site%3Adomesco.com+%22DMC%22+%22b%C3%A1o+c%C3%A1o+t%C3%ACnh+h%C3%ACnh+qu%E1%BA%A3n+tr%E1%BB%8B+c%C3%B4ng+ty+c%E1%BA%A3+n%C4%83m%22+2023+filetype%3Apdf
dmc,DMC,2023,environmental,"""DMC"" ""giấy phép môi trường quan trắc xử phạt môi trường"" 2023 filetype:pdf",https://www.google.com/search?q=%22DMC%22+%22gi%E1%BA%A5y+ph%C3%A9p+m%C3%B4i+tr%C6%B0%E1%BB%9Dng+quan+tr%E1%BA%AFc+x%E1%BB%AD+ph%E1%BA%A1t+m%C3%B4i+tr%C6%B0%E1%BB%9Dng%22+2023+filetype%3Apdf,https://www.google.com/search?q=site%3Adomesco.com+%22DMC%22+%22gi%E1%BA%A5y+ph%C3%A9p+m%C3%B4i+tr%C6%B0%E1%BB%9Dng+quan+tr%E1%BA%AFc+x%E1%BB%AD+ph%E1%BA%A1t+m%C3%B4i+tr%C6%B0%E1%BB%9Dng%22+2023+filetype%3Apdf
dmc,DMC,2024,annual,"""DMC"" ""báo cáo thường niên"" 2024 filetype:pdf",https://www.google.com/search?q=%22DMC%22+%22b%C3%A1o+c%C3%A1o+th%C6%B0%E1%BB%9Dng+ni%C3%AAn%22+2024+filetype%3Apdf,https://www.google.com/search?q=site%3Adomesco.com+%22DMC%22+%22b%C3%A1o+c%C3%A1o+th%C6%B0%E1%BB%9Dng+ni%C3%AAn%22+2024+filetype%3Apdf
dmc,DMC,2024,sustainability,"""DMC"" ""báo cáo phát triển bền vững ESG"" 2024 filetype:pdf",https://www.google.com/search?q=%22DMC%22+%22b%C3%A1o+c%C3%A1o+ph%C3%A1t+tri%E1%BB%83n+b%E1%BB%81n+v%E1%BB%AFng+ESG%22+2024+filetype%3Apdf,https://www.google.com/search?q=site%3Adomesco.com+%22DMC%22+%22b%C3%A1o+c%C3%A1o+ph%C3%A1t+tri%E1%BB%83n+b%E1%BB%81n+v%E1%BB%AFng+ESG%22+2024+filetype%3Apdf
dmc,DMC,2024,financial,"""DMC"" ""báo cáo tài chính năm kiểm toán hợp nhất"" 2024 filetype:pdf",https://www.google.com/search?q=%22DMC%22+%22b%C3%A1o+c%C3%A1o+t%C3%A0i+ch%C3%ADnh+n%C4%83m+ki%E1%BB%83m+to%C3%A1n+h%E1%BB%A3p+nh%E1%BA%A5t%22+2024+filetype%3Apdf,https://www.google.com/search?q=site%3Adomesco.com+%22DMC%22+%22b%C3%A1o+c%C3%A1o+t%C3%A0i+ch%C3%ADnh+n%C4%83m+ki%E1%BB%83m+to%C3%A1n+h%E1%BB%A3p+nh%E1%BA%A5t%22+2024+filetype%3Apdf
dmc,DMC,2024,governance,"""DMC"" ""báo cáo tình hình quản trị công ty cả năm"" 2024 filetype:pdf",https://www.google.com/search?q=%22DMC%22+%22b%C3%A1o+c%C3%A1o+t%C3%ACnh+h%C3%ACnh+qu%E1%BA%A3n+tr%E1%BB%8B+c%C3%B4ng+ty+c%E1%BA%A3+n%C4%83m%22+2024+filetype%3Apdf,https://www.google.com/search?q=site%3Adomesco.com+%22DMC%22+%22b%C3%A1o+c%C3%A1o+t%C3%ACnh+h%C3%ACnh+qu%E1%BA%A3n+tr%E1%BB%8B+c%C3%B4ng+ty+c%E1%BA%A3+n%C4%83m%22+2024+filetype%3Apdf
dmc,DMC,2024,environmental,"""DMC"" ""giấy phép môi trường quan trắc xử phạt môi trường"" 2024 filetype:pdf",https://www.google.com/search?q=%22DMC%22+%22gi%E1%BA%A5y+ph%C3%A9p+m%C3%B4i+tr%C6%B0%E1%BB%9Dng+quan+tr%E1%BA%AFc+x%E1%BB%AD+ph%E1%BA%A1t+m%C3%B4i+tr%C6%B0%E1%BB%9Dng%22+2024+filetype%3Apdf,https://www.google.com/search?q=site%3Adomesco.com+%22DMC%22+%22gi%E1%BA%A5y+ph%C3%A9p+m%C3%B4i+tr%C6%B0%E1%BB%9Dng+quan+tr%E1%BA%AFc+x%E1%BB%AD+ph%E1%BA%A1t+m%C3%B4i+tr%C6%B0%E1%BB%9Dng%22+2024+filetype%3Apdf
dmc,DMC,2025,annual,"""DMC"" ""báo cáo thường niên"" 2025 filetype:pdf",https://www.google.com/search?q=%22DMC%22+%22b%C3%A1o+c%C3%A1o+th%C6%B0%E1%BB%9Dng+ni%C3%AAn%22+2025+filetype%3Apdf,https://www.google.com/search?q=site%3Adomesco.com+%22DMC%22+%22b%C3%A1o+c%C3%A1o+th%C6%B0%E1%BB%9Dng+ni%C3%AAn%22+2025+filetype%3Apdf
dmc,DMC,2025,sustainability,"""DMC"" ""báo cáo phát triển bền vững ESG"" 2025 filetype:pdf",https://www.google.com/search?q=%22DMC%22+%22b%C3%A1o+c%C3%A1o+ph%C3%A1t+tri%E1%BB%83n+b%E1%BB%81n+v%E1%BB%AFng+ESG%22+2025+filetype%3Apdf,https://www.google.com/search?q=site%3Adomesco.com+%22DMC%22+%22b%C3%A1o+c%C3%A1o+ph%C3%A1t+tri%E1%BB%83n+b%E1%BB%81n+v%E1%BB%AFng+ESG%22+2025+filetype%3Apdf
dmc,DMC,2025,financial,"""DMC"" ""báo cáo tài chính năm kiểm toán hợp nhất"" 2025 filetype:pdf",https://www.google.com/search?q=%22DMC%22+%22b%C3%A1o+c%C3%A1o+t%C3%A0i+ch%C3%ADnh+n%C4%83m+ki%E1%BB%83m+to%C3%A1n+h%E1%BB%A3p+nh%E1%BA%A5t%22+2025+filetype%3Apdf,https://www.google.com/search?q=site%3Adomesco.com+%22DMC%22+%22b%C3%A1o+c%C3%A1o+t%C3%A0i+ch%C3%ADnh+n%C4%83m+ki%E1%BB%83m+to%C3%A1n+h%E1%BB%A3p+nh%E1%BA%A5t%22+2025+filetype%3Apdf
dmc,DMC,2025,governance,"""DMC"" ""báo cáo tình hình quản trị công ty cả năm"" 2025 filetype:pdf",https://www.google.com/search?q=%22DMC%22+%22b%C3%A1o+c%C3%A1o+t%C3%ACnh+h%C3%ACnh+qu%E1%BA%A3n+tr%E1%BB%8B+c%C3%B4ng+ty+c%E1%BA%A3+n%C4%83m%22+2025+filetype%3Apdf,https://www.google.com/search?q=site%3Adomesco.com+%22DMC%22+%22b%C3%A1o+c%C3%A1o+t%C3%ACnh+h%C3%ACnh+qu%E1%BA%A3n+tr%E1%BB%8B+c%C3%B4ng+ty+c%E1%BA%A3+n%C4%83m%22+2025+filetype%3Apdf
dmc,DMC,2025,environmental,"""DMC"" ""giấy phép môi trường quan trắc xử phạt môi trường"" 2025 filetype:pdf",https://www.google.com/search?q=%22DMC%22+%22gi%E1%BA%A5y+ph%C3%A9p+m%C3%B4i+tr%C6%B0%E1%BB%9Dng+quan+tr%E1%BA%AFc+x%E1%BB%AD+ph%E1%BA%A1t+m%C3%B4i+tr%C6%B0%E1%BB%9Dng%22+2025+filetype%3Apdf,https://www.google.com/search?q=site%3Adomesco.com+%22DMC%22+%22gi%E1%BA%A5y+ph%C3%A9p+m%C3%B4i+tr%C6%B0%E1%BB%9Dng+quan+tr%E1%BA%AFc+x%E1%BB%AD+ph%E1%BA%A1t+m%C3%B4i+tr%C6%B0%E1%BB%9Dng%22+2025+filetype%3Apdf
